date,property_id,property_type,submarket,building_sf,year_built,occupancy,noi,market_rent,in_place_rent,going_in_cap,opex_ratio,walt,tenant_concentration,capex_need,property_quality,units,primary_risk,employment_density,treasury_rate,market_vacancy,transaction_cap_rate,transaction_price,noi_growth_realized,next_year_noi,next_year_cap_rate,next_year_value
2019-06-30,OC-INDU-01,Industrial,Anaheim,97192,1990,0.961,0.9432,1.448,1.402,0.0573,0.407,5.7,0.228,0.3382,0.749,,Market / Lease-up Risk,950.98,0.042,0.060962153588949505,0.0573,16.4607,0.01249,0.955,0.0551,17.3317
2019-06-30,OC-INDU-05,Industrial,Irvine,164933,1955,0.954,1.3878,1.207,1.238,0.053,0.359,5.5,0.111,0.8997,0.068,,Market / Lease-up Risk,1393.94,0.042,0.04722390297892176,0.053,26.1849,0.03573,1.4374,0.05361,26.8121
2019-06-30,OC-INDU-09,Industrial,Newport Beach,179905,1975,0.935,2.1838,1.798,1.822,0.0537,0.386,3.6,0.032,0.5547,0.539,,Market / Lease-up Risk,5400.0,0.042,0.04008854860744674,0.0537,40.6667,0.04847,2.2896,0.05467,41.8775
2019-06-30,OC-INDU-101,Industrial,Santa Ana,210692,1992,0.952,2.2713,1.646,1.69,0.0546,0.415,4.4,0.344,0.7144,0.767,,Market / Lease-up Risk,2296.3,0.042,0.07957995391192402,0.0546,41.5989,0.0167,2.3092,0.05461,42.2822
2019-06-30,OC-INDU-105,Industrial,Costa Mesa,192367,1972,0.963,2.4857,1.778,1.801,0.0554,0.338,4.9,0.293,1.5233,0.437,,Market / Lease-up Risk,3250.0,0.042,0.0786408684471479,0.0554,44.8682,0.03102,2.5628,0.05375,47.6812
2019-06-30,OC-INDU-109,Industrial,Fullerton,132203,1971,0.951,1.593,1.868,1.939,0.0506,0.405,7.7,0.101,0.3294,0.325,,Market / Lease-up Risk,1500.0,0.042,0.04830816859121879,0.0506,31.4822,0.03698,1.6519,0.05548,29.775
2019-06-30,OC-INDU-113,Industrial,Anaheim,146234,1958,0.951,1.6729,1.747,1.69,0.0561,0.396,8.0,0.007,0.7524,0.319,,Market / Lease-up Risk,950.98,0.042,0.055697396416027105,0.0561,29.82,0.05204,1.76,0.05565,31.6266
2019-06-30,OC-INDU-117,Industrial,Irvine,210866,1958,0.942,1.3415,0.954,0.958,0.0525,0.379,7.2,0.897,0.7594,0.216,,Market / Lease-up Risk,1393.94,0.042,0.06099111083534431,0.0525,25.5524,0.05739,1.4185,0.05468,25.9432
2019-06-30,OC-INDU-121,Industrial,Newport Beach,168628,1966,0.944,1.3949,1.314,1.264,0.0546,0.415,2.8,0.162,0.8473,0.352,,Market / Lease-up Risk,5400.0,0.042,0.05663398575282891,0.0546,25.5476,0.02077,1.4239,0.05518,25.8023
2019-06-30,OC-INDU-125,Industrial,Orange,90958,1969,0.936,1.1115,1.643,1.632,0.0591,0.303,5.8,0.39,0.1999,0.325,,Market / Lease-up Risk,1148.15,0.042,0.04482485220784753,0.0591,18.8071,0.05679,1.1746,0.05499,21.362
2019-06-30,OC-INDU-129,Industrial,Santa Ana,99200,1984,0.934,0.8795,1.444,1.484,0.0513,0.441,3.2,0.009,0.2218,0.69,,Market / Lease-up Risk,2296.3,0.042,0.04879758494100379,0.0513,17.1442,0.00813,0.8866,0.05425,16.3431
2019-06-30,OC-INDU-13,Industrial,Orange,199382,1983,0.961,1.491,1.135,1.092,0.0567,0.417,6.2,0.447,0.6267,0.7,,Market / Lease-up Risk,1148.15,0.042,0.056623648042028796,0.0567,26.2963,0.04877,1.5637,0.05578,28.0316
2019-06-30,OC-INDU-133,Industrial,Costa Mesa,103625,1983,0.993,0.9804,1.235,1.19,0.0586,0.344,6.6,0.704,0.1982,0.598,,Market / Lease-up Risk,3250.0,0.042,0.05018361781228087,0.0586,16.7304,0.03272,1.0125,0.05489,18.4455
2019-06-30,OC-INDU-137,Industrial,Fullerton,215352,1960,0.987,2.0954,1.547,1.586,0.057,0.441,4.6,0.671,0.8023,0.233,,Market / Lease-up Risk,1500.0,0.042,0.06671860271455506,0.057,36.7614,0.04242,2.1843,0.05468,39.9431
2019-06-30,OC-INDU-141,Industrial,Anaheim,89479,1974,0.96,0.6759,1.199,1.231,0.0525,0.442,7.4,0.106,0.4485,0.507,,Market / Lease-up Risk,950.98,0.042,0.04230009339609785,0.0525,12.8743,0.01966,0.6892,0.05492,12.549
2019-06-30,OC-INDU-145,Industrial,Irvine,149330,1963,0.99,2.2129,1.951,1.875,0.0512,0.327,2.1,0.348,0.4372,0.323,,Market / Lease-up Risk,1393.94,0.042,0.055488222560129315,0.0512,43.2207,-0.00597,2.1997,0.05464,40.2614
2019-06-30,OC-INDU-149,Industrial,Newport Beach,68664,1973,0.971,0.85,1.673,1.735,0.0502,0.352,7.5,0.109,0.2232,0.589,,Market / Lease-up Risk,5400.0,0.042,0.045577592077744165,0.0502,16.9323,0.03537,0.8801,0.05432,16.2007
2019-06-30,OC-INDU-153,Industrial,Orange,150265,1996,0.94,1.4521,1.55,1.518,0.0514,0.436,4.6,0.183,0.9133,0.805,,Market / Lease-up Risk,1148.15,0.042,0.03807583055028073,0.0514,28.251,0.03958,1.5096,0.05594,26.9865
2019-06-30,OC-INDU-157,Industrial,Santa Ana,149658,1978,0.989,1.8283,1.631,1.617,0.0493,0.356,3.2,0.06,1.2516,0.678,,Market / Lease-up Risk,2296.3,0.042,0.06713969288480011,0.0493,37.0852,0.02929,1.8818,0.05456,34.4943
2019-06-30,OC-INDU-161,Industrial,Costa Mesa,160892,1960,0.984,1.7785,1.547,1.486,0.0499,0.363,5.5,0.089,0.5458,0.343,,Market / Lease-up Risk,3250.0,0.042,0.07151771054557704,0.0499,35.6413,0.03292,1.837,0.05598,32.8166
2019-06-30,OC-INDU-165,Industrial,Fullerton,118937,1987,0.998,1.1154,1.373,1.406,0.0561,0.418,3.4,0.162,0.5837,0.631,,Market / Lease-up Risk,1500.0,0.042,0.06441789266445637,0.0561,19.8824,0.03385,1.1532,0.05459,21.1255
2019-06-30,OC-INDU-169,Industrial,Anaheim,172311,1974,0.985,1.6138,1.471,1.448,0.0513,0.433,7.2,0.096,0.9758,0.487,,Market / Lease-up Risk,950.98,0.042,0.04654134380598931,0.0513,31.4581,0.04009,1.6785,0.0546,30.7422
2019-06-30,OC-INDU-17,Industrial,Santa Ana,189238,1973,0.935,2.1953,1.644,1.582,0.0564,0.338,6.9,0.026,0.4677,0.358,,Market / Lease-up Risk,2296.3,0.042,0.048364546490566034,0.0564,38.9238,0.02728,2.2552,0.05493,41.058
2019-06-30,OC-INDU-173,Industrial,Irvine,120534,1965,0.986,1.3519,1.547,1.493,0.0528,0.355,3.4,0.138,0.7976,0.306,,Market / Lease-up Risk,1393.94,0.042,0.057623318933894246,0.0528,25.6042,0.02042,1.3795,0.05507,25.051
2019-06-30,OC-INDU-177,Industrial,Newport Beach,65915,1966,0.987,0.7607,1.718,1.771,0.055,0.403,5.2,0.061,0.1533,0.272,,Market / Lease-up Risk,5400.0,0.042,0.06641493817394199,0.055,13.8309,0.03447,0.7869,0.05478,14.3652
2019-06-30,OC-INDU-181,Industrial,Orange,125927,1955,0.956,1.4636,1.566,1.555,0.0507,0.319,3.8,0.013,0.536,0.229,,Market / Lease-up Risk,1148.15,0.042,0.04406598519012479,0.0507,28.8679,0.02633,1.5021,0.05484,27.3907
2019-06-30,OC-INDU-185,Industrial,Santa Ana,178171,1976,0.984,1.6227,1.431,1.402,0.0558,0.45,6.0,0.454,0.9672,0.526,,Market / Lease-up Risk,2296.3,0.042,0.061693284514438444,0.0558,29.0806,0.03994,1.6875,0.05515,30.5962
2019-06-30,OC-INDU-189,Industrial,Costa Mesa,168455,1964,0.963,1.9262,1.571,1.523,0.0549,0.337,2.2,0.215,0.422,0.449,,Market / Lease-up Risk,3250.0,0.042,0.0672524457326676,0.0549,35.0856,0.02047,1.9656,0.05553,35.4006
2019-06-30,OC-INDU-193,Industrial,Fullerton,70715,1972,0.975,0.7988,1.626,1.618,0.0539,0.375,6.9,0.437,0.4483,0.409,,Market / Lease-up Risk,1500.0,0.042,0.06172767286775682,0.0539,14.82,0.01651,0.812,0.05474,14.833
2019-06-30,OC-INDU-197,Industrial,Anaheim,199950,1981,0.962,2.2197,1.606,1.659,0.0496,0.389,4.5,0.195,0.2367,0.581,,Market / Lease-up Risk,950.98,0.042,0.06253881862380288,0.0496,44.752,0.01639,2.2561,0.05424,41.5914
2019-06-30,OC-INDU-201,Industrial,Irvine,90274,1955,0.956,0.8127,1.328,1.36,0.0534,0.378,2.0,0.554,0.1124,0.262,,Market / Lease-up Risk,1393.94,0.042,0.06790312811646575,0.0534,15.2191,0.00565,0.8173,0.05529,14.7823
2019-06-30,OC-INDU-205,Industrial,Newport Beach,140881,1970,0.977,1.9022,1.834,1.866,0.0561,0.339,3.2,0.095,0.6236,0.467,,Market / Lease-up Risk,5400.0,0.042,0.027607729955329466,0.0561,33.9073,0.03259,1.9642,0.05505,35.6784
2019-06-30,OC-INDU-209,Industrial,Orange,93943,1970,0.97,1.1192,1.823,1.783,0.059,0.409,7.9,0.515,0.6238,0.441,,Market / Lease-up Risk,1148.15,0.042,0.06110906261319256,0.059,18.9695,0.02912,1.1518,0.0545,21.1329
2019-06-30,OC-INDU-21,Industrial,Costa Mesa,134831,1986,0.976,1.5642,1.625,1.633,0.051,0.378,4.3,0.136,0.512,0.81,,Market / Lease-up Risk,3250.0,0.042,0.044291163477805026,0.051,30.6706,0.04664,1.6372,0.05471,29.9219
2019-06-30,OC-INDU-213,Industrial,Santa Ana,191985,1955,0.975,2.0821,1.539,1.577,0.0582,0.366,4.5,0.594,0.9436,0.065,,Market / Lease-up Risk,2296.3,0.042,0.046048489195419526,0.0582,35.7749,0.02905,2.1426,0.05558,38.5487
2019-06-30,OC-INDU-217,Industrial,Costa Mesa,186946,1976,0.992,1.6163,1.254,1.254,0.0555,0.409,3.2,0.605,0.7307,0.559,,Market / Lease-up Risk,3250.0,0.042,0.060402978958239144,0.0555,29.1225,0.05352,1.7028,0.05465,31.1558
2019-06-30,OC-INDU-221,Industrial,Fullerton,182655,1955,0.996,1.7142,1.445,1.434,0.059,0.428,7.2,0.494,0.5982,0.127,,Market / Lease-up Risk,1500.0,0.042,0.061959047975872664,0.059,29.0542,0.01904,1.7468,0.05424,32.2032
2019-06-30,OC-INDU-225,Industrial,Anaheim,124936,1963,0.989,1.1199,1.268,1.316,0.0547,0.373,5.9,0.314,0.4188,0.436,,Market / Lease-up Risk,950.98,0.042,0.06276639241672524,0.0547,20.4735,0.02332,1.146,0.05657,20.2568
2019-06-30,OC-INDU-229,Industrial,Irvine,217129,1960,0.949,2.2431,1.523,1.547,0.0552,0.373,3.9,0.005,1.3571,0.356,,Market / Lease-up Risk,1393.94,0.042,0.05309417308598308,0.0552,40.6359,0.03558,2.3229,0.05505,42.1952
2019-06-30,OC-INDU-233,Industrial,Newport Beach,143528,1984,0.948,1.7042,1.604,1.666,0.0531,0.336,4.1,0.408,0.2883,0.613,,Market / Lease-up Risk,5400.0,0.042,0.04419768100249166,0.0531,32.0942,0.02176,1.7413,0.05498,31.6698
2019-06-30,OC-INDU-237,Industrial,Orange,60122,1984,0.969,0.6883,1.56,1.564,0.0531,0.356,2.6,0.279,0.1428,0.694,,Market / Lease-up Risk,1148.15,0.042,0.056452480358042616,0.0531,12.9623,0.03762,0.7142,0.05599,12.7557
2019-06-30,OC-INDU-241,Industrial,Santa Ana,74941,1989,0.99,1.0287,1.8,1.871,0.0578,0.345,2.1,0.703,0.1545,0.773,,Market / Lease-up Risk,2296.3,0.042,0.05701299236149478,0.0578,17.7976,0.05608,1.0864,0.05505,19.7343
2019-06-30,OC-INDU-245,Industrial,Costa Mesa,156585,1955,0.955,1.4469,1.223,1.175,0.0547,0.306,7.5,0.641,0.4019,0.029,,Market / Lease-up Risk,3250.0,0.042,0.05962972954035964,0.0547,26.4516,0.02518,1.4833,0.05526,26.8422
2019-06-30,OC-INDU-249,Industrial,Fullerton,181134,1968,0.971,1.8822,1.442,1.481,0.0499,0.349,5.9,0.152,0.8825,0.496,,Market / Lease-up Risk,1500.0,0.042,0.05804638704048424,0.0499,37.7194,0.03102,1.9406,0.05523,35.1342
2019-06-30,OC-INDU-25,Industrial,Fullerton,65571,1956,0.934,0.7813,1.653,1.666,0.0534,0.323,4.3,0.771,0.1043,0.271,,Market / Lease-up Risk,1500.0,0.042,0.04950076439595269,0.0534,14.6311,0.01459,0.7927,0.05541,14.3065
2019-06-30,OC-INDU-253,Industrial,Anaheim,109240,1981,0.934,0.9345,1.32,1.312,0.0501,0.41,3.9,0.261,0.2066,0.576,,Market / Lease-up Risk,950.98,0.042,0.0601322184571435,0.0501,18.6527,0.03905,0.971,0.05589,17.3718
2019-06-30,OC-INDU-257,Industrial,Irvine,125044,1957,0.967,1.1424,1.25,1.267,0.0569,0.337,6.6,0.018,0.3206,0.319,,Market / Lease-up Risk,1393.94,0.042,0.05705981831794345,0.0569,20.0773,0.02205,1.1676,0.05565,20.9824
2019-06-30,OC-INDU-261,Industrial,Newport Beach,70751,1962,0.986,0.8684,1.652,1.655,0.0529,0.339,3.2,0.05,0.5285,0.353,,Market / Lease-up Risk,5400.0,0.042,0.05134510796558337,0.0529,16.4159,0.05112,0.9128,0.05523,16.5282
2019-06-30,OC-INDU-265,Industrial,Orange,90782,1955,0.971,0.9352,1.599,1.607,0.0575,0.418,5.6,0.32,0.2235,0.127,,Market / Lease-up Risk,1148.15,0.042,0.052515747562047285,0.0575,16.2643,0.00462,0.9395,0.05476,17.158
2019-06-30,OC-INDU-269,Industrial,Santa Ana,71780,1960,0.939,0.9296,1.942,1.908,0.0553,0.377,5.0,0.203,0.2387,0.319,,Market / Lease-up Risk,2296.3,0.042,0.07371380452011295,0.0553,16.8101,0.06072,0.986,0.05539,17.8004
2019-06-30,OC-INDU-273,Industrial,Costa Mesa,155666,1978,0.982,1.2136,1.212,1.217,0.0524,0.443,7.0,0.105,0.5889,0.503,,Market / Lease-up Risk,3250.0,0.042,0.037979956859215486,0.0524,23.1603,0.04078,1.2631,0.05555,22.7367
2019-06-30,OC-INDU-277,Industrial,Fullerton,118961,1955,0.972,1.3149,1.747,1.796,0.0552,0.429,4.6,0.351,0.1971,0.127,,Market / Lease-up Risk,1500.0,0.042,0.05616167925983333,0.0552,23.8207,0.02278,1.3448,0.05527,24.3306
2019-06-30,OC-INDU-281,Industrial,Anaheim,72983,1988,0.951,0.9434,1.675,1.622,0.0488,0.31,4.3,0.592,0.3825,0.717,,Market / Lease-up Risk,950.98,0.042,0.06023915560702109,0.0488,19.332,0.02093,0.9631,0.05519,17.4512
2019-06-30,OC-INDU-285,Industrial,Irvine,141177,1980,0.937,1.302,1.27,1.279,0.0581,0.341,6.0,0.073,0.4997,0.519,,Market / Lease-up Risk,1393.94,0.042,0.05336176985125975,0.0581,22.4096,0.01118,1.3166,0.05475,24.0447
2019-06-30,OC-INDU-289,Industrial,Newport Beach,202103,1975,0.998,1.9734,1.403,1.407,0.0535,0.407,3.7,0.1,1.1536,0.521,,Market / Lease-up Risk,5400.0,0.042,0.05765779413632384,0.0535,36.886,0.04878,2.0697,0.05501,37.6236
2019-06-30,OC-INDU-29,Industrial,Anaheim,61951,1955,0.991,0.7327,1.591,1.58,0.0564,0.342,6.3,0.686,0.2857,0.16,,Market / Lease-up Risk,950.98,0.042,0.07053432551818478,0.0564,12.9911,0.05216,0.7709,0.05433,14.1896
2019-06-30,OC-INDU-293,Industrial,Orange,120401,1955,0.969,1.1504,1.272,1.295,0.0552,0.32,6.4,0.062,0.5037,0.248,,Market / Lease-up Risk,1148.15,0.042,0.0748034275728082,0.0552,20.8406,0.0276,1.1822,0.05512,21.4486
2019-06-30,OC-INDU-297,Industrial,Santa Ana,116157,1956,0.939,1.2107,1.656,1.712,0.0561,0.412,7.9,0.122,0.4948,0.043,,Market / Lease-up Risk,2296.3,0.042,0.05227622438646965,0.0561,21.5811,0.02517,1.2412,0.05458,22.7412
2019-06-30,OC-INDU-301,Industrial,Costa Mesa,127878,1972,0.971,1.2112,1.262,1.271,0.0498,0.322,4.7,0.082,0.1953,0.375,,Market / Lease-up Risk,3250.0,0.042,0.056542203183745685,0.0498,24.3213,0.02051,1.236,0.05439,22.7253
2019-06-30,OC-INDU-305,Industrial,Fullerton,80533,1979,0.93,0.8323,1.512,1.515,0.056,0.375,3.4,0.199,0.1507,0.722,,Market / Lease-up Risk,1500.0,0.042,0.06191506813624133,0.056,14.8625,0.05858,0.8811,0.05477,16.0873
2019-06-30,OC-INDU-309,Industrial,Anaheim,115344,1961,0.965,1.1273,1.324,1.376,0.0513,0.329,7.0,0.469,0.1214,0.254,,Market / Lease-up Risk,950.98,0.042,0.09847047742439974,0.0513,21.9747,0.03597,1.1679,0.05527,21.1293
2019-06-30,OC-INDU-313,Industrial,Irvine,76571,1986,0.941,0.6374,1.159,1.186,0.0499,0.351,5.6,0.049,0.2866,0.606,,Market / Lease-up Risk,1393.94,0.042,0.06412745443815988,0.0499,12.7735,-0.00467,0.6344,0.05534,11.4644
2019-06-30,OC-INDU-317,Industrial,Newport Beach,100790,1973,0.999,0.8277,1.039,1.052,0.053,0.306,7.0,0.4,0.4575,0.427,,Market / Lease-up Risk,5400.0,0.042,0.053944563175797294,0.053,15.617,0.02755,0.8505,0.05436,15.6463
2019-06-30,OC-INDU-321,Industrial,Orange,153963,1955,0.966,1.2849,1.201,1.237,0.0562,0.369,6.7,0.133,0.5998,0.141,,Market / Lease-up Risk,1148.15,0.042,0.04919811523111331,0.0562,22.863,0.02015,1.3108,0.05498,23.8399
2019-06-30,OC-INDU-325,Industrial,Santa Ana,209022,1981,0.996,1.9184,1.173,1.16,0.0538,0.332,3.4,0.167,0.9725,0.558,,Market / Lease-up Risk,2296.3,0.042,0.059799135428510994,0.0538,35.658,0.04257,2.0001,0.05583,35.825
2019-06-30,OC-INDU-329,Industrial,Costa Mesa,202469,1966,0.967,2.0716,1.353,1.354,0.05,0.314,3.3,0.065,0.4671,0.315,,Market / Lease-up Risk,3250.0,0.042,0.07271402684168352,0.05,41.432,0.01764,2.1081,0.05505,38.2962
2019-06-30,OC-INDU-33,Industrial,Irvine,92591,1955,0.937,1.2044,1.845,1.903,0.054,0.34,8.0,0.18,0.7275,0.189,,Market / Lease-up Risk,1393.94,0.042,0.05870445703186194,0.054,22.3037,0.02358,1.2328,0.05519,22.3383
2019-06-30,OC-INDU-333,Industrial,Fullerton,137157,1993,0.964,1.5218,1.576,1.627,0.0531,0.379,4.6,0.104,0.4692,0.951,,Market / Lease-up Risk,1500.0,0.042,0.054480733667730194,0.0531,28.6591,0.04756,1.5942,0.05513,28.918
2019-06-30,OC-INDU-337,Industrial,Anaheim,147047,1966,0.969,1.2298,1.266,1.256,0.0554,0.402,2.5,0.141,0.6372,0.435,,Market / Lease-up Risk,950.98,0.042,0.06003852445527438,0.0554,22.1986,0.00728,1.2388,0.05484,22.5905
2019-06-30,OC-INDU-341,Industrial,Irvine,157841,1970,0.958,1.2369,1.188,1.211,0.0591,0.396,7.1,0.161,0.1296,0.31,,Market / Lease-up Risk,1393.94,0.042,0.04326861939158048,0.0591,20.9289,0.02988,1.2739,0.05547,22.9661
2019-06-30,OC-INDU-345,Industrial,Newport Beach,108558,1955,0.943,1.1701,1.671,1.716,0.0526,0.4,7.8,0.503,0.5808,0.055,,Market / Lease-up Risk,5400.0,0.042,0.07192118114907968,0.0526,22.2452,0.03334,1.2091,0.05526,21.8793
2019-06-30,OC-INDU-349,Industrial,Orange,93633,1993,0.939,0.8977,1.292,1.298,0.0497,0.328,6.1,0.28,0.1923,0.92,,Market / Lease-up Risk,1148.15,0.042,0.06270171783223508,0.0497,18.0624,0.05465,0.9468,0.05506,17.1965
2019-06-30,OC-INDU-353,Industrial,Santa Ana,193951,1964,0.985,2.1859,1.632,1.603,0.0516,0.385,6.0,0.566,0.4482,0.231,,Market / Lease-up Risk,2296.3,0.042,0.06126899800949561,0.0516,42.3624,0.01411,2.2167,0.05551,39.9351
2019-06-30,OC-INDU-357,Industrial,Costa Mesa,123446,1955,0.938,0.7837,0.983,0.977,0.0595,0.396,6.0,0.22,0.3498,0.155,,Market / Lease-up Risk,3250.0,0.042,0.06588816950875445,0.0595,13.1714,0.02981,0.8071,0.05475,14.7412
2019-06-30,OC-INDU-361,Industrial,Fullerton,193460,1978,0.941,1.9415,1.458,1.456,0.0585,0.378,4.1,0.558,0.5519,0.715,,Market / Lease-up Risk,1500.0,0.042,0.06339398204958707,0.0585,33.188,-0.01141,1.9193,0.05453,35.1954
2019-06-30,OC-INDU-365,Industrial,Anaheim,115066,1963,0.956,1.1748,1.346,1.381,0.0507,0.304,4.4,0.446,0.6191,0.282,,Market / Lease-up Risk,950.98,0.042,0.042885376931854104,0.0507,23.1716,0.03992,1.2217,0.05533,22.0797
2019-06-30,OC-INDU-369,Industrial,Irvine,75408,1981,0.992,0.5039,1.005,1.038,0.0581,0.43,2.3,0.413,0.0699,0.729,,Market / Lease-up Risk,1393.94,0.042,0.047274618679877575,0.0581,8.673,0.03612,0.5221,0.05517,9.4634
2019-06-30,OC-INDU-37,Industrial,Newport Beach,73189,1981,0.966,0.9523,1.773,1.789,0.0541,0.354,2.3,0.144,0.3516,0.537,,Market / Lease-up Risk,5400.0,0.042,0.04975914675124603,0.0541,17.6026,0.03713,0.9877,0.05395,18.3064
2019-06-30,OC-INDU-373,Industrial,Newport Beach,113400,1988,0.948,1.1985,1.479,1.533,0.0569,0.359,5.9,0.393,0.189,0.803,,Market / Lease-up Risk,5400.0,0.042,0.08298882530457824,0.0569,21.0633,0.00903,1.2093,0.05472,22.0991
2019-06-30,OC-INDU-377,Industrial,Orange,166831,1959,0.97,1.759,1.436,1.433,0.0559,0.336,7.6,0.428,0.4346,0.256,,Market / Lease-up Risk,1148.15,0.042,0.04577160350042241,0.0559,31.4669,0.05368,1.8534,0.0553,33.5133
2019-06-30,OC-INDU-381,Industrial,Santa Ana,100505,1955,0.958,1.1442,1.524,1.496,0.0568,0.316,5.9,0.264,0.625,0.154,,Market / Lease-up Risk,2296.3,0.042,0.04781531668784005,0.0568,20.1444,0.02869,1.177,0.05401,21.7916
2019-06-30,OC-INDU-385,Industrial,Costa Mesa,64486,1964,0.983,0.8393,2.006,2.072,0.0495,0.421,5.8,0.053,0.2293,0.407,,Market / Lease-up Risk,3250.0,0.042,0.06737065832197044,0.0495,16.9556,0.01665,0.8533,0.05554,15.3642
2019-06-30,OC-INDU-389,Industrial,Fullerton,160224,1969,0.978,2.2813,1.878,1.828,0.0551,0.32,7.8,0.387,0.6008,0.357,,Market / Lease-up Risk,1500.0,0.042,0.0758277838295688,0.0551,41.4029,0.00689,2.297,0.05533,41.5156
2019-06-30,OC-INDU-393,Industrial,Anaheim,155753,1961,0.939,1.3332,1.381,1.328,0.0496,0.421,5.1,0.482,0.7787,0.411,,Market / Lease-up Risk,950.98,0.042,0.0583996019761269,0.0496,26.879,0.0263,1.3683,0.05467,25.0261
2019-06-30,OC-INDU-397,Industrial,Irvine,134671,1966,0.994,1.1704,1.233,1.259,0.0591,0.378,6.9,0.192,0.2879,0.438,,Market / Lease-up Risk,1393.94,0.042,0.06143903499375349,0.0591,19.8037,0.03259,1.2085,0.05459,22.138
2019-06-30,OC-INDU-41,Industrial,Orange,140972,1986,0.937,1.9167,1.828,1.888,0.0526,0.325,7.0,0.108,0.7914,0.633,,Market / Lease-up Risk,1148.15,0.042,0.0523971982689616,0.0526,36.4392,0.02057,1.9561,0.05509,35.5047
2019-06-30,OC-INDU-45,Industrial,Santa Ana,92064,1982,0.985,0.8897,1.361,1.309,0.0502,0.387,5.2,0.339,0.3916,0.796,,Market / Lease-up Risk,2296.3,0.042,0.060422101032386384,0.0502,17.7231,0.05086,0.935,0.05542,16.8718
2019-06-30,OC-INDU-49,Industrial,Costa Mesa,119339,1971,0.939,1.2959,1.65,1.613,0.0574,0.404,2.1,0.121,0.434,0.531,,Market / Lease-up Risk,3250.0,0.042,0.06625511974015495,0.0574,22.5767,0.07019,1.3869,0.05521,25.1207
2019-06-30,OC-INDU-53,Industrial,Fullerton,63924,1987,0.936,0.7653,1.565,1.516,0.0564,0.305,6.8,0.192,0.18,0.676,,Market / Lease-up Risk,1500.0,0.042,0.06682487182644604,0.0564,13.5691,0.03273,0.7903,0.05414,14.5975
2019-06-30,OC-INDU-57,Industrial,Anaheim,120553,1965,0.958,1.1887,1.32,1.284,0.0492,0.316,2.8,0.29,0.6356,0.454,,Market / Lease-up Risk,950.98,0.042,0.054355855322966516,0.0492,24.1606,0.03204,1.2268,0.05602,21.9004
2019-06-30,OC-INDU-61,Industrial,Irvine,164788,1968,0.98,1.9704,1.901,1.862,0.0573,0.437,4.3,0.457,1.1851,0.429,,Market / Lease-up Risk,1393.94,0.042,0.04552496247983501,0.0573,34.3874,0.03741,2.0441,0.05531,36.9598
2019-06-30,OC-INDU-65,Industrial,Newport Beach,124651,1977,0.984,1.4596,1.515,1.519,0.0508,0.311,6.6,0.331,0.9671,0.484,,Market / Lease-up Risk,5400.0,0.042,0.07756989723612237,0.0508,28.7323,0.03069,1.5044,0.05423,27.7421
2019-06-30,OC-INDU-69,Industrial,Orange,96529,1962,0.951,0.7018,1.189,1.16,0.0592,0.436,4.8,0.107,0.1149,0.279,,Market / Lease-up Risk,1148.15,0.042,0.07457416483832392,0.0592,11.8547,0.03348,0.7253,0.05431,13.354
2019-06-30,OC-INDU-73,Industrial,Santa Ana,178502,1955,0.946,2.4877,1.964,1.994,0.052,0.342,2.5,0.173,0.7042,0.19,,Market / Lease-up Risk,2296.3,0.042,0.0480902260258015,0.052,47.8404,0.02542,2.5509,0.05462,46.7008
2019-06-30,OC-INDU-77,Industrial,Costa Mesa,210551,1983,0.946,1.6705,1.269,1.271,0.0499,0.438,4.3,0.311,0.9297,0.612,,Market / Lease-up Risk,3250.0,0.042,0.059655366627256505,0.0499,33.477,0.0266,1.7149,0.05536,30.9765
2019-06-30,OC-INDU-81,Industrial,Fullerton,158173,1973,0.951,1.4623,1.32,1.319,0.0554,0.354,2.4,0.24,0.8713,0.396,,Market / Lease-up Risk,1500.0,0.042,0.0545797957778206,0.0554,26.3953,0.0274,1.5024,0.05595,26.8542
2019-06-30,OC-INDU-85,Industrial,Anaheim,92895,1966,0.944,0.883,1.363,1.321,0.0528,0.352,6.0,0.086,0.1871,0.471,,Market / Lease-up Risk,950.98,0.042,0.04968847944959373,0.0528,16.7235,-0.01132,0.873,0.05524,15.8053
2019-06-30,OC-INDU-89,Industrial,Irvine,97547,1982,0.976,1.0178,1.632,1.603,0.0571,0.443,3.9,0.527,0.5262,0.692,,Market / Lease-up Risk,1393.94,0.042,0.04514484180012532,0.0571,17.8249,0.04786,1.0665,0.05491,19.4225
2019-06-30,OC-INDU-93,Industrial,Newport Beach,99790,1963,0.937,1.2876,1.779,1.831,0.0544,0.321,4.0,0.596,0.7243,0.372,,Market / Lease-up Risk,5400.0,0.042,0.07400608806320502,0.0544,23.6691,0.03334,1.3305,0.05492,24.2281
2019-06-30,OC-INDU-97,Industrial,Orange,195191,1968,0.974,2.8056,1.887,1.941,0.0501,0.314,6.9,0.14,1.4653,0.377,,Market / Lease-up Risk,1148.15,0.042,0.06552999002304347,0.0501,56.0,0.03991,2.9176,0.05442,53.6163
2019-06-30,OC-MULT-03,Multifamily,Anaheim,45018,1956,0.971,0.7864,2613.43,2522.722,0.0512,0.337,0.9,0.136,0.3444,0.176,41.0,Market / Lease-up Risk,950.98,0.042,0.03387689613750679,0.0512,15.3594,0.039,0.8171,0.05299,15.4196
2019-06-30,OC-MULT-07,Multifamily,Irvine,49968,1955,0.931,0.6238,2762.56,2871.161,0.0503,0.409,1.4,0.274,0.164,0.092,36.0,Market / Lease-up Risk,1393.94,0.042,0.0323782182599173,0.0503,12.4016,0.02469,0.6392,0.0517,12.3629
2019-06-30,OC-MULT-103,Multifamily,Santa Ana,58328,1969,0.936,0.7872,2713.8,2709.342,0.0562,0.409,0.9,0.46,0.4482,0.398,46.0,Market / Lease-up Risk,2296.3,0.042,0.04123299075449212,0.0562,14.0071,0.04592,0.8234,0.05154,15.9743
2019-06-30,OC-MULT-107,Multifamily,Costa Mesa,30855,1955,0.95,0.5545,2333.28,2359.411,0.056,0.335,0.9,0.243,0.1608,0.133,33.0,Market / Lease-up Risk,3250.0,0.042,0.027537746114043644,0.056,9.9018,0.04507,0.5795,0.05086,11.3933
2019-06-30,OC-MULT-11,Multifamily,Newport Beach,38290,1975,0.944,0.7717,3108.11,3021.618,0.0544,0.361,1.1,0.376,0.4655,0.627,35.0,Market / Lease-up Risk,5400.0,0.042,0.022883102097810783,0.0544,14.1857,0.03962,0.8023,0.05197,15.4385
2019-06-30,OC-MULT-111,Multifamily,Fullerton,85560,1955,0.977,1.1577,2669.63,2750.977,0.0491,0.372,1.4,0.174,0.7044,0.102,62.0,Market / Lease-up Risk,1500.0,0.042,0.022132010139534114,0.0491,23.5784,0.02885,1.1911,0.05216,22.8352
2019-06-30,OC-MULT-115,Multifamily,Anaheim,77616,1962,0.955,1.1353,2812.94,2766.811,0.0572,0.338,1.5,0.119,0.2254,0.302,56.0,Market / Lease-up Risk,950.98,0.042,0.01,0.0572,19.8479,0.01301,1.1501,0.0511,22.5059
2019-06-30,OC-MULT-119,Multifamily,Irvine,38000,1985,0.956,1.009,3743.04,3799.913,0.0481,0.369,0.8,0.706,0.465,0.648,38.0,Market / Lease-up Risk,1393.94,0.042,0.03664860519704563,0.0481,20.9771,0.03714,1.0465,0.05142,20.3502
2019-06-30,OC-MULT-123,Multifamily,Newport Beach,74907,1991,0.947,1.5496,3556.56,3623.751,0.0465,0.379,0.8,0.027,1.0365,0.877,63.0,Market / Lease-up Risk,5400.0,0.042,0.054981246394116834,0.0465,33.3247,0.0496,1.6265,0.05143,31.6237
2019-06-30,OC-MULT-127,Multifamily,Orange,32736,1959,0.953,0.5781,3869.36,3875.959,0.0541,0.427,0.8,0.329,0.1244,0.111,24.0,Market / Lease-up Risk,1148.15,0.042,0.03862364347355873,0.0541,10.6858,0.02891,0.5948,0.05158,11.5315
2019-06-30,OC-MULT-131,Multifamily,Santa Ana,46250,1963,0.942,1.0524,3048.2,3021.735,0.0552,0.357,1.5,0.425,0.3539,0.236,50.0,Market / Lease-up Risk,2296.3,0.042,0.039006999981907445,0.0552,19.0652,0.01595,1.0692,0.05175,20.6609
2019-06-30,OC-MULT-135,Multifamily,Costa Mesa,63308,1997,0.958,0.8323,2706.88,2715.465,0.0526,0.443,0.9,0.273,0.146,0.869,49.0,Market / Lease-up Risk,3250.0,0.042,0.04171124347731299,0.0526,15.8232,0.02074,0.8496,0.05202,16.3305
2019-06-30,OC-MULT-139,Multifamily,Fullerton,15296,1963,0.971,0.2864,2821.88,2931.512,0.0554,0.427,1.1,0.087,0.0914,0.226,16.0,Market / Lease-up Risk,1500.0,0.042,0.0441118644104261,0.0554,5.1697,0.02264,0.2929,0.05168,5.667
2019-06-30,OC-MULT-143,Multifamily,Anaheim,67766,1982,0.934,1.007,2607.88,2615.766,0.05,0.433,1.1,0.515,0.4094,0.632,62.0,Market / Lease-up Risk,950.98,0.042,0.0575165080067751,0.05,20.14,0.0295,1.0367,0.05249,19.7519
2019-06-30,OC-MULT-147,Multifamily,Irvine,31378,1979,0.966,0.4431,2316.31,2349.506,0.0506,0.401,0.9,0.043,0.2082,0.495,29.0,Market / Lease-up Risk,1393.94,0.042,0.04556933030176348,0.0506,8.7569,0.04961,0.4651,0.052,8.9444
2019-06-30,OC-MULT-15,Multifamily,Orange,22248,1982,0.927,0.3722,3220.19,3131.072,0.0527,0.411,1.2,0.091,0.1333,0.661,18.0,Market / Lease-up Risk,1148.15,0.042,0.036028333751326955,0.0527,7.0626,0.04691,0.3897,0.05246,7.4281
2019-06-30,OC-MULT-151,Multifamily,Newport Beach,69426,1968,0.956,0.9716,2778.11,2787.392,0.0548,0.437,1.0,0.248,0.181,0.444,57.0,Market / Lease-up Risk,5400.0,0.042,0.029447260213674054,0.0548,17.7299,0.02352,0.9944,0.05235,18.9948
2019-06-30,OC-MULT-155,Multifamily,Orange,46360,1966,0.932,0.7766,2877.65,2948.101,0.0539,0.365,1.1,0.219,0.4208,0.473,40.0,Market / Lease-up Risk,1148.15,0.042,0.026850919897155757,0.0539,14.4082,0.0245,0.7956,0.05188,15.337
2019-06-30,OC-MULT-159,Multifamily,Santa Ana,42795,1984,0.948,1.1106,3369.6,3239.534,0.0521,0.343,1.2,0.443,0.5039,0.579,45.0,Market / Lease-up Risk,2296.3,0.042,0.018655014680558395,0.0521,21.3167,0.03769,1.1525,0.05102,22.5862
2019-06-30,OC-MULT-163,Multifamily,Costa Mesa,61070,1962,0.937,1.0048,2419.88,2423.589,0.0494,0.373,1.1,0.485,0.1821,0.288,62.0,Market / Lease-up Risk,3250.0,0.042,0.03394424305968174,0.0494,20.3401,0.02595,1.0309,0.05137,20.0671
2019-06-30,OC-MULT-167,Multifamily,Fullerton,51418,1970,0.954,0.8126,2423.29,2377.339,0.057,0.344,0.8,0.083,0.0897,0.365,47.0,Market / Lease-up Risk,1500.0,0.042,0.03944188041904745,0.057,14.2561,0.03053,0.8374,0.05173,16.1873
2019-06-30,OC-MULT-171,Multifamily,Anaheim,48825,1968,0.978,0.7811,2344.77,2372.311,0.0548,0.336,0.8,0.183,0.0842,0.271,45.0,Market / Lease-up Risk,950.98,0.042,0.02852753708118061,0.0548,14.2536,0.02219,0.7984,0.05122,15.5878
2019-06-30,OC-MULT-175,Multifamily,Irvine,40889,1955,0.944,0.5431,2625.78,2584.303,0.0503,0.38,1.1,0.26,0.2878,0.187,31.0,Market / Lease-up Risk,1393.94,0.042,0.054672966326262284,0.0503,10.7972,0.02732,0.5579,0.05199,10.7311
2019-06-30,OC-MULT-179,Multifamily,Newport Beach,75006,1970,0.98,1.0804,2931.14,2861.926,0.0481,0.389,1.0,0.116,0.3935,0.455,54.0,Market / Lease-up Risk,5400.0,0.042,0.05896218949053157,0.0481,22.4615,0.01721,1.099,0.05265,20.8742
2019-06-30,OC-MULT-183,Multifamily,Orange,47796,1984,0.952,0.9357,3109.36,3125.567,0.0555,0.36,0.8,0.061,0.4755,0.62,42.0,Market / Lease-up Risk,1148.15,0.042,0.046068511880005526,0.0555,16.8595,0.02079,0.9552,0.05129,18.6208
2019-06-30,OC-MULT-187,Multifamily,Santa Ana,23294,1971,0.949,0.346,2382.18,2367.734,0.0498,0.315,0.9,0.549,0.1646,0.566,19.0,Market / Lease-up Risk,2296.3,0.042,0.02170359675037719,0.0498,6.9478,0.01814,0.3523,0.05293,6.6557
2019-06-30,OC-MULT-19,Multifamily,Santa Ana,56990,1980,0.945,0.6872,2460.31,2399.283,0.0563,0.387,1.0,0.061,0.2479,0.568,41.0,Market / Lease-up Risk,2296.3,0.042,0.04711279889395971,0.0563,12.206,0.02246,0.7026,0.05243,13.4017
2019-06-30,OC-MULT-191,Multifamily,Costa Mesa,39130,1968,0.959,0.747,3348.43,3412.859,0.0562,0.417,1.3,0.413,0.3174,0.498,35.0,Market / Lease-up Risk,3250.0,0.042,0.04683517173023796,0.0562,13.2918,0.0285,0.7683,0.05272,14.5723
2019-06-30,OC-MULT-195,Multifamily,Fullerton,25272,1974,0.954,0.4311,2738.75,2720.105,0.0474,0.397,1.0,0.172,0.2386,0.395,24.0,Market / Lease-up Risk,1500.0,0.042,0.06419623312936966,0.0474,9.0949,0.04215,0.4493,0.05289,8.4949
2019-06-30,OC-MULT-199,Multifamily,Anaheim,76464,1964,0.968,1.1287,2630.61,2632.744,0.0538,0.341,1.3,0.499,0.3385,0.435,59.0,Market / Lease-up Risk,950.98,0.042,0.048276667180754164,0.0538,20.9796,0.02435,1.1562,0.0523,22.1089
2019-06-30,OC-MULT-203,Multifamily,Irvine,90948,1998,0.952,1.28,2780.51,2776.257,0.052,0.377,1.0,0.021,0.3301,0.837,66.0,Market / Lease-up Risk,1393.94,0.042,0.046785260209741136,0.052,24.6154,0.04768,1.341,0.05175,25.912
2019-06-30,OC-MULT-207,Multifamily,Newport Beach,48906,1979,0.954,0.7895,3037.78,2920.197,0.0482,0.406,1.4,0.049,0.4864,0.747,39.0,Market / Lease-up Risk,5400.0,0.042,0.048786569862214677,0.0482,16.3797,0.00862,0.7963,0.05117,15.5626
2019-06-30,OC-MULT-211,Multifamily,Orange,57600,1969,0.945,0.9387,2288.19,2255.755,0.0482,0.405,1.1,0.748,0.1102,0.361,64.0,Market / Lease-up Risk,1148.15,0.042,0.041225751518613546,0.0482,19.4751,0.05217,0.9877,0.05132,19.2457
2019-06-30,OC-MULT-215,Multifamily,Santa Ana,33696,1990,0.976,0.4477,2329.46,2404.589,0.0489,0.356,1.5,0.551,0.249,0.834,26.0,Market / Lease-up Risk,2296.3,0.042,0.03060460438117153,0.0489,9.1554,0.0069,0.4508,0.0525,8.5865
2019-06-30,OC-MULT-219,Multifamily,Costa Mesa,53000,1958,0.934,0.8884,2535.2,2475.791,0.0504,0.379,1.2,0.273,0.458,0.155,53.0,Market / Lease-up Risk,3250.0,0.042,0.031505453161136635,0.0504,17.627,0.02011,0.9063,0.05249,17.2657
2019-06-30,OC-MULT-223,Multifamily,Fullerton,47712,1972,0.966,1.3728,3742.26,3836.371,0.0509,0.306,1.5,0.138,0.2968,0.353,48.0,Market / Lease-up Risk,1500.0,0.042,0.03795887314316275,0.0509,26.9705,0.02378,1.4054,0.05265,26.6919
2019-06-30,OC-MULT-227,Multifamily,Anaheim,65026,1989,0.957,1.1363,2459.41,2549.297,0.0511,0.327,1.0,0.549,0.4925,0.879,61.0,Market / Lease-up Risk,950.98,0.042,0.04543191887181795,0.0511,22.2368,0.00312,1.1398,0.05322,21.4196
2019-06-30,OC-MULT-23,Multifamily,Costa Mesa,67914,1970,0.964,0.9603,3117.6,3162.389,0.0568,0.428,1.1,0.382,0.1762,0.42,49.0,Market / Lease-up Risk,3250.0,0.042,0.038583008455922704,0.0568,16.9067,-0.00767,0.9529,0.05217,18.2656
2019-06-30,OC-MULT-231,Multifamily,Irvine,53924,1993,0.956,1.0645,2689.55,2604.314,0.0507,0.323,1.1,0.336,0.245,0.919,52.0,Market / Lease-up Risk,1393.94,0.042,0.04534052114370979,0.0507,20.9961,0.02617,1.0924,0.05181,21.0854
2019-06-30,OC-MULT-235,Multifamily,Newport Beach,58870,1961,0.924,1.2172,3213.47,3189.207,0.0483,0.38,1.2,0.054,0.4556,0.16,58.0,Market / Lease-up Risk,5400.0,0.042,0.03595161265128051,0.0483,25.2008,0.01241,1.2323,0.05333,23.1085
2019-06-30,OC-MULT-239,Multifamily,Orange,63087,1967,0.971,1.1006,3238.38,3282.864,0.0541,0.398,1.0,0.648,0.6412,0.244,51.0,Market / Lease-up Risk,1148.15,0.042,0.0483767174932235,0.0541,20.3438,0.03084,1.1345,0.05229,21.6974
2019-06-30,OC-MULT-243,Multifamily,Santa Ana,60864,1976,0.952,1.1051,3233.34,3337.372,0.0569,0.364,0.9,0.405,0.1507,0.537,48.0,Market / Lease-up Risk,2296.3,0.042,0.05584185279193919,0.0569,19.4218,0.03162,1.14,0.05147,22.1498
2019-06-30,OC-MULT-247,Multifamily,Costa Mesa,22416,1988,0.965,0.6897,3807.75,3830.873,0.0526,0.335,0.9,0.479,0.2141,0.838,24.0,Market / Lease-up Risk,3250.0,0.042,0.027718283434705414,0.0526,13.1122,0.02943,0.71,0.052,13.6536
2019-06-30,OC-MULT-251,Multifamily,Fullerton,69325,1963,0.932,1.1283,3231.39,3149.544,0.0557,0.443,1.3,0.539,0.5615,0.317,59.0,Market / Lease-up Risk,1500.0,0.042,0.030907947309108726,0.0557,20.2567,0.02284,1.1541,0.05163,22.3523
2019-06-30,OC-MULT-255,Multifamily,Anaheim,48960,1955,0.931,0.8892,3740.17,3599.382,0.049,0.44,1.1,0.032,0.1058,0.26,40.0,Market / Lease-up Risk,950.98,0.042,0.03133741145001055,0.049,18.1469,0.024,0.9105,0.05176,17.5903
2019-06-30,OC-MULT-259,Multifamily,Irvine,66816,1962,0.95,0.5191,1650.57,1619.821,0.0477,0.395,0.9,0.256,0.1912,0.217,48.0,Market / Lease-up Risk,1393.94,0.042,0.033972395432845394,0.0477,10.8826,0.05606,0.5482,0.05276,10.3899
2019-06-30,OC-MULT-263,Multifamily,Newport Beach,25947,1968,0.943,0.2285,1400.98,1360.166,0.0502,0.438,1.2,0.2,0.1288,0.314,27.0,Market / Lease-up Risk,5400.0,0.042,0.02847417610242939,0.0502,4.5518,0.04174,0.238,0.05232,4.5501
2019-06-30,OC-MULT-267,Multifamily,Orange,48009,1977,0.935,0.7825,3082.33,2978.514,0.0554,0.408,1.5,0.122,0.1456,0.582,39.0,Market / Lease-up Risk,1148.15,0.042,0.048800943615124104,0.0554,14.1245,0.00635,0.7875,0.05178,15.2071
2019-06-30,OC-MULT-27,Multifamily,Fullerton,55930,2000,0.952,0.9782,3331.45,3347.716,0.052,0.442,1.0,0.315,0.5832,0.974,47.0,Market / Lease-up Risk,1500.0,0.042,0.03185213169305641,0.052,18.8115,0.01544,0.9933,0.05133,19.3526
2019-06-30,OC-MULT-271,Multifamily,Santa Ana,38108,1984,0.922,0.7087,3378.22,3295.383,0.0501,0.309,1.3,0.115,0.2425,0.788,28.0,Market / Lease-up Risk,2296.3,0.042,0.04100661196187795,0.0501,14.1457,0.04343,0.7395,0.05238,14.1165
2019-06-30,OC-MULT-275,Multifamily,Costa Mesa,82956,1987,0.965,1.3461,3465.74,3387.998,0.0466,0.448,1.4,0.043,0.4234,0.839,62.0,Market / Lease-up Risk,3250.0,0.042,0.04742492951360771,0.0466,28.8863,0.06441,1.4328,0.05195,27.5819
2019-06-30,OC-MULT-279,Multifamily,Fullerton,48960,1978,0.979,1.0435,3370.11,3437.142,0.0555,0.422,1.0,0.111,0.6531,0.474,48.0,Market / Lease-up Risk,1500.0,0.042,0.03579566162103653,0.0555,18.8018,0.03196,1.0768,0.05149,20.9119
2019-06-30,OC-MULT-283,Multifamily,Anaheim,66432,1979,0.942,0.5555,1698.68,1659.028,0.0517,0.385,1.0,0.08,0.2053,0.728,48.0,Market / Lease-up Risk,950.98,0.042,0.02763032488832136,0.0517,10.7447,0.03582,0.5754,0.05147,11.1783
2019-06-30,OC-MULT-287,Multifamily,Irvine,65772,1957,0.928,1.1862,2746.5,2843.963,0.0475,0.352,1.4,0.24,0.4769,0.256,63.0,Market / Lease-up Risk,1393.94,0.042,0.05069245053407959,0.0475,24.9726,0.01775,1.2073,0.05168,23.3624
2019-06-30,OC-MULT-291,Multifamily,Newport Beach,45444,1978,0.923,0.7812,2490.67,2414.897,0.0568,0.312,1.0,0.347,0.2908,0.513,42.0,Market / Lease-up Risk,5400.0,0.042,0.0366557428218925,0.0568,13.7535,0.02708,0.8024,0.05181,15.4878
2019-06-30,OC-MULT-295,Multifamily,Orange,38880,1967,0.933,0.6485,3210.7,3109.579,0.0481,0.367,1.4,0.424,0.1046,0.338,30.0,Market / Lease-up Risk,1148.15,0.042,0.020957574347338574,0.0481,13.4823,0.05633,0.685,0.052,13.1725
2019-06-30,OC-MULT-299,Multifamily,Santa Ana,48276,1984,0.924,0.7901,3005.75,3054.958,0.0534,0.328,1.1,0.134,0.0788,0.693,36.0,Market / Lease-up Risk,2296.3,0.042,0.023758167473347247,0.0534,14.7959,0.01949,0.8055,0.05078,15.863
2019-06-30,OC-MULT-303,Multifamily,Costa Mesa,20878,1956,0.955,0.4569,3277.46,3174.955,0.0547,0.418,0.8,0.55,0.12,0.172,22.0,Market / Lease-up Risk,3250.0,0.042,0.02878628206901664,0.0547,8.3528,0.03106,0.4711,0.05165,9.1204
2019-06-30,OC-MULT-307,Multifamily,Fullerton,27289,1962,0.928,0.5593,3192.73,3302.525,0.0509,0.429,1.2,0.331,0.1696,0.288,29.0,Market / Lease-up Risk,1500.0,0.042,0.02170271898177145,0.0509,10.9882,0.04511,0.5845,0.05256,11.1211
2019-06-30,OC-MULT-31,Multifamily,Anaheim,42458,1988,0.943,0.8383,2633.59,2563.478,0.0534,0.376,1.2,0.069,0.2478,0.762,46.0,Market / Lease-up Risk,950.98,0.042,0.044218175178384805,0.0534,15.6985,0.00951,0.8463,0.05203,16.2645
2019-06-30,OC-MULT-311,Multifamily,Anaheim,38052,1965,0.95,0.7416,2748.79,2647.086,0.0482,0.308,0.8,0.141,0.2091,0.466,36.0,Market / Lease-up Risk,950.98,0.042,0.023876756008694752,0.0482,15.3859,0.02748,0.762,0.0516,14.7677
2019-06-30,OC-MULT-315,Multifamily,Irvine,53376,1989,0.933,0.9223,2894.51,2783.681,0.0561,0.395,1.3,0.204,0.2849,0.71,48.0,Market / Lease-up Risk,1393.94,0.042,0.04215815206705876,0.0561,16.4403,0.03893,0.9582,0.05273,18.1733
2019-06-30,OC-MULT-319,Multifamily,Newport Beach,51980,1970,0.931,0.9508,2838.99,2930.197,0.0562,0.314,1.1,0.18,0.2895,0.418,46.0,Market / Lease-up Risk,5400.0,0.042,0.040822613265824356,0.0562,16.9181,0.04456,0.9932,0.05214,19.0471
2019-06-30,OC-MULT-323,Multifamily,Orange,42066,1989,0.936,0.6801,2643.67,2668.605,0.0495,0.385,1.1,0.73,0.2621,0.882,38.0,Market / Lease-up Risk,1148.15,0.042,0.03421434567548687,0.0495,13.7394,0.0345,0.7036,0.05283,13.3163
2019-06-30,OC-MULT-327,Multifamily,Santa Ana,45315,1986,0.97,0.618,2138.53,2145.378,0.0478,0.437,0.9,0.337,0.392,0.608,45.0,Market / Lease-up Risk,2296.3,0.042,0.03209756423604691,0.0478,12.9289,0.01965,0.6301,0.05107,12.3379
2019-06-30,OC-MULT-331,Multifamily,Costa Mesa,56330,1997,0.951,1.0346,3154.63,3112.873,0.0536,0.318,1.1,0.058,0.6177,0.823,43.0,Market / Lease-up Risk,3250.0,0.042,0.042722201773887136,0.0536,19.3022,0.03708,1.073,0.05197,20.646
2019-06-30,OC-MULT-335,Multifamily,Fullerton,49290,1979,0.936,1.2036,3056.55,3075.471,0.0491,0.325,0.8,0.073,0.2264,0.523,53.0,Market / Lease-up Risk,1500.0,0.042,0.03762407108600583,0.0491,24.5132,0.01531,1.222,0.05153,23.7129
2019-06-30,OC-MULT-339,Multifamily,Anaheim,48375,1976,0.922,0.6293,2275.04,2306.9,0.0477,0.388,1.0,0.235,0.2862,0.435,43.0,Market / Lease-up Risk,950.98,0.042,0.04231289680179392,0.0477,13.1929,0.043,0.6564,0.05195,12.635
2019-06-30,OC-MULT-343,Multifamily,Irvine,43010,1955,0.957,0.9097,3974.68,4132.208,0.0544,0.383,0.9,0.062,0.4207,0.2,34.0,Market / Lease-up Risk,1393.94,0.042,0.02204863568286123,0.0544,16.7224,0.01071,0.9194,0.05168,17.7909
2019-06-30,OC-MULT-347,Multifamily,Newport Beach,35631,1991,0.923,0.8703,3540.66,3534.251,0.0542,0.388,1.1,0.474,0.4284,0.835,37.0,Market / Lease-up Risk,5400.0,0.042,0.03556020749577246,0.0542,16.0572,0.03538,0.9011,0.05163,17.4524
2019-06-30,OC-MULT-35,Multifamily,Irvine,63504,1961,0.968,0.9609,2667.86,2746.5,0.0553,0.32,0.9,0.491,0.5843,0.356,48.0,Market / Lease-up Risk,1393.94,0.042,0.033461798839639775,0.0553,17.3761,-0.00147,0.9595,0.05235,18.3287
2019-06-30,OC-MULT-351,Multifamily,Orange,45150,1961,0.924,1.1829,3293.19,3234.371,0.0476,0.318,1.4,0.702,0.3938,0.356,50.0,Market / Lease-up Risk,1148.15,0.042,0.01,0.0476,24.8508,0.03348,1.2225,0.0526,23.2437
2019-06-30,OC-MULT-355,Multifamily,Santa Ana,39276,1982,0.934,0.8451,3634.56,3544.173,0.0468,0.412,0.9,0.153,0.5093,0.591,36.0,Market / Lease-up Risk,2296.3,0.042,0.03454192653826442,0.0468,18.0577,0.01322,0.8563,0.05252,16.3025
2019-06-30,OC-MULT-359,Multifamily,Costa Mesa,47893,1970,0.929,0.7915,2472.86,2476.172,0.0474,0.357,1.3,0.088,0.4664,0.392,47.0,Market / Lease-up Risk,3250.0,0.042,0.03624836225521205,0.0474,16.6983,0.03426,0.8186,0.05228,15.6578
2019-06-30,OC-MULT-363,Multifamily,Fullerton,29133,1960,0.933,0.3247,1832.63,1783.152,0.0559,0.383,1.0,0.26,0.0874,0.361,27.0,Market / Lease-up Risk,1500.0,0.042,0.03113778040074691,0.0559,5.8086,0.03777,0.337,0.05231,6.442
2019-06-30,OC-MULT-367,Multifamily,Anaheim,54243,1957,0.976,1.2162,3852.73,3830.229,0.0551,0.308,1.0,0.155,0.2726,0.202,41.0,Market / Lease-up Risk,950.98,0.042,0.05909019112191975,0.0551,22.0726,0.03547,1.2593,0.0526,23.9417
2019-06-30,OC-MULT-371,Multifamily,Irvine,38150,1963,0.94,0.657,2954.03,2994.454,0.0542,0.407,1.3,0.171,0.1416,0.363,35.0,Market / Lease-up Risk,1393.94,0.042,0.034755918828997916,0.0542,12.1218,0.03496,0.68,0.05095,13.3464
2019-06-30,OC-MULT-375,Multifamily,Newport Beach,31842,1973,0.971,0.8175,3701.46,3806.014,0.0567,0.312,1.3,0.03,0.4039,0.466,29.0,Market / Lease-up Risk,5400.0,0.042,0.04354100983208726,0.0567,14.418,0.02472,0.8377,0.05217,16.0585
2019-06-30,OC-MULT-379,Multifamily,Orange,29590,1976,0.948,0.3914,2594.54,2668.765,0.0517,0.385,0.9,0.641,0.195,0.601,22.0,Market / Lease-up Risk,1148.15,0.042,0.042175044562456694,0.0517,7.5706,0.03071,0.4034,0.05204,7.7527
2019-06-30,OC-MULT-383,Multifamily,Santa Ana,42366,1974,0.934,0.7106,2321.22,2305.058,0.0565,0.375,1.2,0.122,0.2697,0.493,46.0,Market / Lease-up Risk,2296.3,0.042,0.04977102257860215,0.0565,12.577,0.03938,0.7386,0.05208,14.1829
2019-06-30,OC-MULT-387,Multifamily,Costa Mesa,39862,1974,0.967,1.0084,3493.24,3615.036,0.0555,0.332,1.4,0.453,0.1715,0.629,38.0,Market / Lease-up Risk,3250.0,0.042,0.03848267586466589,0.0555,18.1694,0.03425,1.0429,0.0517,20.1744
2019-06-30,OC-MULT-39,Multifamily,Newport Beach,66348,1967,0.92,1.0076,3031.32,2970.565,0.0473,0.444,1.0,0.271,0.3176,0.436,57.0,Market / Lease-up Risk,5400.0,0.042,0.028506391531281663,0.0473,21.3023,0.05933,1.0674,0.05215,20.4665
2019-06-30,OC-MULT-391,Multifamily,Fullerton,26160,1980,0.954,0.5431,3570.11,3477.134,0.0468,0.435,1.3,0.029,0.1039,0.661,24.0,Market / Lease-up Risk,1500.0,0.042,0.029696860368778652,0.0468,11.6047,0.06103,0.5762,0.0525,10.9766
2019-06-30,OC-MULT-395,Multifamily,Anaheim,54464,1994,0.94,1.1581,3569.75,3516.693,0.0494,0.362,1.4,0.226,0.2379,0.764,46.0,Market / Lease-up Risk,950.98,0.042,0.018554058528417287,0.0494,23.4433,-0.00592,1.1512,0.05186,22.1975
2019-06-30,OC-MULT-399,Multifamily,Irvine,25056,1968,0.936,0.5579,3559.47,3535.052,0.052,0.388,0.8,0.434,0.1267,0.338,24.0,Market / Lease-up Risk,1393.94,0.042,0.044925173394279705,0.052,10.7288,0.03411,0.5769,0.05133,11.239
2019-06-30,OC-MULT-43,Multifamily,Orange,41088,1965,0.94,0.8488,4098.28,4168.065,0.052,0.396,1.0,0.18,0.3732,0.374,32.0,Market / Lease-up Risk,1148.15,0.042,0.03646004533259563,0.052,16.3231,0.03296,0.8768,0.05222,16.7891
2019-06-30,OC-MULT-47,Multifamily,Santa Ana,43808,1979,0.946,0.6296,2637.32,2660.085,0.0555,0.42,1.2,0.442,0.0989,0.707,37.0,Market / Lease-up Risk,2296.3,0.042,0.040595759113876174,0.0555,11.3441,0.02128,0.643,0.05264,12.2146
2019-06-30,OC-MULT-51,Multifamily,Costa Mesa,98039,1959,0.943,0.8025,1816.28,1769.469,0.0503,0.437,1.0,0.392,0.1368,0.225,73.0,Market / Lease-up Risk,3250.0,0.042,0.04182299527579369,0.0503,15.9543,-0.00578,0.7979,0.05178,15.4101
2019-06-30,OC-MULT-55,Multifamily,Fullerton,42842,1962,0.946,0.6744,3401.64,3338.93,0.0508,0.407,1.3,0.326,0.194,0.148,31.0,Market / Lease-up Risk,1500.0,0.042,0.036207741994876856,0.0508,13.2756,0.04239,0.703,0.05253,13.3833
2019-06-30,OC-MULT-59,Multifamily,Anaheim,78244,1992,0.958,1.4236,3087.96,3086.331,0.0516,0.34,1.2,0.194,0.6581,0.924,62.0,Market / Lease-up Risk,950.98,0.042,0.045865387123645025,0.0516,27.5891,0.02434,1.4583,0.05162,28.2522
2019-06-30,OC-MULT-63,Multifamily,Irvine,44933,1973,0.941,0.8502,2810.02,2798.533,0.0561,0.442,1.3,0.345,0.1947,0.574,49.0,Market / Lease-up Risk,1393.94,0.042,0.036253268837199155,0.0561,15.1551,0.05374,0.8959,0.05215,17.1798
2019-06-30,OC-MULT-67,Multifamily,Newport Beach,63444,1989,0.96,1.0742,2874.69,2971.797,0.053,0.351,0.9,0.537,0.6302,0.706,51.0,Market / Lease-up Risk,5400.0,0.042,0.0421213268291764,0.053,20.2679,0.03358,1.1103,0.05235,21.2072
2019-06-30,OC-MULT-71,Multifamily,Orange,67151,1968,0.945,1.3289,3382.69,3264.016,0.0526,0.333,1.3,0.045,0.3719,0.538,53.0,Market / Lease-up Risk,1148.15,0.042,0.04435193908875103,0.0526,25.2643,0.01534,1.3493,0.05172,26.0905
2019-06-30,OC-MULT-75,Multifamily,Santa Ana,35040,1975,0.98,0.6187,3201.44,3289.893,0.0541,0.441,0.9,0.105,0.1463,0.536,30.0,Market / Lease-up Risk,2296.3,0.042,0.05505573958189629,0.0541,11.4362,0.02061,0.6315,0.05138,12.291
2019-06-30,OC-MULT-79,Multifamily,Costa Mesa,17119,1955,0.958,0.4188,3231.41,3315.367,0.0478,0.302,1.0,0.45,0.1358,0.252,17.0,Market / Lease-up Risk,3250.0,0.042,0.030561988889354477,0.0478,8.7615,0.03823,0.4348,0.05136,8.4663
2019-06-30,OC-MULT-83,Multifamily,Fullerton,85504,1963,0.977,1.8305,3776.37,3751.68,0.049,0.32,1.1,0.489,1.1243,0.268,64.0,Market / Lease-up Risk,1500.0,0.042,0.016855251149814614,0.049,37.3571,0.0093,1.8475,0.05186,35.6229
2019-06-30,OC-MULT-87,Multifamily,Anaheim,25872,1985,0.941,0.6047,3658.3,3550.835,0.0476,0.321,0.9,0.471,0.3547,0.623,22.0,Market / Lease-up Risk,950.98,0.042,0.03609932821128105,0.0476,12.7038,0.04552,0.6322,0.05178,12.209
2019-06-30,OC-MULT-91,Multifamily,Irvine,50750,1981,0.936,0.8312,2533.95,2556.687,0.0558,0.404,1.0,0.258,0.391,0.584,50.0,Market / Lease-up Risk,1393.94,0.042,0.0398052888346421,0.0558,14.8961,0.00203,0.8329,0.05158,16.1483
2019-06-30,OC-MULT-95,Multifamily,Newport Beach,27972,1979,0.975,0.4856,3121.8,3113.46,0.047,0.354,1.3,0.088,0.2817,0.604,21.0,Market / Lease-up Risk,5400.0,0.042,0.04355353925631813,0.047,10.3319,0.02587,0.4982,0.05164,9.6474
2019-06-30,OC-MULT-99,Multifamily,Orange,63560,1970,0.955,1.1117,2529.66,2560.554,0.0565,0.441,0.9,0.11,0.245,0.575,70.0,Market / Lease-up Risk,1148.15,0.042,0.037758393921726335,0.0565,19.6761,0.01782,1.1315,0.05245,21.5738
2019-06-30,OC-OFFI-02,Office,Anaheim,225685,1992,0.786,3.9852,2.826,2.871,0.0636,0.324,3.3,0.699,1.5631,0.802,,Market / Lease-up Risk,950.98,0.042,0.14794982867900833,0.0636,62.6604,0.02936,4.1022,0.07119,57.62
2019-06-30,OC-OFFI-06,Office,Irvine,155084,1957,0.816,2.4738,3.073,3.128,0.0721,0.442,6.4,0.126,1.1757,0.202,,Market / Lease-up Risk,1393.94,0.042,0.11698389568439982,0.0721,34.3107,0.02968,2.5472,0.0721,35.3289
2019-06-30,OC-OFFI-10,Office,Newport Beach,156669,1958,0.882,2.6796,2.683,2.641,0.0697,0.366,4.1,0.472,0.8607,0.309,,Market / Lease-up Risk,5400.0,0.042,0.14378488863036526,0.0697,38.4448,0.03839,2.7825,0.07232,38.474
2019-06-30,OC-OFFI-102,Office,Santa Ana,193327,1976,0.774,5.2216,4.288,4.381,0.0692,0.308,2.6,0.492,2.0135,0.662,,Market / Lease-up Risk,2296.3,0.042,0.14806933621104168,0.0692,75.4566,0.00239,5.2341,0.07132,73.389
2019-06-30,OC-OFFI-106,Office,Costa Mesa,128925,1955,0.829,2.5386,3.461,3.331,0.077,0.398,6.8,0.225,0.7933,0.128,,Market / Lease-up Risk,3250.0,0.042,0.11707198344168555,0.077,32.9688,0.03267,2.6215,0.07163,36.5967
2019-06-30,OC-OFFI-110,Office,Fullerton,165114,1976,0.812,2.1941,2.521,2.52,0.0716,0.448,2.7,0.149,0.6179,0.554,,Market / Lease-up Risk,1500.0,0.042,0.1378719542875324,0.0716,30.6439,0.03468,2.2702,0.07162,31.6987
2019-06-30,OC-OFFI-114,Office,Anaheim,108546,1988,0.844,2.0197,3.156,3.272,0.0739,0.406,3.0,0.289,0.9508,0.804,,Market / Lease-up Risk,950.98,0.042,0.13298516319157308,0.0739,27.3302,0.01897,2.058,0.07195,28.6017
2019-06-30,OC-OFFI-118,Office,Irvine,91289,1955,0.912,1.6179,2.745,2.791,0.0739,0.379,4.9,0.494,0.5968,0.229,,Market / Lease-up Risk,1393.94,0.042,0.127238827406435,0.0739,21.8931,0.02819,1.6635,0.07282,22.8438
2019-06-30,OC-OFFI-122,Office,Newport Beach,223060,1976,0.838,4.4265,3.583,3.508,0.0708,0.438,4.5,0.005,0.7543,0.559,,Market / Lease-up Risk,5400.0,0.042,0.12446058383228202,0.0708,62.5212,0.03175,4.5671,0.07292,62.6296
2019-06-30,OC-OFFI-126,Office,Orange,228338,1977,0.884,3.0465,1.86,1.797,0.0739,0.31,3.4,0.354,1.3275,0.665,,Market / Lease-up Risk,1148.15,0.042,0.14302065706199218,0.0739,41.2246,0.0338,3.1495,0.07216,43.6447
2019-06-30,OC-OFFI-130,Office,Santa Ana,165214,1971,0.781,2.4267,2.492,2.499,0.0748,0.338,3.4,0.031,0.6772,0.369,,Market / Lease-up Risk,2296.3,0.042,0.11962520093570943,0.0748,32.4425,0.01059,2.4524,0.07163,34.2381
2019-06-30,OC-OFFI-134,Office,Costa Mesa,126180,1960,0.915,3.3433,3.634,3.705,0.0704,0.301,6.0,0.26,1.0989,0.383,,Market / Lease-up Risk,3250.0,0.042,0.1501797359165318,0.0704,47.4901,0.05289,3.5201,0.07305,48.1906
2019-06-30,OC-OFFI-138,Office,Fullerton,127388,1978,0.887,2.1279,2.331,2.339,0.0734,0.313,5.7,0.177,0.9167,0.736,,Market / Lease-up Risk,1500.0,0.042,0.12850210130802053,0.0734,28.9905,0.0035,2.1354,0.07205,29.6376
2019-06-30,OC-OFFI-14,Office,Orange,205509,2002,0.944,3.7345,2.96,3.054,0.0677,0.447,6.6,0.259,1.0383,0.971,,Market / Lease-up Risk,1148.15,0.042,0.13774068945884096,0.0677,55.1625,0.02401,3.8242,0.07239,52.8303
2019-06-30,OC-OFFI-142,Office,Anaheim,232065,1973,0.801,3.7368,2.939,2.996,0.0725,0.4,5.6,0.469,1.5236,0.454,,Market / Lease-up Risk,950.98,0.042,0.0961032740176317,0.0725,51.5421,0.00286,3.7475,0.07263,51.594
2019-06-30,OC-OFFI-146,Office,Irvine,156891,1962,0.86,3.6372,3.572,3.59,0.065,0.338,2.5,0.214,1.3661,0.394,,Market / Lease-up Risk,1393.94,0.042,0.12705257897744976,0.065,55.9569,0.03043,3.7479,0.07238,51.7798
2019-06-30,OC-OFFI-150,Office,Newport Beach,147420,1955,0.758,2.0151,2.263,2.195,0.0671,0.301,4.1,0.257,0.2272,0.186,,Market / Lease-up Risk,5400.0,0.042,0.1385442700880959,0.0671,30.0313,0.02203,2.0595,0.07222,28.5158
2019-06-30,OC-OFFI-154,Office,Orange,191952,1972,0.783,2.4608,2.163,2.245,0.0643,0.336,3.2,0.035,1.0975,0.425,,Market / Lease-up Risk,1148.15,0.042,0.135692823439971,0.0643,38.2706,0.02686,2.5269,0.07224,34.9767
2019-06-30,OC-OFFI-158,Office,Santa Ana,233236,1972,0.783,3.1785,2.291,2.373,0.0664,0.354,4.7,0.139,0.5958,0.544,,Market / Lease-up Risk,2296.3,0.042,0.13013113607632762,0.0664,47.869,0.01294,3.2196,0.0716,44.9697
2019-06-30,OC-OFFI-162,Office,Costa Mesa,229082,1994,0.875,3.7183,2.782,2.81,0.0724,0.433,6.6,0.242,0.5363,0.802,,Market / Lease-up Risk,3250.0,0.042,0.11440754938454076,0.0724,51.3577,0.02197,3.8,0.07265,52.3084
2019-06-30,OC-OFFI-166,Office,Fullerton,246109,1969,0.79,4.5946,3.582,3.478,0.0678,0.439,2.0,0.27,0.9342,0.559,,Market / Lease-up Risk,1500.0,0.042,0.1521637730316548,0.0678,67.767,0.00544,4.6196,0.07246,63.7566
2019-06-30,OC-OFFI-170,Office,Anaheim,131209,1980,0.918,2.3746,2.419,2.345,0.0649,0.307,3.0,0.02,0.5185,0.523,,Market / Lease-up Risk,950.98,0.042,0.14647153619744313,0.0649,36.5886,0.0526,2.4995,0.0725,34.4755
2019-06-30,OC-OFFI-174,Office,Irvine,245136,1982,0.771,3.883,2.696,2.755,0.0669,0.352,5.0,0.017,0.3352,0.622,,Market / Lease-up Risk,1393.94,0.042,0.1226627997885376,0.0669,58.0419,0.03272,4.01,0.07199,55.7038
2019-06-30,OC-OFFI-178,Office,Newport Beach,114416,1965,0.893,2.1202,2.729,2.834,0.0761,0.333,6.8,0.456,0.8361,0.289,,Market / Lease-up Risk,5400.0,0.042,0.12971587312558897,0.0761,27.8607,0.01658,2.1554,0.07199,29.9381
2019-06-30,OC-OFFI-18,Office,Santa Ana,191372,1973,0.909,2.5329,2.229,2.314,0.062,0.427,6.6,0.153,0.4301,0.408,,Market / Lease-up Risk,2296.3,0.042,0.1361015246364068,0.062,40.8532,0.02243,2.5897,0.07204,35.9472
2019-06-30,OC-OFFI-182,Office,Orange,202039,1957,0.902,3.3669,2.478,2.409,0.0675,0.346,5.1,0.308,1.6741,0.156,,Market / Lease-up Risk,1148.15,0.042,0.13341569295351147,0.0675,49.88,-0.01511,3.316,0.07162,46.2984
2019-06-30,OC-OFFI-186,Office,Santa Ana,208134,1981,0.861,4.6086,3.694,3.649,0.0606,0.408,6.4,0.382,2.3394,0.746,,Market / Lease-up Risk,2296.3,0.042,0.14742072567402598,0.0606,76.0495,0.02921,4.7432,0.07144,66.397
2019-06-30,OC-OFFI-190,Office,Costa Mesa,172733,1976,0.805,2.9642,3.158,3.051,0.0654,0.426,6.3,0.343,1.3834,0.659,,Market / Lease-up Risk,3250.0,0.042,0.12085379284824259,0.0654,45.3242,0.034,3.065,0.07262,42.2044
2019-06-30,OC-OFFI-194,Office,Fullerton,194414,1987,0.853,4.9844,4.044,4.065,0.072,0.368,6.7,0.004,0.8472,0.638,,Market / Lease-up Risk,1500.0,0.042,0.15001833761751848,0.072,69.2278,0.01893,5.0787,0.07215,70.3963
2019-06-30,OC-OFFI-198,Office,Anaheim,170144,1981,0.918,3.7184,3.035,3.09,0.0745,0.333,3.9,0.397,0.9958,0.766,,Market / Lease-up Risk,950.98,0.042,0.13821442627280162,0.0745,49.9114,0.01085,3.7587,0.07231,51.9837
2019-06-30,OC-OFFI-202,Office,Irvine,104788,1982,0.918,2.0436,3.031,2.945,0.0658,0.404,5.0,0.14,0.3637,0.584,,Market / Lease-up Risk,1393.94,0.042,0.1523056711650378,0.0658,31.0578,0.0036,2.051,0.07189,28.529
2019-06-30,OC-OFFI-206,Office,Newport Beach,121882,1977,0.947,1.8379,2.119,2.06,0.0614,0.361,4.3,0.729,0.6544,0.525,,Market / Lease-up Risk,5400.0,0.042,0.1411468515222355,0.0614,29.9332,-0.00121,1.8357,0.07124,25.768
2019-06-30,OC-OFFI-210,Office,Orange,204362,1981,0.827,4.95,3.563,3.668,0.0697,0.301,6.8,0.097,1.2231,0.673,,Market / Lease-up Risk,1148.15,0.042,0.14970175950650483,0.0697,71.0187,0.03607,5.1286,0.07182,71.4041
2019-06-30,OC-OFFI-214,Office,Santa Ana,198914,1955,0.9,4.9827,3.601,3.728,0.0738,0.322,5.5,0.106,1.1482,0.239,,Market / Lease-up Risk,2296.3,0.042,0.12147163794445269,0.0738,67.5163,0.01699,5.0674,0.07152,70.8525
2019-06-30,OC-OFFI-218,Office,Costa Mesa,189071,1979,0.786,2.437,2.018,2.036,0.0669,0.309,2.9,0.113,0.8662,0.675,,Market / Lease-up Risk,3250.0,0.042,0.1393211588302363,0.0669,36.4275,0.00781,2.456,0.07206,34.0827
2019-06-30,OC-OFFI-22,Office,Costa Mesa,180532,1971,0.92,3.3133,2.604,2.66,0.0685,0.328,6.3,0.158,0.3967,0.409,,Market / Lease-up Risk,3250.0,0.042,0.13555297425802668,0.0685,48.3693,0.01828,3.3739,0.07187,46.9408
2019-06-30,OC-OFFI-222,Office,Fullerton,146051,1985,0.813,1.9853,2.218,2.219,0.0738,0.359,4.6,0.067,0.7485,0.757,,Market / Lease-up Risk,1500.0,0.042,0.14398318612387645,0.0738,26.9011,0.01166,2.0084,0.07138,28.1381
2019-06-30,OC-OFFI-226,Office,Anaheim,158492,1971,0.945,3.7177,3.294,3.334,0.0645,0.339,5.1,0.114,1.1519,0.318,,Market / Lease-up Risk,950.98,0.042,0.1149142663702743,0.0645,57.6388,-0.00154,3.712,0.07236,51.3002
2019-06-30,OC-OFFI-230,Office,Irvine,179837,1988,0.851,3.0809,3.046,3.116,0.0631,0.438,5.9,0.282,0.507,0.657,,Market / Lease-up Risk,1393.94,0.042,0.14063874582218522,0.0631,48.8257,0.01974,3.1417,0.0719,43.6937
2019-06-30,OC-OFFI-234,Office,Newport Beach,154777,1976,0.903,4.2976,3.746,3.859,0.0729,0.302,3.3,0.251,0.8055,0.634,,Market / Lease-up Risk,5400.0,0.042,0.1535709935725451,0.0729,58.952,0.01524,4.3631,0.07202,60.5813
2019-06-30,OC-OFFI-238,Office,Orange,204523,1981,0.776,3.0606,2.433,2.336,0.0731,0.326,4.8,0.404,0.4944,0.58,,Market / Lease-up Risk,1148.15,0.042,0.12967315224241172,0.0731,41.8687,0.05108,3.2169,0.07183,44.7847
2019-06-30,OC-OFFI-242,Office,Santa Ana,202137,1955,0.797,3.0973,2.631,2.581,0.0722,0.359,3.0,0.382,0.5834,0.102,,Market / Lease-up Risk,2296.3,0.042,0.1248182576514464,0.0722,42.8989,0.02582,3.1773,0.07138,44.5145
2019-06-30,OC-OFFI-246,Office,Costa Mesa,177225,1987,0.79,3.1506,3.216,3.169,0.0649,0.405,5.6,0.437,0.7313,0.8,,Market / Lease-up Risk,3250.0,0.042,0.15328748547630464,0.0649,48.5455,0.0167,3.2032,0.07202,44.4744
2019-06-30,OC-OFFI-250,Office,Fullerton,224411,1982,0.896,4.3515,2.759,2.778,0.0695,0.333,6.7,0.03,0.7019,0.621,,Market / Lease-up Risk,1500.0,0.042,0.12638682768889142,0.0695,62.6115,0.0228,4.4507,0.07237,61.4967
2019-06-30,OC-OFFI-254,Office,Anaheim,206455,1990,0.851,5.7373,4.272,4.115,0.0695,0.35,4.6,0.273,1.0294,0.72,,Market / Lease-up Risk,950.98,0.042,0.1331831758384725,0.0695,82.5511,0.01992,5.8516,0.07193,81.3567
2019-06-30,OC-OFFI-258,Office,Irvine,210797,1985,0.893,3.7423,2.486,2.486,0.065,0.32,6.7,0.089,0.7354,0.702,,Market / Lease-up Risk,1393.94,0.042,0.14237726852983973,0.065,57.5738,0.0098,3.779,0.0716,52.7758
2019-06-30,OC-OFFI-26,Office,Fullerton,172008,1966,0.848,3.2413,2.949,3.026,0.0683,0.339,3.9,0.456,0.4029,0.465,,Market / Lease-up Risk,1500.0,0.042,0.14340053059343377,0.0683,47.4568,0.02635,3.3267,0.07191,46.2617
2019-06-30,OC-OFFI-262,Office,Newport Beach,231578,1978,0.92,5.0252,2.928,2.82,0.067,0.315,3.6,0.412,0.4086,0.696,,Market / Lease-up Risk,5400.0,0.042,0.1143874839320456,0.067,75.003,0.0417,5.2348,0.07237,72.3318
2019-06-30,OC-OFFI-266,Office,Orange,211534,1958,0.788,3.5986,2.717,2.764,0.0767,0.303,3.3,0.154,0.4481,0.315,,Market / Lease-up Risk,1148.15,0.042,0.14273036803719652,0.0767,46.9179,0.00576,3.6193,0.07251,49.9128
2019-06-30,OC-OFFI-270,Office,Santa Ana,235047,1986,0.843,4.8049,2.95,2.845,0.0746,0.301,6.0,0.464,0.3333,0.625,,Market / Lease-up Risk,2296.3,0.042,0.11713540639918352,0.0746,64.4088,0.01333,4.869,0.07212,67.5146
2019-06-30,OC-OFFI-274,Office,Costa Mesa,115901,1984,0.902,2.1439,3.054,3.066,0.0676,0.429,2.6,0.238,1.0704,0.698,,Market / Lease-up Risk,3250.0,0.042,0.1666418958983595,0.0676,31.7145,0.02128,2.1895,0.07278,30.0834
2019-06-30,OC-OFFI-278,Office,Fullerton,111109,1993,0.894,1.9411,2.962,3.0,0.0745,0.439,6.4,0.487,0.6911,0.758,,Market / Lease-up Risk,1500.0,0.042,0.10791247744304779,0.0745,26.055,0.01008,1.9607,0.07136,27.475
2019-06-30,OC-OFFI-282,Office,Anaheim,118441,1961,0.901,2.2139,3.013,2.961,0.0761,0.396,6.1,0.168,0.8008,0.339,,Market / Lease-up Risk,950.98,0.042,0.12687440042275477,0.0761,29.092,0.00953,2.235,0.07214,30.9827
2019-06-30,OC-OFFI-286,Office,Irvine,93279,1977,0.945,1.5939,2.206,2.175,0.072,0.303,7.0,0.281,0.7658,0.586,,Market / Lease-up Risk,1393.94,0.042,0.11896731389894678,0.072,22.1375,0.0396,1.657,0.0721,22.9837
2019-06-30,OC-OFFI-290,Office,Newport Beach,215720,1969,0.771,3.4652,2.943,2.907,0.0646,0.379,4.2,0.203,0.9924,0.444,,Market / Lease-up Risk,5400.0,0.042,0.1290962302734905,0.0646,53.6409,0.029,3.5657,0.07246,49.2119
2019-06-30,OC-OFFI-294,Office,Orange,181931,1963,0.891,2.8145,2.376,2.413,0.0676,0.359,5.1,0.173,0.4892,0.329,,Market / Lease-up Risk,1148.15,0.042,0.1265837008611785,0.0676,41.6346,0.01688,2.862,0.07191,39.8003
2019-06-30,OC-OFFI-298,Office,Santa Ana,133833,1962,0.947,2.9769,3.522,3.392,0.0625,0.415,3.5,0.084,0.5931,0.291,,Market / Lease-up Risk,2296.3,0.042,0.12627653959798726,0.0625,47.6304,0.05114,3.1291,0.07188,43.5308
2019-06-30,OC-OFFI-30,Office,Anaheim,97594,1955,0.847,1.6235,2.761,2.821,0.0661,0.376,3.5,0.243,0.7151,0.109,,Market / Lease-up Risk,950.98,0.042,0.14457376430188082,0.0661,24.5613,0.02345,1.6616,0.07193,23.1014
2019-06-30,OC-OFFI-302,Office,Costa Mesa,153872,1980,0.766,2.5173,2.659,2.578,0.0761,0.317,4.3,0.292,0.2119,0.77,,Market / Lease-up Risk,3250.0,0.042,0.14367401357802623,0.0761,33.0788,0.01366,2.5517,0.07177,35.5514
2019-06-30,OC-OFFI-306,Office,Fullerton,223244,1979,0.931,4.4167,3.187,3.141,0.0706,0.433,4.4,0.407,0.8612,0.508,,Market / Lease-up Risk,1500.0,0.042,0.12502867604264836,0.0706,62.5595,0.02433,4.5242,0.07166,63.1329
2019-06-30,OC-OFFI-310,Office,Anaheim,167218,1972,0.844,4.0061,3.468,3.353,0.0693,0.304,5.1,0.14,1.2756,0.529,,Market / Lease-up Risk,950.98,0.042,0.14404558856115357,0.0693,57.8081,0.01792,4.0779,0.07071,57.6714
2019-06-30,OC-OFFI-314,Office,Irvine,245415,1990,0.828,4.7566,3.368,3.477,0.0685,0.409,4.7,0.645,1.4205,0.713,,Market / Lease-up Risk,1393.94,0.042,0.12785588427949043,0.0685,69.4394,0.03298,4.9135,0.07246,67.8095
2019-06-30,OC-OFFI-318,Office,Newport Beach,108199,1966,0.889,1.9681,3.068,2.972,0.077,0.415,6.5,0.132,0.87,0.459,,Market / Lease-up Risk,5400.0,0.042,0.1517912937533588,0.077,25.5597,0.01649,2.0006,0.07135,28.0404
2019-06-30,OC-OFFI-322,Office,Orange,94777,1955,0.767,1.3566,2.447,2.534,0.0695,0.331,7.0,0.152,0.5067,0.193,,Market / Lease-up Risk,1148.15,0.042,0.162347183324807,0.0695,19.5194,0.02706,1.3933,0.07206,19.3356
2019-06-30,OC-OFFI-326,Office,Santa Ana,150772,1970,0.875,3.0926,3.646,3.673,0.0711,0.436,3.5,0.111,0.5213,0.422,,Market / Lease-up Risk,2296.3,0.042,0.134784376838461,0.0711,43.4965,0.02416,3.1673,0.07085,44.707
2019-06-30,OC-OFFI-330,Office,Costa Mesa,163247,1962,0.894,3.3928,3.268,3.282,0.074,0.376,3.1,0.024,0.9882,0.198,,Market / Lease-up Risk,3250.0,0.042,0.12399831448911534,0.074,45.8486,0.02095,3.4639,0.07196,48.1349
2019-06-30,OC-OFFI-334,Office,Fullerton,165287,1955,0.922,2.4697,2.58,2.573,0.062,0.449,6.0,0.04,0.7106,0.225,,Market / Lease-up Risk,1500.0,0.042,0.14192321902225177,0.062,39.8339,0.02664,2.5355,0.07213,35.1502
2019-06-30,OC-OFFI-338,Office,Anaheim,171743,1967,0.8,2.6799,2.9,2.924,0.0694,0.41,4.2,0.14,0.5662,0.484,,Market / Lease-up Risk,950.98,0.042,0.14933969224790317,0.0694,38.6153,-0.00177,2.6752,0.07255,36.8727
2019-06-30,OC-OFFI-34,Office,Irvine,124846,1981,0.869,1.4097,1.998,1.918,0.074,0.447,2.6,0.199,0.2688,0.646,,Market / Lease-up Risk,1393.94,0.042,0.12869377533476115,0.074,19.05,0.01772,1.4347,0.0722,19.8714
2019-06-30,OC-OFFI-342,Office,Irvine,224008,1967,0.848,4.0895,2.769,2.669,0.0661,0.318,4.3,0.133,1.7244,0.479,,Market / Lease-up Risk,1393.94,0.042,0.13950472190777377,0.0661,61.8684,0.02215,4.1801,0.07135,58.5848
2019-06-30,OC-OFFI-346,Office,Newport Beach,178707,1964,0.877,2.965,2.597,2.584,0.076,0.361,3.7,0.75,0.5762,0.292,,Market / Lease-up Risk,5400.0,0.042,0.12973257229104118,0.076,39.0132,-0.00568,2.9482,0.07202,40.938
2019-06-30,OC-OFFI-350,Office,Orange,116022,1991,0.814,2.6245,3.787,3.712,0.0733,0.376,6.6,0.297,1.0723,0.766,,Market / Lease-up Risk,1148.15,0.042,0.12087899846731703,0.0733,35.8049,0.02189,2.682,0.07258,36.9531
2019-06-30,OC-OFFI-354,Office,Santa Ana,188349,1991,0.851,2.8171,2.622,2.585,0.0735,0.43,5.3,0.543,0.8925,0.809,,Market / Lease-up Risk,2296.3,0.042,0.14689824167588808,0.0735,38.3279,0.02777,2.8953,0.07232,40.0368
2019-06-30,OC-OFFI-358,Office,Costa Mesa,113125,1984,0.807,1.5222,2.505,2.43,0.0669,0.434,4.6,0.564,0.7341,0.854,,Market / Lease-up Risk,3250.0,0.042,0.12745007872203085,0.0669,22.7534,0.02292,1.5571,0.07163,21.7378
2019-06-30,OC-OFFI-362,Office,Fullerton,204787,1955,0.924,3.0779,2.394,2.457,0.0634,0.404,2.4,0.786,0.8116,0.156,,Market / Lease-up Risk,1500.0,0.042,0.1431471899792062,0.0634,48.5473,0.0353,3.1865,0.07208,44.2062
2019-06-30,OC-OFFI-366,Office,Anaheim,92623,1982,0.787,1.6782,2.879,2.949,0.0701,0.32,7.0,0.585,0.6399,0.595,,Market / Lease-up Risk,950.98,0.042,0.14364834857537412,0.0701,23.9401,0.00402,1.6849,0.07204,23.3894
2019-06-30,OC-OFFI-370,Office,Irvine,98471,1957,0.901,1.7054,3.038,2.928,0.0718,0.445,4.0,0.213,0.3282,0.066,,Market / Lease-up Risk,1393.94,0.042,0.1380326304854154,0.0718,23.7521,0.02962,1.7559,0.07094,24.751
2019-06-30,OC-OFFI-374,Office,Newport Beach,189213,1955,0.804,3.1823,3.023,3.043,0.0746,0.393,3.2,0.134,0.6701,0.133,,Market / Lease-up Risk,5400.0,0.042,0.12215288501684925,0.0746,42.6582,0.02485,3.2614,0.07206,45.2615
2019-06-30,OC-OFFI-378,Office,Orange,144457,1967,0.756,2.4759,3.309,3.409,0.0699,0.399,4.8,0.413,0.5277,0.432,,Market / Lease-up Risk,1148.15,0.042,0.13991869885843194,0.0699,35.4206,0.03522,2.5631,0.07221,35.4946
2019-06-30,OC-OFFI-38,Office,Newport Beach,157382,1976,0.793,3.2295,3.398,3.417,0.0718,0.332,4.8,0.171,0.8047,0.446,,Market / Lease-up Risk,5400.0,0.042,0.1497476042921968,0.0718,44.9791,0.01961,3.2928,0.07146,46.0802
2019-06-30,OC-OFFI-382,Office,Santa Ana,101976,1966,0.934,1.7021,2.368,2.446,0.0683,0.338,4.7,0.095,0.4944,0.271,,Market / Lease-up Risk,2296.3,0.042,0.13354625389013894,0.0683,24.9209,0.01615,1.7296,0.07218,23.9633
2019-06-30,OC-OFFI-386,Office,Costa Mesa,164391,1961,0.893,2.729,2.391,2.298,0.0654,0.318,2.4,0.016,1.3888,0.392,,Market / Lease-up Risk,3250.0,0.042,0.13121551414035973,0.0654,41.7278,-0.01123,2.6984,0.07171,37.6292
2019-06-30,OC-OFFI-390,Office,Fullerton,106766,1975,0.812,2.0357,3.231,3.293,0.0622,0.382,7.0,0.343,0.7545,0.657,,Market / Lease-up Risk,1500.0,0.042,0.14618310793124928,0.0622,32.7283,0.03753,2.1121,0.07193,29.3615
2019-06-30,OC-OFFI-394,Office,Anaheim,255275,1970,0.767,2.2082,1.4,1.383,0.0726,0.315,6.7,0.004,0.2917,0.58,,Market / Lease-up Risk,950.98,0.042,0.12324245591786265,0.0726,30.416,0.02667,2.2671,0.07178,31.5851
2019-06-30,OC-OFFI-398,Office,Irvine,132104,1961,0.929,2.5924,3.109,3.05,0.0642,0.404,2.3,0.245,0.5085,0.404,,Market / Lease-up Risk,1393.94,0.042,0.12222674804990222,0.0642,40.3801,0.02337,2.653,0.07159,37.058
2019-06-30,OC-OFFI-42,Office,Orange,233050,1991,0.769,4.9035,3.641,3.632,0.0725,0.361,2.1,0.019,0.8757,0.707,,Market / Lease-up Risk,1148.15,0.042,0.1616595954236439,0.0725,67.6345,0.00875,4.9464,0.0719,68.7947
2019-06-30,OC-OFFI-46,Office,Santa Ana,258515,1958,0.806,4.3137,3.078,3.195,0.0744,0.41,5.1,0.037,1.3334,0.154,,Market / Lease-up Risk,2296.3,0.042,0.10480298704119301,0.0744,57.9798,0.02685,4.4295,0.07249,61.1082
2019-06-30,OC-OFFI-50,Office,Costa Mesa,214633,1955,0.923,4.0027,2.896,2.858,0.0681,0.388,2.5,0.804,0.3505,0.115,,Market / Lease-up Risk,3250.0,0.042,0.14399745235516156,0.0681,58.7768,0.01015,4.0433,0.07179,56.3207
2019-06-30,OC-OFFI-54,Office,Fullerton,252563,1970,0.783,4.572,3.282,3.297,0.0728,0.401,2.8,0.027,0.3854,0.521,,Market / Lease-up Risk,1500.0,0.042,0.11884502431214679,0.0728,62.8022,0.03658,4.7392,0.07251,65.3602
2019-06-30,OC-OFFI-58,Office,Anaheim,252944,1962,0.89,3.5462,2.437,2.515,0.0613,0.433,4.5,0.199,1.2528,0.388,,Market / Lease-up Risk,950.98,0.042,0.131495433323222,0.0613,57.8499,0.01993,3.6169,0.0727,49.7519
2019-06-30,OC-OFFI-62,Office,Irvine,221938,1985,0.828,3.4974,2.387,2.442,0.0714,0.322,4.5,0.037,0.8622,0.612,,Market / Lease-up Risk,1393.94,0.042,0.11587127436818653,0.0714,48.9832,0.00507,3.5151,0.07084,49.6184
2019-06-30,OC-OFFI-66,Office,Newport Beach,183556,1965,0.9,2.3939,2.115,2.044,0.0752,0.399,3.3,0.105,0.5735,0.374,,Market / Lease-up Risk,5400.0,0.042,0.136021026201635,0.0752,31.8338,0.04095,2.4919,0.07247,34.3847
2019-06-30,OC-OFFI-70,Office,Orange,172901,1964,0.87,3.5104,2.937,2.824,0.0619,0.303,2.2,0.124,1.2798,0.389,,Market / Lease-up Risk,1148.15,0.042,0.14139022592042816,0.0619,56.7108,0.05803,3.7141,0.07185,51.691
2019-06-30,OC-OFFI-74,Office,Santa Ana,94313,1966,0.76,1.1248,2.242,2.206,0.0748,0.386,3.1,0.201,0.3029,0.262,,Market / Lease-up Risk,2296.3,0.042,0.1412540709230759,0.0748,15.0374,0.01542,1.1421,0.0718,15.9066
2019-06-30,OC-OFFI-78,Office,Costa Mesa,99796,1955,0.869,2.5998,3.919,3.771,0.0705,0.329,4.0,0.012,0.3014,0.19,,Market / Lease-up Risk,3250.0,0.042,0.14122760672802714,0.0705,36.8766,-0.00129,2.5965,0.07179,36.1692
2019-06-30,OC-OFFI-82,Office,Fullerton,120264,1984,0.948,2.9121,3.596,3.468,0.0624,0.396,5.1,0.238,0.6681,0.715,,Market / Lease-up Risk,1500.0,0.042,0.15551316103338045,0.0624,46.6683,0.02308,2.9793,0.0718,41.4966
2019-06-30,OC-OFFI-86,Office,Anaheim,205998,1959,0.814,2.882,2.378,2.289,0.0656,0.366,5.0,0.497,0.3055,0.282,,Market / Lease-up Risk,950.98,0.042,0.13392511262103984,0.0656,43.9329,0.05032,3.027,0.07048,42.9471
2019-06-30,OC-OFFI-90,Office,Irvine,194485,1998,0.929,4.6846,3.868,3.792,0.0629,0.43,4.7,0.29,1.555,0.903,,Market / Lease-up Risk,1393.94,0.042,0.12440406211398972,0.0629,74.4769,0.02204,4.7878,0.0718,66.6823
2019-06-30,OC-OFFI-94,Office,Newport Beach,141435,1989,0.867,2.298,2.463,2.473,0.0698,0.353,3.2,0.273,0.2017,0.874,,Market / Lease-up Risk,5400.0,0.042,0.15399767356170682,0.0698,32.9226,0.00249,2.3037,0.07213,31.9393
2019-06-30,OC-OFFI-98,Office,Orange,139883,1955,0.852,2.2472,2.491,2.402,0.0653,0.336,4.0,0.035,0.5966,0.238,,Market / Lease-up Risk,1148.15,0.042,0.15058829057929096,0.0653,34.4135,-0.00331,2.2398,0.07283,30.752
2019-06-30,OC-RETA-04,Retail,Anaheim,144882,1961,0.89,2.1653,2.403,2.416,0.0684,0.387,2.3,0.577,1.0039,0.314,,Market / Lease-up Risk,950.98,0.042,0.06761268313345993,0.0684,31.6564,0.03246,2.2356,0.06444,34.6909
2019-06-30,OC-RETA-08,Retail,Irvine,104869,1974,0.911,1.957,3.203,3.143,0.0658,0.439,5.2,0.734,0.9679,0.405,,Market / Lease-up Risk,1393.94,0.042,0.07788525408342174,0.0658,29.7416,0.03384,2.0232,0.06435,31.4395
2019-06-30,OC-RETA-100,Retail,Orange,43350,1963,0.97,0.9178,3.093,3.171,0.066,0.381,4.5,0.17,0.1024,0.199,,Market / Lease-up Risk,1148.15,0.042,0.07033243576302786,0.066,13.9061,0.05715,0.9702,0.06559,14.7917
2019-06-30,OC-RETA-104,Retail,Santa Ana,132478,1988,0.881,3.0092,3.716,3.578,0.0676,0.41,5.5,0.061,0.5765,0.841,,Market / Lease-up Risk,2296.3,0.042,0.07094955742073773,0.0676,44.5148,0.03161,3.1043,0.06409,48.4333
2019-06-30,OC-RETA-108,Retail,Costa Mesa,74444,1955,0.902,1.1508,2.489,2.553,0.0615,0.396,5.0,0.245,0.3929,0.219,,Market / Lease-up Risk,3250.0,0.042,0.05580969019533732,0.0615,18.7122,0.03566,1.1918,0.06548,18.2016
2019-06-30,OC-RETA-112,Retail,Fullerton,89723,1979,0.93,1.7163,2.821,2.743,0.0624,0.38,4.6,0.151,0.7584,0.522,,Market / Lease-up Risk,1500.0,0.042,0.07572840834837755,0.0624,27.5048,0.0407,1.7862,0.06488,27.5309
2019-06-30,OC-RETA-116,Retail,Anaheim,109311,1978,0.937,2.4039,3.435,3.524,0.0653,0.419,4.9,0.008,0.6568,0.505,,Market / Lease-up Risk,950.98,0.042,0.06091807315662261,0.0653,36.8132,0.02209,2.457,0.06444,38.1262
2019-06-30,OC-RETA-12,Retail,Newport Beach,30353,1972,0.888,0.5107,2.797,2.893,0.068,0.424,4.1,0.087,0.1778,0.505,,Market / Lease-up Risk,5400.0,0.042,0.054966072999080864,0.068,7.5103,0.03898,0.5306,0.06409,8.2796
2019-06-30,OC-RETA-120,Retail,Irvine,41823,1992,0.895,0.746,2.421,2.36,0.0608,0.3,2.7,0.182,0.0698,0.89,,Market / Lease-up Risk,1393.94,0.042,0.08192839151516905,0.0608,12.2697,0.01703,0.7587,0.06539,11.6031
2019-06-30,OC-RETA-124,Retail,Newport Beach,59202,1979,0.96,1.2927,2.783,2.893,0.0674,0.305,5.7,0.007,0.4229,0.632,,Market / Lease-up Risk,5400.0,0.042,0.05866034894891545,0.0674,19.1795,0.03394,1.3366,0.06453,20.7109
2019-06-30,OC-RETA-128,Retail,Orange,147390,1983,0.891,2.578,2.58,2.49,0.0631,0.353,5.0,0.037,0.9564,0.559,,Market / Lease-up Risk,1148.15,0.042,0.08281705815679102,0.0631,40.8558,0.03398,2.6656,0.06571,40.565
2019-06-30,OC-RETA-132,Retail,Santa Ana,41573,1973,0.912,1.2651,4.185,4.154,0.0594,0.322,2.7,0.02,0.7078,0.63,,Market / Lease-up Risk,2296.3,0.042,0.06571443561001435,0.0594,21.298,0.02532,1.2971,0.06376,20.3455
2019-06-30,OC-RETA-136,Retail,Costa Mesa,68870,1966,0.909,1.433,3.075,3.069,0.0677,0.347,4.5,0.017,0.441,0.396,,Market / Lease-up Risk,3250.0,0.042,0.05823074601257015,0.0677,21.1669,0.05597,1.5132,0.06476,23.3666
2019-06-30,OC-RETA-140,Retail,Fullerton,104902,1973,0.933,2.0586,3.011,3.034,0.0647,0.406,4.5,0.116,0.4285,0.535,,Market / Lease-up Risk,1500.0,0.042,0.07091026808456519,0.0647,31.8176,0.03748,2.1358,0.0645,33.1143
2019-06-30,OC-RETA-144,Retail,Anaheim,127528,1978,0.889,2.7445,3.543,3.568,0.0603,0.419,2.8,0.609,0.9469,0.711,,Market / Lease-up Risk,950.98,0.042,0.0732846270463798,0.0603,45.5141,0.0473,2.8743,0.06556,43.8426
2019-06-30,OC-RETA-148,Retail,Irvine,110138,2002,0.894,2.6282,3.28,3.236,0.0621,0.308,2.5,0.241,0.7852,0.948,,Market / Lease-up Risk,1393.94,0.042,0.06971212794398284,0.0621,42.3221,0.02128,2.6841,0.06526,41.1268
2019-06-30,OC-RETA-152,Retail,Newport Beach,66453,1994,0.936,1.4502,3.147,3.067,0.0593,0.37,4.2,0.156,0.4105,0.796,,Market / Lease-up Risk,5400.0,0.042,0.06950248339313048,0.0593,24.4553,0.02009,1.4793,0.06504,22.7446
2019-06-30,OC-RETA-156,Retail,Orange,64477,1968,0.96,0.7948,1.99,2.008,0.0594,0.434,2.2,0.341,0.2363,0.343,,Market / Lease-up Risk,1148.15,0.042,0.05792618191288182,0.0594,13.3805,0.01585,0.8074,0.06474,12.4721
2019-06-30,OC-RETA-16,Retail,Orange,145008,1969,0.952,3.6516,3.329,3.372,0.0645,0.303,5.6,0.091,0.3833,0.444,,Market / Lease-up Risk,1148.15,0.042,0.061354153613310924,0.0645,56.614,0.01055,3.6901,0.06486,56.8963
2019-06-30,OC-RETA-160,Retail,Santa Ana,122594,1971,0.96,2.498,2.821,2.885,0.0655,0.34,5.6,0.611,0.4272,0.379,,Market / Lease-up Risk,2296.3,0.042,0.07477575591526649,0.0655,38.1374,0.03991,2.5977,0.06518,39.857
2019-06-30,OC-RETA-164,Retail,Costa Mesa,62402,1990,0.913,1.1173,2.716,2.821,0.0605,0.386,3.1,0.181,0.1848,0.801,,Market / Lease-up Risk,3250.0,0.042,0.05799405298450738,0.0605,18.4678,0.02202,1.1419,0.06547,17.4409
2019-06-30,OC-RETA-168,Retail,Fullerton,39503,1974,0.943,0.3332,1.276,1.298,0.0594,0.404,5.2,0.655,0.1684,0.592,,Market / Lease-up Risk,1500.0,0.042,0.06707238890407405,0.0594,5.6094,0.04748,0.349,0.06407,5.4472
2019-06-30,OC-RETA-172,Retail,Anaheim,154204,1957,0.93,3.0151,3.11,2.993,0.0675,0.407,2.5,0.014,0.5187,0.325,,Market / Lease-up Risk,950.98,0.042,0.04791792626922012,0.0675,44.6681,0.00536,3.0313,0.06366,47.6151
2019-06-30,OC-RETA-176,Retail,Irvine,124093,1979,0.895,2.7645,3.302,3.385,0.063,0.359,2.5,0.231,1.3263,0.702,,Market / Lease-up Risk,1393.94,0.042,0.0735381442747249,0.063,43.881,0.02236,2.8263,0.06513,43.3945
2019-06-30,OC-RETA-180,Retail,Newport Beach,147498,1992,0.885,2.8795,2.954,3.016,0.0674,0.365,3.0,0.397,1.162,0.856,,Market / Lease-up Risk,5400.0,0.042,0.06041968488925158,0.0674,42.7226,0.04589,3.0116,0.06456,46.6475
2019-06-30,OC-RETA-184,Retail,Orange,140312,1969,0.931,3.1405,2.933,3.003,0.0659,0.303,2.7,0.013,1.6344,0.558,,Market / Lease-up Risk,1148.15,0.042,0.07998259943348963,0.0659,47.6555,0.02519,3.2196,0.06546,49.187
2019-06-30,OC-RETA-188,Retail,Santa Ana,31607,1995,0.912,0.6807,3.08,3.085,0.0602,0.348,2.6,0.171,0.1884,0.813,,Market / Lease-up Risk,2296.3,0.042,0.055853691758995475,0.0602,11.3073,0.01775,0.6928,0.0657,10.5439
2019-06-30,OC-RETA-192,Retail,Costa Mesa,92168,1979,0.951,1.5874,2.669,2.623,0.0643,0.423,5.2,0.052,0.8244,0.739,,Market / Lease-up Risk,3250.0,0.042,0.05859325809153031,0.0643,24.6874,0.06944,1.6976,0.06518,26.0438
2019-06-30,OC-RETA-196,Retail,Fullerton,149085,1987,0.928,3.0355,3.094,3.149,0.0655,0.397,6.0,0.006,1.0016,0.871,,Market / Lease-up Risk,1500.0,0.042,0.04076885712651028,0.0655,46.3435,0.01591,3.0838,0.06467,47.687
2019-06-30,OC-RETA-20,Retail,Santa Ana,115574,1975,0.949,2.1885,2.51,2.492,0.0682,0.324,5.0,0.331,0.512,0.625,,Market / Lease-up Risk,2296.3,0.042,0.055441096015084824,0.0682,32.0894,0.01371,2.2185,0.0657,33.7685
2019-06-30,OC-RETA-200,Retail,Anaheim,132948,1966,0.921,2.5601,3.067,2.955,0.0663,0.402,2.6,0.58,0.6145,0.334,,Market / Lease-up Risk,950.98,0.042,0.06286539187852924,0.0663,38.6139,0.04018,2.663,0.06497,40.9899
2019-06-30,OC-RETA-204,Retail,Irvine,33577,1988,0.945,0.6033,2.554,2.489,0.0674,0.367,4.4,0.008,0.1109,0.839,,Market / Lease-up Risk,1393.94,0.042,0.05510779677034339,0.0674,8.951,0.03009,0.6215,0.06544,9.496
2019-06-30,OC-RETA-208,Retail,Newport Beach,125902,1961,0.948,2.115,2.68,2.765,0.0652,0.42,3.1,0.619,1.1274,0.213,,Market / Lease-up Risk,5400.0,0.042,0.058394451272222925,0.0652,32.4387,0.03819,2.1958,0.06464,33.9708
2019-06-30,OC-RETA-212,Retail,Orange,52134,1976,0.886,1.1137,3.269,3.225,0.0675,0.353,4.8,0.078,0.228,0.425,,Market / Lease-up Risk,1148.15,0.042,0.06439278876233934,0.0675,16.4993,0.01708,1.1327,0.06554,17.2824
2019-06-30,OC-RETA-216,Retail,Santa Ana,52935,1980,0.946,0.8978,2.757,2.652,0.0678,0.447,3.5,0.35,0.268,0.725,,Market / Lease-up Risk,2296.3,0.042,0.02301922872363045,0.0678,13.2419,0.02721,0.9222,0.06462,14.2713
2019-06-30,OC-RETA-220,Retail,Costa Mesa,98533,1983,0.902,2.5409,3.513,3.384,0.0588,0.308,5.0,0.009,0.2696,0.817,,Market / Lease-up Risk,3250.0,0.042,0.0809711154005953,0.0588,43.2126,0.04012,2.6428,0.06458,40.9234
2019-06-30,OC-RETA-224,Retail,Fullerton,157963,1988,0.969,3.9987,3.262,3.204,0.0651,0.319,4.7,0.098,1.8943,0.672,,Market / Lease-up Risk,1500.0,0.042,0.07465824225292128,0.0651,61.424,0.04573,4.1816,0.06482,64.5112
2019-06-30,OC-RETA-228,Retail,Anaheim,148972,1981,0.959,2.0968,1.86,1.869,0.0647,0.329,2.7,0.051,0.3992,0.641,,Market / Lease-up Risk,950.98,0.042,0.08854757022826343,0.0647,32.408,0.02473,2.1486,0.06521,32.9485
2019-06-30,OC-RETA-232,Retail,Irvine,53488,1974,0.9,0.8348,2.211,2.26,0.0686,0.312,2.9,0.218,0.4078,0.497,,Market / Lease-up Risk,1393.94,0.042,0.05891178094686976,0.0686,12.1691,0.03645,0.8652,0.06489,13.3341
2019-06-30,OC-RETA-236,Retail,Newport Beach,150355,1974,0.884,3.8279,3.875,3.983,0.0687,0.368,4.7,0.182,0.9004,0.616,,Market / Lease-up Risk,5400.0,0.042,0.07500509963702504,0.0687,55.7191,0.037,3.9695,0.065,61.0704
2019-06-30,OC-RETA-24,Retail,Costa Mesa,48220,1971,0.886,1.2617,4.112,3.956,0.065,0.37,3.5,0.204,0.3354,0.334,,Market / Lease-up Risk,3250.0,0.042,0.07104599210472243,0.065,19.4108,0.03021,1.2998,0.06511,19.9647
2019-06-30,OC-RETA-240,Retail,Orange,58697,1955,0.912,0.7372,1.977,1.944,0.0671,0.389,2.7,0.364,0.2943,0.101,,Market / Lease-up Risk,1148.15,0.042,0.09334453367300888,0.0671,10.9866,0.01306,0.7468,0.06497,11.4956
2019-06-30,OC-RETA-244,Retail,Santa Ana,63468,1956,0.892,1.447,3.743,3.761,0.0606,0.401,3.1,0.505,0.6202,0.269,,Market / Lease-up Risk,2296.3,0.042,0.0354099369068091,0.0606,23.8779,0.03794,1.5019,0.06541,22.9629
2019-06-30,OC-RETA-248,Retail,Costa Mesa,57763,1979,0.903,0.9054,2.452,2.385,0.0676,0.398,3.7,0.101,0.1965,0.505,,Market / Lease-up Risk,3250.0,0.042,0.05298096634948714,0.0676,13.3935,0.01369,0.9178,0.06487,14.1476
2019-06-30,OC-RETA-252,Retail,Fullerton,68105,1973,0.91,1.296,2.662,2.659,0.0613,0.332,4.4,0.198,0.4319,0.584,,Market / Lease-up Risk,1500.0,0.042,0.03586017006417558,0.0613,21.1419,0.02755,1.3317,0.06534,20.3819
2019-06-30,OC-RETA-256,Retail,Anaheim,77713,1983,0.902,1.5173,2.894,2.816,0.0592,0.364,3.4,0.068,0.4341,0.564,,Market / Lease-up Risk,950.98,0.042,0.07028986675166585,0.0592,25.6301,0.04091,1.5794,0.06362,24.8271
2019-06-30,OC-RETA-260,Retail,Irvine,140347,1972,0.915,2.6792,3.222,3.19,0.0671,0.432,3.1,0.663,0.8301,0.476,,Market / Lease-up Risk,1393.94,0.042,0.06604856325489807,0.0671,39.9285,0.04163,2.7907,0.06516,42.8295
2019-06-30,OC-RETA-264,Retail,Newport Beach,79871,1961,0.947,1.4422,2.702,2.769,0.0661,0.381,2.4,0.046,0.3978,0.269,,Market / Lease-up Risk,5400.0,0.042,0.06268183763458073,0.0661,21.8185,0.03232,1.4888,0.06487,22.9513
2019-06-30,OC-RETA-268,Retail,Orange,106911,1977,0.924,2.3446,2.942,3.021,0.0639,0.314,3.4,0.002,1.2841,0.66,,Market / Lease-up Risk,1148.15,0.042,0.07166844433321055,0.0639,36.6917,0.02879,2.4121,0.06496,37.1309
2019-06-30,OC-RETA-272,Retail,Santa Ana,137195,1979,0.942,3.034,3.225,3.282,0.0621,0.381,2.8,0.394,0.4892,0.66,,Market / Lease-up Risk,2296.3,0.042,0.06188483150699043,0.0621,48.8567,0.0379,3.149,0.06392,49.2649
2019-06-30,OC-RETA-276,Retail,Costa Mesa,152477,1981,0.924,3.1022,3.308,3.394,0.0671,0.434,4.7,0.218,1.0288,0.713,,Market / Lease-up Risk,3250.0,0.042,0.03313729857257238,0.0671,46.2325,0.03539,3.212,0.06454,49.7636
2019-06-30,OC-RETA-28,Retail,Fullerton,125850,1970,0.9,2.7203,3.503,3.428,0.0592,0.417,3.1,0.05,1.1473,0.568,,Market / Lease-up Risk,1500.0,0.042,0.06147806628308559,0.0592,45.951,0.02041,2.7758,0.06498,42.718
2019-06-30,OC-RETA-280,Retail,Fullerton,62666,1984,0.964,1.2349,3.149,3.26,0.0674,0.448,5.9,0.141,0.6035,0.664,,Market / Lease-up Risk,1500.0,0.042,0.08275347591186331,0.0674,18.322,0.03224,1.2747,0.06483,19.6636
2019-06-30,OC-RETA-284,Retail,Anaheim,140790,1990,0.962,2.5734,2.88,2.829,0.0604,0.439,4.3,0.003,0.5067,0.701,,Market / Lease-up Risk,950.98,0.042,0.08358840370302476,0.0604,42.606,0.0252,2.6383,0.06439,40.9718
2019-06-30,OC-RETA-288,Retail,Irvine,87617,1975,0.916,2.5483,4.066,4.051,0.0685,0.315,4.2,0.684,0.7958,0.427,,Market / Lease-up Risk,1393.94,0.042,0.057252821636335424,0.0685,37.2015,0.02376,2.6089,0.06442,40.5002
2019-06-30,OC-RETA-292,Retail,Newport Beach,137176,1956,0.884,3.0861,3.322,3.233,0.0694,0.328,3.3,0.089,0.7697,0.172,,Market / Lease-up Risk,5400.0,0.042,0.10190634458024699,0.0694,44.4683,0.01327,3.127,0.06545,47.7795
2019-06-30,OC-RETA-296,Retail,Orange,94643,1971,0.942,2.3384,3.256,3.377,0.059,0.315,4.2,0.753,0.5873,0.527,,Market / Lease-up Risk,1148.15,0.042,0.07919965761952856,0.059,39.6339,0.0213,2.3882,0.06514,36.6649
2019-06-30,OC-RETA-300,Retail,Santa Ana,131866,1984,0.901,2.6973,3.074,2.967,0.0628,0.372,2.1,0.074,0.5486,0.577,,Market / Lease-up Risk,2296.3,0.042,0.0727344428536517,0.0628,42.9506,0.02602,2.7675,0.06511,42.5027
2019-06-30,OC-RETA-304,Retail,Costa Mesa,154513,1980,0.944,2.426,2.373,2.348,0.067,0.404,4.4,0.179,0.2153,0.588,,Market / Lease-up Risk,3250.0,0.042,0.06555979836266933,0.067,36.209,0.02338,2.4827,0.06519,38.0838
2019-06-30,OC-RETA-308,Retail,Fullerton,58733,1975,0.969,1.572,3.548,3.637,0.0667,0.338,3.0,0.433,0.7527,0.601,,Market / Lease-up Risk,1500.0,0.042,0.07200345493012184,0.0667,23.5682,0.02642,1.6135,0.06482,24.8942
2019-06-30,OC-RETA-312,Retail,Anaheim,33893,1973,0.969,0.9049,3.64,3.559,0.064,0.336,2.4,0.643,0.4394,0.412,,Market / Lease-up Risk,950.98,0.042,0.0692741422567826,0.064,14.1391,0.02931,0.9314,0.06423,14.5002
2019-06-30,OC-RETA-316,Retail,Irvine,68903,1987,0.948,1.6886,3.451,3.469,0.0683,0.363,3.4,0.219,0.2273,0.795,,Market / Lease-up Risk,1393.94,0.042,0.06998881674060119,0.0683,24.7233,0.01902,1.7207,0.06581,26.1486
2019-06-30,OC-RETA-32,Retail,Anaheim,127274,1955,0.882,1.7364,2.164,2.232,0.0628,0.373,4.9,0.042,0.2914,0.171,,Market / Lease-up Risk,950.98,0.042,0.057586815820323954,0.0628,27.6497,0.05731,1.8359,0.06507,28.2146
2019-06-30,OC-RETA-320,Retail,Newport Beach,107514,1957,0.968,2.2084,3.007,3.117,0.068,0.381,3.1,0.07,0.2684,0.161,,Market / Lease-up Risk,5400.0,0.042,0.04360159465370873,0.068,32.4765,0.04355,2.3046,0.06614,34.8432
2019-06-30,OC-RETA-324,Retail,Orange,85589,1955,0.9,2.1401,3.687,3.639,0.0635,0.339,6.0,0.094,0.1789,0.152,,Market / Lease-up Risk,1148.15,0.042,0.050708775051516546,0.0635,33.7024,0.03776,2.2209,0.06443,34.4714
2019-06-30,OC-RETA-328,Retail,Santa Ana,94964,1979,0.966,1.801,2.82,2.813,0.0675,0.408,3.3,0.04,0.867,0.582,,Market / Lease-up Risk,2296.3,0.042,0.06732910047936255,0.0675,26.6815,0.02665,1.849,0.06429,28.7596
2019-06-30,OC-RETA-332,Retail,Costa Mesa,73412,1968,0.956,1.4785,3.0,3.028,0.0674,0.384,3.8,0.423,0.2485,0.417,,Market / Lease-up Risk,3250.0,0.042,0.06489196782458122,0.0674,21.9362,0.03931,1.5366,0.06526,23.545
2019-06-30,OC-RETA-336,Retail,Fullerton,99859,1959,0.91,1.8119,2.595,2.552,0.065,0.326,3.9,0.303,0.2865,0.277,,Market / Lease-up Risk,1500.0,0.042,0.06955238525805148,0.065,27.8754,-0.00395,1.8047,0.0654,27.5973
2019-06-30,OC-RETA-340,Retail,Anaheim,43442,1969,0.95,0.7531,2.607,2.512,0.0617,0.386,3.5,0.394,0.1724,0.465,,Market / Lease-up Risk,950.98,0.042,0.08745080734996567,0.0617,12.2058,0.00014,0.7532,0.0648,11.6231
2019-06-30,OC-RETA-344,Retail,Irvine,42892,1966,0.955,0.7143,2.761,2.831,0.0666,0.446,4.2,0.47,0.1561,0.257,,Market / Lease-up Risk,1393.94,0.042,0.05492184313746512,0.0666,10.7252,0.02663,0.7333,0.06524,11.2405
2019-06-30,OC-RETA-348,Retail,Newport Beach,134557,1975,0.89,2.37,2.862,2.767,0.0623,0.412,5.2,0.196,1.2954,0.527,,Market / Lease-up Risk,5400.0,0.042,0.05902956982514389,0.0623,38.0417,0.04485,2.4763,0.06491,38.1472
2019-06-30,OC-RETA-352,Retail,Orange,142338,1974,0.959,2.9029,3.178,3.245,0.0659,0.413,4.1,0.21,0.7406,0.461,,Market / Lease-up Risk,1148.15,0.042,0.05381217721334669,0.0659,44.0501,0.06031,3.078,0.06603,46.6162
2019-06-30,OC-RETA-356,Retail,Santa Ana,145830,1956,0.936,3.4638,3.71,3.759,0.0599,0.4,2.4,0.232,1.6994,0.217,,Market / Lease-up Risk,2296.3,0.042,0.06144150966701021,0.0599,57.8264,0.02525,3.5513,0.06533,54.3626
2019-06-30,OC-RETA-36,Retail,Irvine,85329,1955,0.942,1.3549,2.669,2.727,0.0667,0.446,4.5,0.101,0.426,0.098,,Market / Lease-up Risk,1393.94,0.042,0.07498959501920124,0.0667,20.3133,0.03745,1.4056,0.06499,21.63
2019-06-30,OC-RETA-360,Retail,Costa Mesa,132389,1973,0.88,2.9813,3.292,3.361,0.0663,0.339,4.7,0.126,1.4968,0.617,,Market / Lease-up Risk,3250.0,0.042,0.07770822653236849,0.0663,44.9668,0.03525,3.0864,0.06496,47.5119
2019-06-30,OC-RETA-364,Retail,Fullerton,118585,1976,0.953,2.1909,2.907,2.878,0.0604,0.415,3.1,0.262,0.8202,0.474,,Market / Lease-up Risk,1500.0,0.042,0.08405375419853517,0.0604,36.2732,0.00979,2.2123,0.06522,33.9203
2019-06-30,OC-RETA-368,Retail,Anaheim,156524,1969,0.923,2.4747,2.385,2.299,0.061,0.37,5.9,0.111,0.4728,0.283,,Market / Lease-up Risk,950.98,0.042,0.06079157169450897,0.061,40.5689,0.0351,2.5616,0.06456,39.6774
2019-06-30,OC-RETA-372,Retail,Irvine,55159,1965,0.937,1.1755,3.303,3.424,0.0682,0.396,2.1,0.352,0.1781,0.251,,Market / Lease-up Risk,1393.94,0.042,0.05913504383149372,0.0682,17.2361,0.02528,1.2052,0.06483,18.5893
2019-06-30,OC-RETA-376,Retail,Newport Beach,73111,1966,0.924,1.2692,2.715,2.63,0.0666,0.393,5.4,0.256,0.624,0.472,,Market / Lease-up Risk,5400.0,0.042,0.06009671555813573,0.0666,19.0571,0.02144,1.2964,0.06528,19.8606
2019-06-30,OC-RETA-380,Retail,Orange,116713,1987,0.921,1.5306,1.972,1.915,0.0622,0.386,5.6,0.495,0.3314,0.737,,Market / Lease-up Risk,1148.15,0.042,0.06707273620845162,0.0622,24.6077,0.02082,1.5625,0.0651,24.0019
2019-06-30,OC-RETA-384,Retail,Santa Ana,112322,1960,0.916,2.5467,3.75,3.739,0.0668,0.421,4.5,0.001,1.162,0.322,,Market / Lease-up Risk,2296.3,0.042,0.07949569638924532,0.0668,38.1243,0.02536,2.6113,0.06508,40.1225
2019-06-30,OC-RETA-388,Retail,Costa Mesa,63396,1978,0.91,1.0131,2.656,2.58,0.064,0.42,2.9,0.284,0.3418,0.497,,Market / Lease-up Risk,3250.0,0.042,0.05910107144002077,0.064,15.8297,0.04336,1.057,0.0648,16.3133
2019-06-30,OC-RETA-392,Retail,Fullerton,44962,1967,0.89,0.8431,3.192,3.289,0.0636,0.421,5.4,0.075,0.3078,0.461,,Market / Lease-up Risk,1500.0,0.042,0.06946028219423513,0.0636,13.2563,0.00902,0.8507,0.06472,13.1444
2019-06-30,OC-RETA-396,Retail,Anaheim,42683,1961,0.885,0.7075,2.743,2.757,0.0629,0.401,5.6,0.154,0.2494,0.167,,Market / Lease-up Risk,950.98,0.042,0.06210226868538036,0.0629,11.248,0.01789,0.7202,0.06451,11.1631
2019-06-30,OC-RETA-40,Retail,Newport Beach,119742,1970,0.907,2.6552,3.459,3.324,0.0622,0.38,3.0,0.095,1.0048,0.396,,Market / Lease-up Risk,5400.0,0.042,0.05539254854089464,0.0622,42.6881,0.01158,2.686,0.06469,41.5209
2019-06-30,OC-RETA-400,Retail,Irvine,97321,1976,0.962,2.3388,3.144,3.058,0.0631,0.303,4.6,0.56,0.5514,0.424,,Market / Lease-up Risk,1393.94,0.042,0.06151229633102766,0.0631,37.065,0.0097,2.3615,0.06409,36.8485
2019-06-30,OC-RETA-44,Retail,Orange,129090,1968,0.917,2.4787,2.8,2.893,0.0647,0.344,2.7,0.431,1.3403,0.302,,Market / Lease-up Risk,1148.15,0.042,0.065935809934832,0.0647,38.3107,0.00924,2.5016,0.0658,38.0206
2019-06-30,OC-RETA-48,Retail,Santa Ana,73211,1960,0.953,1.1461,2.459,2.539,0.061,0.414,4.9,0.211,0.5918,0.348,,Market / Lease-up Risk,2296.3,0.042,0.07838170387531952,0.061,18.7885,0.02195,1.1713,0.06519,17.9657
2019-06-30,OC-RETA-52,Retail,Costa Mesa,36052,1977,0.905,0.5727,2.471,2.554,0.0663,0.396,2.3,0.378,0.2842,0.66,,Market / Lease-up Risk,3250.0,0.042,0.0922396639594299,0.0663,8.638,0.01534,0.5815,0.06419,9.0585
2019-06-30,OC-RETA-56,Retail,Fullerton,70003,1977,0.967,1.9107,4.117,4.117,0.065,0.417,3.7,0.003,0.4545,0.584,,Market / Lease-up Risk,1500.0,0.042,0.07570107134369966,0.065,29.3954,0.01293,1.9354,0.06515,29.7049
2019-06-30,OC-RETA-60,Retail,Anaheim,158624,1968,0.899,2.4363,2.71,2.795,0.0653,0.447,4.9,0.047,0.8372,0.396,,Market / Lease-up Risk,950.98,0.042,0.07192673501136357,0.0653,37.3093,0.05254,2.5643,0.06333,40.4934
2019-06-30,OC-RETA-64,Retail,Irvine,111879,1974,0.901,2.1286,2.672,2.597,0.06,0.328,2.1,0.225,0.3709,0.592,,Market / Lease-up Risk,1393.94,0.042,0.06321422537950822,0.06,35.4767,0.00921,2.1482,0.06548,32.806
2019-06-30,OC-RETA-68,Retail,Newport Beach,40942,1981,0.895,0.9746,3.432,3.302,0.0661,0.341,3.6,0.006,0.3018,0.568,,Market / Lease-up Risk,5400.0,0.042,0.07168363757660057,0.0661,14.7443,0.03113,1.0049,0.06473,15.5248
2019-06-30,OC-RETA-72,Retail,Orange,131128,1979,0.919,1.893,2.409,2.335,0.0603,0.428,2.4,0.102,0.7332,0.478,,Market / Lease-up Risk,1148.15,0.042,0.06777555802556712,0.0603,31.393,0.04884,1.9854,0.065,30.5469
2019-06-30,OC-RETA-76,Retail,Santa Ana,90839,1980,0.935,2.4788,3.704,3.846,0.0602,0.33,2.2,0.189,0.6352,0.685,,Market / Lease-up Risk,2296.3,0.042,0.06440445947960186,0.0602,41.1761,0.02571,2.5425,0.06445,39.4488
2019-06-30,OC-RETA-80,Retail,Costa Mesa,159848,1981,0.945,3.2134,2.599,2.507,0.0632,0.304,3.2,0.223,0.8557,0.649,,Market / Lease-up Risk,3250.0,0.042,0.0638219393655169,0.0632,50.8449,0.03361,3.3214,0.06531,50.8559
2019-06-30,OC-RETA-84,Retail,Fullerton,43694,2000,0.965,0.6827,2.382,2.44,0.0641,0.422,2.9,0.65,0.0977,0.9,,Market / Lease-up Risk,1500.0,0.042,0.04487616525505257,0.0641,10.6505,0.04499,0.7134,0.06507,10.9641
2019-06-30,OC-RETA-88,Retail,Anaheim,135792,1988,0.885,2.1643,2.474,2.408,0.0653,0.381,4.4,0.491,0.7613,0.666,,Market / Lease-up Risk,950.98,0.042,0.04813755869860363,0.0653,33.144,0.04542,2.2626,0.06488,34.8725
2019-06-30,OC-RETA-92,Retail,Irvine,48571,1974,0.941,0.8575,2.862,2.892,0.0636,0.425,5.4,0.269,0.4487,0.454,,Market / Lease-up Risk,1393.94,0.042,0.07736382984450144,0.0636,13.4827,0.00161,0.8589,0.06455,13.3058
2019-06-30,OC-RETA-96,Retail,Newport Beach,68378,1974,0.893,1.0221,2.415,2.456,0.0657,0.392,5.6,0.178,0.0975,0.407,,Market / Lease-up Risk,5400.0,0.042,0.06043176849190402,0.0657,15.5571,0.0234,1.046,0.06391,16.3672
2020-06-30,OC-INDU-01,Industrial,Anaheim,101627,1988,0.973,1.2473,1.613,1.645,0.058,0.335,3.7,0.001,0.6619,0.711,,Market / Lease-up Risk,950.98,0.043,0.055376106399424856,0.058,21.5052,0.00666,1.2556,0.05504,22.8133
2020-06-30,OC-INDU-05,Industrial,Irvine,112413,1980,0.951,1.1278,1.327,1.325,0.0571,0.324,2.3,0.155,0.6831,0.72,,Market / Lease-up Risk,1393.94,0.043,0.07398269634685503,0.0571,19.7513,0.01615,1.146,0.05548,20.6549
2020-06-30,OC-INDU-09,Industrial,Newport Beach,142280,1955,0.987,1.3966,1.569,1.575,0.0557,0.444,4.1,0.19,0.7451,0.064,,Market / Lease-up Risk,5400.0,0.043,0.05899920172311438,0.0557,25.0736,0.02727,1.4347,0.05561,25.8012
2020-06-30,OC-INDU-101,Industrial,Santa Ana,149450,1970,0.943,1.7242,1.745,1.746,0.0577,0.385,7.2,0.742,0.3214,0.343,,Market / Lease-up Risk,2296.3,0.043,0.05926459493520986,0.0577,29.8821,0.01779,1.7549,0.05444,32.2343
2020-06-30,OC-INDU-105,Industrial,Costa Mesa,138335,1964,0.969,1.8802,1.89,1.956,0.051,0.349,4.1,0.099,0.7574,0.295,,Market / Lease-up Risk,3250.0,0.043,0.06893133604748547,0.051,36.8667,0.03301,1.9423,0.0552,35.1838
2020-06-30,OC-INDU-109,Industrial,Fullerton,151860,1970,0.949,1.8785,1.781,1.717,0.0551,0.358,3.5,0.103,0.6602,0.307,,Market / Lease-up Risk,1500.0,0.043,0.0529350950454133,0.0551,34.0926,0.03282,1.9402,0.05517,35.1654
2020-06-30,OC-INDU-113,Industrial,Anaheim,187790,1981,0.986,1.7142,1.191,1.182,0.0547,0.339,4.9,0.035,0.5365,0.772,,Market / Lease-up Risk,950.98,0.043,0.057958818562546234,0.0547,31.3382,0.03895,1.781,0.0548,32.4982
2020-06-30,OC-INDU-117,Industrial,Irvine,161763,1965,0.934,1.7342,1.549,1.511,0.0513,0.35,2.9,0.335,0.9436,0.34,,Market / Lease-up Risk,1393.94,0.043,0.0454252933641484,0.0513,33.8051,0.06564,1.848,0.05489,33.6691
2020-06-30,OC-INDU-121,Industrial,Newport Beach,190965,1977,0.935,1.6519,1.42,1.381,0.0566,0.446,5.6,0.041,0.2248,0.552,,Market / Lease-up Risk,5400.0,0.043,0.06071940579462349,0.0566,29.1855,0.04094,1.7195,0.05495,31.2911
2020-06-30,OC-INDU-125,Industrial,Orange,150970,1998,0.977,1.653,1.669,1.721,0.0563,0.429,3.9,0.506,0.6698,0.887,,Market / Lease-up Risk,1148.15,0.043,0.06473636784902442,0.0563,29.3606,0.05147,1.7381,0.05541,31.3662
2020-06-30,OC-INDU-129,Industrial,Santa Ana,88144,1975,0.988,1.2002,1.757,1.758,0.0583,0.333,4.6,0.151,0.3771,0.528,,Market / Lease-up Risk,2296.3,0.043,0.042952293556845184,0.0583,20.5866,0.02484,1.23,0.0553,22.2429
2020-06-30,OC-INDU-13,Industrial,Orange,74826,1962,0.983,0.7819,1.594,1.639,0.0533,0.415,3.5,0.042,0.3818,0.29,,Market / Lease-up Risk,1148.15,0.043,0.06822394793876652,0.0533,14.6698,0.02553,0.8019,0.05507,14.5601
2020-06-30,OC-INDU-133,Industrial,Costa Mesa,139600,1970,0.96,1.6235,1.586,1.562,0.0574,0.33,7.7,0.472,0.7244,0.345,,Market / Lease-up Risk,3250.0,0.043,0.03891260427631319,0.0574,28.284,0.06821,1.7342,0.05484,31.6263
2020-06-30,OC-INDU-137,Industrial,Fullerton,140303,1977,0.95,1.8018,1.857,1.825,0.0553,0.381,5.3,0.613,0.184,0.555,,Market / Lease-up Risk,1500.0,0.043,0.040310215672048656,0.0553,32.5823,0.01273,1.8247,0.05544,32.9164
2020-06-30,OC-INDU-141,Industrial,Anaheim,163970,1986,0.994,1.7257,1.634,1.609,0.0556,0.449,2.7,0.125,0.8463,0.735,,Market / Lease-up Risk,950.98,0.043,0.05422258526654251,0.0556,31.0378,0.03942,1.7937,0.05512,32.5433
2020-06-30,OC-INDU-145,Industrial,Irvine,147661,1955,0.987,1.4994,1.54,1.542,0.0579,0.414,7.8,0.182,0.619,0.143,,Market / Lease-up Risk,1393.94,0.043,0.044833563190366216,0.0579,25.8964,0.03069,1.5454,0.05493,28.1328
2020-06-30,OC-INDU-149,Industrial,Newport Beach,73003,1966,0.931,0.4425,0.876,0.892,0.0547,0.348,3.5,0.333,0.1623,0.462,,Market / Lease-up Risk,5400.0,0.043,0.04658972260106553,0.0547,8.0896,0.01335,0.4484,0.05537,8.098
2020-06-30,OC-INDU-153,Industrial,Orange,201915,1981,0.939,2.0776,1.582,1.615,0.05,0.411,6.6,0.048,1.0284,0.514,,Market / Lease-up Risk,1148.15,0.043,0.058868861451422956,0.05,41.552,0.02357,2.1266,0.05491,38.7307
2020-06-30,OC-INDU-157,Industrial,Santa Ana,85937,1955,0.992,1.0831,1.627,1.594,0.0512,0.315,2.7,0.386,0.1065,0.103,,Market / Lease-up Risk,2296.3,0.043,0.06783674920780128,0.0512,21.1543,0.00542,1.089,0.05552,19.6141
2020-06-30,OC-INDU-161,Industrial,Costa Mesa,70670,1955,0.999,0.6349,1.429,1.435,0.0566,0.448,4.1,0.062,0.1291,0.127,,Market / Lease-up Risk,3250.0,0.043,0.05226577579244134,0.0566,11.2173,0.03511,0.6572,0.05513,11.9218
2020-06-30,OC-INDU-165,Industrial,Fullerton,174830,1991,0.935,1.4713,1.357,1.403,0.0535,0.436,3.9,0.034,0.9075,0.707,,Market / Lease-up Risk,1500.0,0.043,0.04747827131631578,0.0535,27.5009,0.03355,1.5207,0.0557,27.3015
2020-06-30,OC-INDU-169,Industrial,Anaheim,144531,1983,0.998,1.7556,1.547,1.539,0.0538,0.331,5.9,0.112,0.9435,0.651,,Market / Lease-up Risk,950.98,0.043,0.039444758237571646,0.0538,32.632,0.0308,1.8097,0.05484,32.997
2020-06-30,OC-INDU-17,Industrial,Santa Ana,61664,1967,0.999,0.7607,1.897,1.955,0.0579,0.429,3.5,0.051,0.4106,0.244,,Market / Lease-up Risk,2296.3,0.043,0.051829926990710026,0.0579,13.1382,0.02309,0.7783,0.05488,14.1818
2020-06-30,OC-INDU-173,Industrial,Irvine,171238,1995,0.994,1.4394,1.255,1.289,0.0555,0.427,5.2,0.064,0.7498,0.877,,Market / Lease-up Risk,1393.94,0.043,0.0595360053077639,0.0555,25.9351,0.0419,1.4997,0.05448,27.5289
2020-06-30,OC-INDU-177,Industrial,Newport Beach,113563,1961,0.952,1.5072,1.982,1.984,0.0528,0.383,5.1,0.088,0.3252,0.173,,Market / Lease-up Risk,5400.0,0.043,0.05157516815883123,0.0528,28.5455,0.03225,1.5558,0.05483,28.3776
2020-06-30,OC-INDU-181,Industrial,Orange,186046,1955,0.994,2.3502,1.618,1.634,0.0557,0.311,4.0,0.084,0.7075,0.158,,Market / Lease-up Risk,1148.15,0.043,0.07897683686821454,0.0557,42.1939,0.02461,2.408,0.05563,43.2834
2020-06-30,OC-INDU-185,Industrial,Santa Ana,76025,1963,0.956,1.0188,1.863,1.934,0.0593,0.34,7.0,0.291,0.2735,0.275,,Market / Lease-up Risk,2296.3,0.043,0.04393950947657139,0.0593,17.1804,0.04867,1.0684,0.05494,19.4451
2020-06-30,OC-INDU-189,Industrial,Costa Mesa,150166,1977,0.933,1.1966,1.133,1.154,0.0569,0.359,4.6,0.12,0.2392,0.69,,Market / Lease-up Risk,3250.0,0.043,0.049391014166018224,0.0569,21.0299,0.01497,1.2145,0.05554,21.8678
2020-06-30,OC-INDU-193,Industrial,Fullerton,130290,1955,0.945,1.3973,1.488,1.469,0.0579,0.331,5.4,0.274,0.5684,0.05,,Market / Lease-up Risk,1500.0,0.043,0.06325139939865036,0.0579,24.133,0.01985,1.425,0.05467,26.0672
2020-06-30,OC-INDU-197,Industrial,Anaheim,80661,1992,0.995,1.0342,1.899,1.862,0.0558,0.423,6.0,0.0,0.0936,0.796,,Market / Lease-up Risk,950.98,0.043,0.06917144482983767,0.0558,18.5341,0.03756,1.073,0.05509,19.479
2020-06-30,OC-INDU-201,Industrial,Irvine,95338,1955,0.937,1.1678,1.803,1.753,0.057,0.364,3.6,0.043,0.2693,0.251,,Market / Lease-up Risk,1393.94,0.043,0.03804182156875675,0.057,20.4877,0.00565,1.1744,0.05617,20.9084
2020-06-30,OC-INDU-205,Industrial,Newport Beach,138229,1987,0.949,0.9714,1.097,1.056,0.0572,0.426,4.8,0.2,0.4473,0.791,,Market / Lease-up Risk,5400.0,0.043,0.050581725288975636,0.0572,16.9825,0.0351,1.0055,0.05458,18.4209
2020-06-30,OC-INDU-209,Industrial,Orange,148647,1956,0.972,1.6004,1.431,1.472,0.0499,0.321,4.3,0.539,0.7602,0.171,,Market / Lease-up Risk,1148.15,0.043,0.06575949776213331,0.0499,32.0721,0.0174,1.6282,0.05575,29.2083
2020-06-30,OC-INDU-21,Industrial,Costa Mesa,147907,1979,0.941,1.7979,1.637,1.589,0.049,0.329,4.0,0.228,0.807,0.673,,Market / Lease-up Risk,3250.0,0.043,0.03616418662079154,0.049,36.6918,0.03217,1.8557,0.05477,33.8837
2020-06-30,OC-INDU-213,Industrial,Santa Ana,69685,1970,0.955,0.5634,1.146,1.132,0.0552,0.352,4.9,0.049,0.2453,0.365,,Market / Lease-up Risk,2296.3,0.043,0.05702283550582898,0.0552,10.2065,0.03076,0.5807,0.05542,10.4787
2020-06-30,OC-INDU-217,Industrial,Costa Mesa,179727,1977,0.94,1.5016,1.17,1.157,0.0527,0.354,4.7,0.113,0.8347,0.578,,Market / Lease-up Risk,3250.0,0.043,0.05251940069504458,0.0527,28.4934,0.0221,1.5348,0.05493,27.9386
2020-06-30,OC-INDU-221,Industrial,Fullerton,84916,1987,0.937,1.0208,1.98,2.059,0.056,0.449,2.6,0.167,0.2964,0.84,,Market / Lease-up Risk,1500.0,0.043,0.03395586839757865,0.056,18.2286,0.0302,1.0516,0.05418,19.4096
2020-06-30,OC-INDU-225,Industrial,Anaheim,135359,1955,0.976,1.1582,1.213,1.18,0.0538,0.366,2.0,0.244,0.1681,0.114,,Market / Lease-up Risk,950.98,0.043,0.04181345198181914,0.0538,21.5279,0.02438,1.1864,0.05591,21.2206
2020-06-30,OC-INDU-229,Industrial,Irvine,175605,1955,0.975,1.8693,1.376,1.377,0.0571,0.304,7.9,0.082,0.7634,0.163,,Market / Lease-up Risk,1393.94,0.043,0.04737427296895895,0.0571,32.7373,0.0428,1.9493,0.05551,35.1167
2020-06-30,OC-INDU-233,Industrial,Newport Beach,184565,1979,0.955,2.4182,1.681,1.649,0.0508,0.306,4.0,0.104,0.5524,0.522,,Market / Lease-up Risk,5400.0,0.043,0.025725925696176183,0.0508,47.6024,0.01488,2.4542,0.05532,44.3614
2020-06-30,OC-INDU-237,Industrial,Orange,172340,1955,0.957,1.6831,1.39,1.371,0.0519,0.356,4.4,0.281,0.4638,0.08,,Market / Lease-up Risk,1148.15,0.043,0.06368283442203043,0.0519,32.4297,0.04195,1.7537,0.05573,31.4665
2020-06-30,OC-INDU-241,Industrial,Santa Ana,192446,1957,0.946,1.5232,1.332,1.382,0.0571,0.449,6.3,0.052,0.7671,0.163,,Market / Lease-up Risk,2296.3,0.043,0.0659035719972818,0.0571,26.676,0.02709,1.5645,0.0541,28.9195
2020-06-30,OC-INDU-245,Industrial,Costa Mesa,94367,1972,0.995,1.0799,1.46,1.446,0.056,0.309,5.1,0.244,0.5742,0.377,,Market / Lease-up Risk,3250.0,0.043,0.06901520865021822,0.056,19.2839,0.02484,1.1067,0.05468,20.2406
2020-06-30,OC-INDU-249,Industrial,Fullerton,201622,1960,0.943,2.0656,1.669,1.72,0.0564,0.429,6.3,0.245,1.242,0.338,,Market / Lease-up Risk,1500.0,0.043,0.04033020031645682,0.0564,36.6241,0.03828,2.1447,0.05508,38.9357
2020-06-30,OC-INDU-25,Industrial,Fullerton,68393,1955,0.993,0.71,1.606,1.651,0.0511,0.429,5.8,0.369,0.111,0.202,,Market / Lease-up Risk,1500.0,0.043,0.04245791433374512,0.0511,13.8943,0.01149,0.7182,0.05499,13.0596
2020-06-30,OC-INDU-253,Industrial,Anaheim,180965,1986,0.957,2.5398,1.842,1.779,0.0519,0.323,7.5,0.757,1.1861,0.68,,Market / Lease-up Risk,950.98,0.043,0.038152751088964515,0.0519,48.9364,0.02733,2.6092,0.05486,47.558
2020-06-30,OC-INDU-257,Industrial,Irvine,115360,1959,0.977,1.5412,1.823,1.849,0.0527,0.342,2.7,0.055,0.2789,0.365,,Market / Lease-up Risk,1393.94,0.043,0.056367763542581294,0.0527,29.2448,0.01419,1.5631,0.05456,28.6463
2020-06-30,OC-INDU-261,Industrial,Newport Beach,64096,1982,0.989,0.4598,0.907,0.878,0.0537,0.32,3.0,0.105,0.2511,0.73,,Market / Lease-up Risk,5400.0,0.043,0.039705253290107156,0.0537,8.5624,0.02859,0.4729,0.05462,8.6584
2020-06-30,OC-INDU-265,Industrial,Orange,76408,1955,0.968,0.6955,1.489,1.455,0.0516,0.446,2.5,0.55,0.2813,0.225,,Market / Lease-up Risk,1148.15,0.043,0.032988611679934256,0.0516,13.4787,0.0297,0.7162,0.05518,12.9794
2020-06-30,OC-INDU-269,Industrial,Santa Ana,191034,1978,0.994,2.0818,1.357,1.357,0.053,0.313,6.9,0.498,0.6688,0.677,,Market / Lease-up Risk,2296.3,0.043,0.04909893608248011,0.053,39.2792,0.0246,2.133,0.05495,38.8174
2020-06-30,OC-INDU-273,Industrial,Costa Mesa,133800,1985,0.951,1.3887,1.614,1.587,0.0563,0.425,4.7,0.021,0.5028,0.642,,Market / Lease-up Risk,3250.0,0.043,0.05504763546341732,0.0563,24.6661,0.03124,1.4321,0.05438,26.3338
2020-06-30,OC-INDU-277,Industrial,Fullerton,184218,1975,0.985,1.8267,1.346,1.315,0.0567,0.364,7.7,0.081,1.1004,0.531,,Market / Lease-up Risk,1500.0,0.043,0.04137126158692773,0.0567,32.2169,0.02367,1.8699,0.05475,34.1565
2020-06-30,OC-INDU-281,Industrial,Anaheim,88165,1966,0.97,0.8403,1.553,1.565,0.0539,0.445,3.7,0.041,0.09,0.292,,Market / Lease-up Risk,950.98,0.043,0.040405829242471734,0.0539,15.59,0.03215,0.8673,0.05516,15.724
2020-06-30,OC-INDU-285,Industrial,Irvine,90852,1984,0.996,0.9836,1.486,1.475,0.0559,0.378,3.0,0.618,0.4587,0.594,,Market / Lease-up Risk,1393.94,0.043,0.04261125549172826,0.0559,17.5957,0.02006,1.0033,0.05546,18.091
2020-06-30,OC-INDU-289,Industrial,Newport Beach,90817,1960,0.933,0.7315,1.308,1.325,0.0499,0.421,5.0,0.232,0.3354,0.238,,Market / Lease-up Risk,5400.0,0.043,0.0826140380342226,0.0499,14.6593,0.01538,0.7428,0.05498,13.5105
2020-06-30,OC-INDU-29,Industrial,Anaheim,219646,1988,0.948,2.9054,1.923,1.937,0.0539,0.383,6.6,0.001,0.5809,0.805,,Market / Lease-up Risk,950.98,0.043,0.04905524553980153,0.0539,53.9035,0.03486,3.0067,0.05444,55.2322
2020-06-30,OC-INDU-293,Industrial,Orange,133739,1961,0.953,1.6664,1.902,1.963,0.0557,0.397,3.8,0.272,0.2157,0.371,,Market / Lease-up Risk,1148.15,0.043,0.06255472084097581,0.0557,29.9174,0.03526,1.7252,0.05555,31.0581
2020-06-30,OC-INDU-297,Industrial,Santa Ana,174735,1992,0.975,1.6419,1.307,1.312,0.0546,0.373,6.9,0.002,0.5264,0.726,,Market / Lease-up Risk,2296.3,0.043,0.06047586917919516,0.0546,30.0714,0.0294,1.6902,0.055,30.7329
2020-06-30,OC-INDU-301,Industrial,Costa Mesa,115025,1981,0.946,1.18,1.395,1.375,0.056,0.339,6.5,0.224,0.5862,0.561,,Market / Lease-up Risk,3250.0,0.043,0.05281259691844688,0.056,21.0714,-0.00133,1.1784,0.05477,21.5158
2020-06-30,OC-INDU-305,Industrial,Fullerton,173437,1966,0.962,1.684,1.516,1.46,0.0523,0.416,3.0,0.507,0.7359,0.472,,Market / Lease-up Risk,1500.0,0.043,0.08213975280616376,0.0523,32.1989,0.0324,1.7386,0.05538,31.3918
2020-06-30,OC-INDU-309,Industrial,Anaheim,70480,1957,0.982,0.5275,1.173,1.135,0.0553,0.43,5.1,0.275,0.3337,0.176,,Market / Lease-up Risk,950.98,0.043,0.07164866098057907,0.0553,9.5389,0.03756,0.5473,0.05567,9.8305
2020-06-30,OC-INDU-313,Industrial,Irvine,185019,1982,0.947,1.946,1.453,1.417,0.0524,0.35,4.3,0.669,0.4648,0.543,,Market / Lease-up Risk,1393.94,0.043,0.05212530593937394,0.0524,37.1374,0.03685,2.0177,0.05451,37.0132
2020-06-30,OC-INDU-317,Industrial,Newport Beach,182473,1969,0.981,1.1042,0.956,0.936,0.0515,0.434,4.0,0.193,0.4472,0.348,,Market / Lease-up Risk,5400.0,0.043,0.04995369251766908,0.0515,21.4408,0.03574,1.1437,0.05485,20.8524
2020-06-30,OC-INDU-321,Industrial,Orange,89069,1983,0.949,0.6595,1.142,1.127,0.0532,0.419,4.1,0.212,0.0852,0.72,,Market / Lease-up Risk,1148.15,0.043,0.06050138284407121,0.0532,12.3966,0.02788,0.6779,0.05509,12.3055
2020-06-30,OC-INDU-325,Industrial,Santa Ana,147408,1980,0.95,1.3784,1.5,1.507,0.0533,0.442,5.3,0.218,0.3276,0.54,,Market / Lease-up Risk,2296.3,0.043,0.051217094999798256,0.0533,25.8612,0.0222,1.409,0.05456,25.8255
2020-06-30,OC-INDU-329,Industrial,Costa Mesa,117211,1955,0.988,1.2555,1.524,1.53,0.0552,0.376,3.5,0.325,0.7737,0.102,,Market / Lease-up Risk,3250.0,0.043,0.04900371504368378,0.0552,22.7446,0.03057,1.2939,0.05584,23.1699
2020-06-30,OC-INDU-33,Industrial,Irvine,95237,1979,0.97,1.0165,1.368,1.367,0.0553,0.316,7.3,0.569,0.1042,0.705,,Market / Lease-up Risk,1393.94,0.043,0.07396630054369427,0.0553,18.3816,0.02583,1.0428,0.05426,19.2194
2020-06-30,OC-INDU-333,Industrial,Fullerton,148334,1977,0.939,1.4383,1.297,1.253,0.0524,0.323,5.8,0.338,0.685,0.64,,Market / Lease-up Risk,1500.0,0.043,0.03845976221273073,0.0524,27.4485,0.04193,1.4986,0.05524,27.1312
2020-06-30,OC-INDU-337,Industrial,Anaheim,154790,1986,0.931,1.6223,1.457,1.473,0.0488,0.343,6.1,0.047,0.4628,0.827,,Market / Lease-up Risk,950.98,0.043,0.06736484610813133,0.0488,33.2439,0.02374,1.6608,0.05412,30.6858
2020-06-30,OC-INDU-341,Industrial,Irvine,162101,1979,0.945,1.2898,1.338,1.376,0.0531,0.448,6.6,0.515,0.1589,0.484,,Market / Lease-up Risk,1393.94,0.043,0.06932660027916884,0.0531,24.29,0.02028,1.316,0.05525,23.8192
2020-06-30,OC-INDU-345,Industrial,Newport Beach,184977,1976,0.949,1.99,1.465,1.457,0.0545,0.342,5.5,0.314,0.8991,0.545,,Market / Lease-up Risk,5400.0,0.043,0.06230417554427759,0.0545,36.5138,0.03575,2.0611,0.05525,37.3066
2020-06-30,OC-INDU-349,Industrial,Orange,69989,1981,0.959,0.8016,1.489,1.51,0.0582,0.318,2.4,0.133,0.3731,0.688,,Market / Lease-up Risk,1148.15,0.043,0.05344329793668118,0.0582,13.7732,0.05268,0.8438,0.05489,15.3726
2020-06-30,OC-INDU-353,Industrial,Santa Ana,110623,1975,0.944,1.0586,1.571,1.545,0.0567,0.434,6.7,0.322,0.343,0.434,,Market / Lease-up Risk,2296.3,0.043,0.05156113808773657,0.0567,18.6702,0.04206,1.1031,0.05633,19.5831
2020-06-30,OC-INDU-357,Industrial,Costa Mesa,117004,1963,0.994,1.1775,1.358,1.341,0.0571,0.346,5.5,0.077,0.61,0.444,,Market / Lease-up Risk,3250.0,0.043,0.03997239026003252,0.0571,20.6217,0.01347,1.1934,0.05538,21.548
2020-06-30,OC-INDU-361,Industrial,Fullerton,124105,1979,0.972,1.9328,2.194,2.28,0.0585,0.379,5.6,0.271,0.4768,0.733,,Market / Lease-up Risk,1500.0,0.043,0.04662213088207522,0.0585,33.0393,0.02408,1.9794,0.05397,36.6762
2020-06-30,OC-INDU-365,Industrial,Anaheim,165425,1972,0.975,2.0152,1.6,1.644,0.0536,0.315,2.8,0.012,0.2977,0.461,,Market / Lease-up Risk,950.98,0.043,0.042413700684692655,0.0536,37.597,0.02438,2.0643,0.05489,37.6089
2020-06-30,OC-INDU-369,Industrial,Irvine,104048,1990,0.948,1.2938,1.762,1.733,0.0566,0.367,4.2,0.339,0.6663,0.911,,Market / Lease-up Risk,1393.94,0.043,0.04094089673092093,0.0566,22.8587,0.00651,1.3022,0.05418,24.0358
2020-06-30,OC-INDU-37,Industrial,Newport Beach,171395,1977,0.939,1.2049,1.015,1.03,0.0584,0.353,2.1,0.415,0.4377,0.46,,Market / Lease-up Risk,5400.0,0.043,0.033409444408899966,0.0584,20.6318,0.04747,1.2621,0.05505,22.9255
2020-06-30,OC-INDU-373,Industrial,Newport Beach,162408,1984,0.959,1.9453,1.794,1.809,0.0564,0.408,7.5,0.052,0.575,0.73,,Market / Lease-up Risk,5400.0,0.043,0.04759564935318845,0.0564,34.4911,0.01532,1.9751,0.05532,35.7006
2020-06-30,OC-INDU-377,Industrial,Orange,181538,1961,0.998,1.7889,1.397,1.364,0.0522,0.38,6.7,0.487,1.054,0.295,,Market / Lease-up Risk,1148.15,0.043,0.056142741780337145,0.0522,34.2701,0.01444,1.8147,0.05484,33.0888
2020-06-30,OC-INDU-381,Industrial,Santa Ana,173657,1969,0.971,1.4481,1.219,1.208,0.0493,0.382,7.4,0.172,0.3268,0.498,,Market / Lease-up Risk,2296.3,0.043,0.04992474682395538,0.0493,29.3732,0.05009,1.5206,0.0549,27.6971
2020-06-30,OC-INDU-385,Industrial,Costa Mesa,97076,1972,0.947,0.8738,1.418,1.451,0.054,0.43,3.3,0.322,0.1317,0.557,,Market / Lease-up Risk,3250.0,0.043,0.051141392076549275,0.054,16.1815,0.05188,0.9191,0.05527,16.6303
2020-06-30,OC-INDU-389,Industrial,Fullerton,175870,1992,0.941,1.7009,1.569,1.586,0.0548,0.443,3.4,0.128,0.4207,0.804,,Market / Lease-up Risk,1500.0,0.043,0.024917433095295923,0.0548,31.0383,0.0415,1.7715,0.05452,32.4903
2020-06-30,OC-INDU-393,Industrial,Anaheim,134833,1976,0.97,1.5219,1.434,1.464,0.0559,0.31,4.1,0.478,0.688,0.694,,Market / Lease-up Risk,950.98,0.043,0.07688638261475579,0.0559,27.2254,0.05037,1.5986,0.05483,29.1553
2020-06-30,OC-INDU-397,Industrial,Irvine,93653,1965,0.944,0.9197,1.391,1.384,0.0492,0.344,7.5,0.29,0.3708,0.422,,Market / Lease-up Risk,1393.94,0.043,0.04958204059440033,0.0492,18.6931,0.02725,0.9448,0.05511,17.1435
2020-06-30,OC-INDU-41,Industrial,Orange,83003,1974,0.954,0.6405,1.258,1.246,0.052,0.436,6.4,0.008,0.108,0.41,,Market / Lease-up Risk,1148.15,0.043,0.05010863122029958,0.052,12.3173,0.04224,0.6676,0.05512,12.1108
2020-06-30,OC-INDU-45,Industrial,Santa Ana,214998,1978,0.954,2.41,1.507,1.552,0.0518,0.337,3.3,0.266,1.0685,0.716,,Market / Lease-up Risk,2296.3,0.043,0.0776260987911329,0.0518,46.5251,0.01118,2.437,0.05496,44.3425
2020-06-30,OC-INDU-49,Industrial,Costa Mesa,65172,1955,0.984,0.6735,1.591,1.631,0.0564,0.421,5.5,0.087,0.0754,0.177,,Market / Lease-up Risk,3250.0,0.043,0.057665422881610744,0.0564,11.9415,0.0121,0.6816,0.05489,12.4184
2020-06-30,OC-INDU-53,Industrial,Fullerton,209154,1985,0.986,2.6264,1.679,1.671,0.0495,0.355,3.2,0.513,0.3102,0.633,,Market / Lease-up Risk,1500.0,0.043,0.03975580017037266,0.0495,53.0586,0.02988,2.7049,0.05488,49.2859
2020-06-30,OC-INDU-57,Industrial,Anaheim,88750,1982,0.991,1.0616,1.584,1.631,0.0492,0.352,5.8,0.086,0.602,0.781,,Market / Lease-up Risk,950.98,0.043,0.045873568068630285,0.0492,21.5772,0.02216,1.0851,0.05527,19.6343
2020-06-30,OC-INDU-61,Industrial,Irvine,210904,1960,0.943,1.7273,1.122,1.126,0.0543,0.321,3.8,0.019,1.025,0.266,,Market / Lease-up Risk,1393.94,0.043,0.048803986024854557,0.0543,31.8103,0.04377,1.8029,0.05448,33.0945
2020-06-30,OC-INDU-65,Industrial,Newport Beach,214110,1982,0.999,2.0982,1.409,1.428,0.0514,0.408,5.9,0.225,0.2833,0.569,,Market / Lease-up Risk,5400.0,0.043,0.05402460531886285,0.0514,40.821,0.00987,2.1189,0.05472,38.7201
2020-06-30,OC-INDU-69,Industrial,Orange,119629,1984,0.946,1.1501,1.269,1.24,0.0573,0.319,3.5,0.556,0.3303,0.72,,Market / Lease-up Risk,1148.15,0.043,0.061318309566719124,0.0573,20.0716,0.01119,1.163,0.05502,21.1367
2020-06-30,OC-INDU-73,Industrial,Santa Ana,193818,1966,0.961,1.9066,1.46,1.488,0.0573,0.385,4.4,0.056,0.8123,0.448,,Market / Lease-up Risk,2296.3,0.043,0.03926305412790286,0.0573,33.274,0.03768,1.9784,0.05489,36.0437
2020-06-30,OC-INDU-77,Industrial,Costa Mesa,74196,2002,0.96,0.6812,1.476,1.508,0.0517,0.449,5.6,0.111,0.0777,0.983,,Market / Lease-up Risk,3250.0,0.043,0.05716889810850132,0.0517,13.176,0.02803,0.7003,0.0548,12.7783
2020-06-30,OC-INDU-81,Industrial,Fullerton,164062,1979,0.949,1.6559,1.562,1.58,0.0546,0.421,5.5,0.695,0.9699,0.522,,Market / Lease-up Risk,1500.0,0.043,0.05385488232164347,0.0546,30.3278,0.03478,1.7135,0.05437,31.5142
2020-06-30,OC-INDU-85,Industrial,Anaheim,71338,1966,0.966,0.7706,1.624,1.644,0.0554,0.396,5.6,0.055,0.4687,0.471,,Market / Lease-up Risk,950.98,0.043,0.041118228742878245,0.0554,13.9097,0.02907,0.793,0.05582,14.2068
2020-06-30,OC-INDU-89,Industrial,Irvine,167437,1965,0.952,1.5409,1.462,1.437,0.0531,0.42,2.4,0.051,0.5793,0.365,,Market / Lease-up Risk,1393.94,0.043,0.051819202889390306,0.0531,29.0188,0.02109,1.5734,0.05471,28.7587
2020-06-30,OC-INDU-93,Industrial,Newport Beach,129665,1977,0.957,1.2993,1.347,1.328,0.057,0.339,3.1,0.269,0.1543,0.641,,Market / Lease-up Risk,5400.0,0.043,0.033918086304755075,0.057,22.7947,0.0397,1.3509,0.05495,24.585
2020-06-30,OC-INDU-97,Industrial,Orange,185276,1974,0.974,2.2147,1.834,1.9,0.0513,0.413,7.8,0.335,1.0072,0.5,,Market / Lease-up Risk,1148.15,0.043,0.06803033942257296,0.0513,43.1715,0.03382,2.2896,0.05462,41.92
2020-06-30,OC-MULT-03,Multifamily,Anaheim,47294,1969,0.977,0.642,2730.18,2659.306,0.0532,0.379,1.0,0.152,0.0695,0.428,34.0,Market / Lease-up Risk,950.98,0.043,0.049715174648984006,0.0532,12.0677,0.02917,0.6607,0.05202,12.7009
2020-06-30,OC-MULT-07,Multifamily,Irvine,60956,1965,0.939,0.8103,2516.13,2550.626,0.0516,0.386,1.2,0.197,0.224,0.459,49.0,Market / Lease-up Risk,1393.94,0.043,0.03042219868786133,0.0516,15.7035,0.0469,0.8483,0.05213,16.2726
2020-06-30,OC-MULT-103,Multifamily,Santa Ana,29484,1960,0.945,0.6668,3322.32,3278.065,0.05,0.31,1.1,0.72,0.3392,0.232,27.0,Market / Lease-up Risk,2296.3,0.043,0.027888588828860868,0.05,13.336,0.06165,0.7079,0.05115,13.8394
2020-06-30,OC-MULT-107,Multifamily,Costa Mesa,25024,1969,0.979,0.3326,2140.06,2151.266,0.0564,0.413,1.2,0.27,0.0384,0.556,23.0,Market / Lease-up Risk,3250.0,0.043,0.04764926488249893,0.0564,5.8972,0.04819,0.3486,0.05285,6.5962
2020-06-30,OC-MULT-11,Multifamily,Newport Beach,31348,1955,0.97,0.6375,2713.01,2761.756,0.0527,0.375,0.9,0.24,0.3404,0.053,34.0,Market / Lease-up Risk,5400.0,0.043,0.03744213942122581,0.0527,12.0968,0.02664,0.6545,0.05171,12.6559
2020-06-30,OC-MULT-111,Multifamily,Fullerton,46250,1967,0.923,0.8657,2959.57,2869.314,0.0567,0.444,1.1,0.092,0.4252,0.41,50.0,Market / Lease-up Risk,1500.0,0.043,0.04126858801378594,0.0567,15.2681,0.03277,0.8941,0.05154,17.3462
2020-06-30,OC-MULT-115,Multifamily,Anaheim,31488,1976,0.955,0.7539,3543.34,3617.546,0.047,0.408,0.8,0.339,0.5523,0.58,32.0,Market / Lease-up Risk,950.98,0.043,0.03962831628143052,0.047,16.0404,0.03061,0.777,0.05189,14.9747
2020-06-30,OC-MULT-119,Multifamily,Irvine,49356,1955,0.94,1.0977,2959.24,2878.722,0.0549,0.359,1.1,0.046,0.4434,0.065,54.0,Market / Lease-up Risk,1393.94,0.043,0.019956399501833408,0.0549,19.9945,0.02739,1.1278,0.05175,21.7926
2020-06-30,OC-MULT-123,Multifamily,Newport Beach,20160,1981,0.952,0.5523,3895.71,3833.132,0.0481,0.397,0.9,0.065,0.0646,0.698,21.0,Market / Lease-up Risk,5400.0,0.043,0.027677976022867406,0.0481,11.4823,0.01695,0.5617,0.05209,10.7828
2020-06-30,OC-MULT-127,Multifamily,Orange,22680,1984,0.967,0.5723,3503.64,3392.58,0.0547,0.316,1.0,0.15,0.3302,0.591,21.0,Market / Lease-up Risk,1148.15,0.043,0.04219110504762213,0.0547,10.4625,0.00329,0.5742,0.05131,11.1901
2020-06-30,OC-MULT-131,Multifamily,Santa Ana,23426,1988,0.944,0.4128,3319.35,3335.939,0.0552,0.341,1.1,0.246,0.2386,0.716,17.0,Market / Lease-up Risk,2296.3,0.043,0.06294265691671405,0.0552,7.4783,0.04307,0.4306,0.05168,8.3317
2020-06-30,OC-MULT-135,Multifamily,Costa Mesa,56610,1987,0.958,0.6947,2460.15,2382.151,0.0548,0.443,1.0,0.467,0.3129,0.675,45.0,Market / Lease-up Risk,3250.0,0.043,0.030054414278613856,0.0548,12.677,0.01742,0.7068,0.05184,13.6337
2020-06-30,OC-MULT-139,Multifamily,Fullerton,51901,1981,0.98,1.061,3382.21,3468.433,0.0487,0.367,1.0,0.172,0.1838,0.573,43.0,Market / Lease-up Risk,1500.0,0.043,0.02966828700907114,0.0487,21.7864,0.03354,1.0966,0.05191,21.1261
2020-06-30,OC-MULT-143,Multifamily,Anaheim,27216,1958,0.951,0.6511,3470.64,3413.578,0.0496,0.382,1.0,0.407,0.1075,0.165,28.0,Market / Lease-up Risk,950.98,0.043,0.037383234717835515,0.0496,13.127,0.04457,0.6801,0.05223,13.0213
2020-06-30,OC-MULT-147,Multifamily,Irvine,78416,1959,0.969,1.1585,2940.23,3034.137,0.0525,0.385,1.5,0.094,0.4393,0.122,58.0,Market / Lease-up Risk,1393.94,0.043,0.03669353477322238,0.0525,22.0667,0.01972,1.1813,0.05249,22.505
2020-06-30,OC-MULT-15,Multifamily,Orange,55488,1982,0.934,1.2217,4123.21,3970.659,0.0479,0.438,1.0,0.306,0.184,0.652,48.0,Market / Lease-up Risk,1148.15,0.043,0.013556518254050187,0.0479,25.5052,0.04338,1.2747,0.0515,24.7521
2020-06-30,OC-MULT-151,Multifamily,Newport Beach,52896,1972,0.969,1.3842,3800.94,3668.919,0.0511,0.449,0.8,0.377,0.1762,0.524,58.0,Market / Lease-up Risk,5400.0,0.043,0.04870748946502827,0.0511,27.0881,0.02684,1.4214,0.0521,27.2812
2020-06-30,OC-MULT-155,Multifamily,Orange,23621,1968,0.957,0.3643,2361.55,2299.016,0.0568,0.404,1.0,0.237,0.1744,0.527,23.0,Market / Lease-up Risk,1148.15,0.043,0.06143887927056844,0.0568,6.4137,0.00175,0.3649,0.05164,7.0671
2020-06-30,OC-MULT-159,Multifamily,Santa Ana,34472,1993,0.971,0.6629,3174.11,3205.406,0.0554,0.41,1.0,0.613,0.2181,0.759,31.0,Market / Lease-up Risk,2296.3,0.043,0.05132543467773958,0.0554,11.9657,0.0073,0.6677,0.05227,12.7754
2020-06-30,OC-MULT-163,Multifamily,Costa Mesa,36785,1988,0.924,0.8557,3318.46,3194.334,0.0493,0.322,0.9,0.523,0.5414,0.79,35.0,Market / Lease-up Risk,3250.0,0.043,0.01924816514570105,0.0493,17.357,0.02464,0.8768,0.05185,16.9099
2020-06-30,OC-MULT-167,Multifamily,Fullerton,60818,1984,0.943,0.9154,3097.53,3112.497,0.0506,0.433,0.9,0.17,0.2354,0.637,47.0,Market / Lease-up Risk,1500.0,0.043,0.02499190146956563,0.0506,18.0909,0.01922,0.933,0.05235,17.8239
2020-06-30,OC-MULT-171,Multifamily,Anaheim,18270,1989,0.944,0.3223,2932.48,3031.19,0.0489,0.45,1.0,0.25,0.0583,0.664,18.0,Market / Lease-up Risk,950.98,0.043,0.04148594989245262,0.0489,6.591,0.06053,0.3418,0.05148,6.6399
2020-06-30,OC-MULT-175,Multifamily,Irvine,43604,1955,0.937,0.781,2645.88,2640.966,0.0571,0.372,1.4,0.043,0.2594,0.25,44.0,Market / Lease-up Risk,1393.94,0.043,0.049373781314865195,0.0571,13.6778,0.03484,0.8082,0.05199,15.5469
2020-06-30,OC-MULT-179,Multifamily,Newport Beach,41306,1983,0.979,0.6012,2202.11,2148.208,0.0466,0.376,1.2,0.413,0.3402,0.708,38.0,Market / Lease-up Risk,5400.0,0.043,0.049130201983821904,0.0466,12.9013,0.03453,0.622,0.05198,11.9659
2020-06-30,OC-MULT-183,Multifamily,Orange,52283,1991,0.957,0.9041,2783.61,2893.215,0.0532,0.411,1.2,0.137,0.4858,0.755,49.0,Market / Lease-up Risk,1148.15,0.043,0.058962230679909244,0.0532,16.9944,0.03458,0.9354,0.05118,18.275
2020-06-30,OC-MULT-187,Multifamily,Santa Ana,47208,1982,0.96,0.7522,2688.88,2668.413,0.0504,0.41,1.3,0.377,0.1259,0.769,42.0,Market / Lease-up Risk,2296.3,0.043,0.05048778220827335,0.0504,14.9246,0.05004,0.7898,0.05231,15.0995
2020-06-30,OC-MULT-19,Multifamily,Santa Ana,38692,1984,0.952,0.8907,3357.37,3372.903,0.0528,0.303,1.3,0.067,0.5638,0.66,34.0,Market / Lease-up Risk,2296.3,0.043,0.018700534313036338,0.0528,16.8693,0.04485,0.9306,0.05266,17.6738
2020-06-30,OC-MULT-191,Multifamily,Costa Mesa,54384,1955,0.928,1.2173,3556.8,3519.785,0.0495,0.326,1.0,0.167,0.8122,0.202,48.0,Market / Lease-up Risk,3250.0,0.043,0.040005183475485644,0.0495,24.5919,0.04231,1.2688,0.05188,24.4559
2020-06-30,OC-MULT-195,Multifamily,Fullerton,59488,1965,0.974,0.936,2497.73,2438.767,0.0547,0.351,0.8,0.233,0.3399,0.232,52.0,Market / Lease-up Risk,1500.0,0.043,0.03138830093691162,0.0547,17.1115,0.04338,0.9766,0.05229,18.6783
2020-06-30,OC-MULT-199,Multifamily,Anaheim,73926,1959,0.979,1.422,3532.26,3406.858,0.0565,0.332,1.2,0.207,0.7724,0.338,54.0,Market / Lease-up Risk,950.98,0.043,0.01903435917563339,0.0565,25.1681,0.03005,1.4647,0.05144,28.4742
2020-06-30,OC-MULT-203,Multifamily,Irvine,73380,1976,0.95,1.2161,2785.01,2811.373,0.0505,0.328,0.8,0.181,0.146,0.42,60.0,Market / Lease-up Risk,1393.94,0.043,0.05770128356003082,0.0505,24.0812,0.03387,1.2573,0.05261,23.8997
2020-06-30,OC-MULT-207,Multifamily,Newport Beach,31192,1969,0.935,0.5122,2603.3,2662.171,0.0525,0.361,1.2,0.217,0.2503,0.561,28.0,Market / Lease-up Risk,5400.0,0.043,0.027249217543280375,0.0525,9.7562,0.06258,0.5443,0.0524,10.3867
2020-06-30,OC-MULT-211,Multifamily,Orange,23790,1981,0.946,0.4403,2665.91,2594.319,0.0527,0.429,1.3,0.235,0.2613,0.587,26.0,Market / Lease-up Risk,1148.15,0.043,0.05070644404874113,0.0527,8.3548,0.053,0.4636,0.0513,9.037
2020-06-30,OC-MULT-215,Multifamily,Santa Ana,26109,1979,0.931,0.5984,3233.71,3324.604,0.0514,0.374,1.0,0.045,0.2121,0.619,27.0,Market / Lease-up Risk,2296.3,0.043,0.05786889151939226,0.0514,11.642,0.01622,0.6081,0.05209,11.6738
2020-06-30,OC-MULT-219,Multifamily,Costa Mesa,45638,1967,0.953,0.9073,3251.0,3288.983,0.049,0.324,0.8,0.371,0.6336,0.327,38.0,Market / Lease-up Risk,3250.0,0.043,0.0513273455435026,0.049,18.5163,0.02535,0.9303,0.05104,18.2284
2020-06-30,OC-MULT-223,Multifamily,Fullerton,28200,1963,0.924,0.5608,2848.61,2772.336,0.056,0.377,1.1,0.761,0.1711,0.177,30.0,Market / Lease-up Risk,1500.0,0.043,0.041357080856915994,0.056,10.0143,0.02795,0.5765,0.05207,11.0711
2020-06-30,OC-MULT-227,Multifamily,Anaheim,29808,1986,0.928,0.436,2495.19,2417.792,0.0541,0.407,1.4,0.219,0.2597,0.818,27.0,Market / Lease-up Risk,950.98,0.043,0.04904638229473255,0.0541,8.0591,0.0176,0.4437,0.05268,8.4226
2020-06-30,OC-MULT-23,Multifamily,Costa Mesa,60480,1973,0.954,1.3466,3159.81,3137.568,0.0504,0.378,1.1,0.595,0.5833,0.476,63.0,Market / Lease-up Risk,3250.0,0.043,0.04843103335551778,0.0504,26.7183,0.00662,1.3555,0.05202,26.0562
2020-06-30,OC-MULT-231,Multifamily,Irvine,44226,1955,0.975,0.4866,1969.46,1957.803,0.0576,0.43,1.1,0.07,0.2855,0.115,39.0,Market / Lease-up Risk,1393.94,0.043,0.041730790902934814,0.0576,8.4479,0.00781,0.4904,0.05252,9.3367
2020-06-30,OC-MULT-235,Multifamily,Newport Beach,44200,1987,0.964,0.8709,3000.9,2916.889,0.0516,0.36,0.8,0.371,0.3975,0.662,40.0,Market / Lease-up Risk,5400.0,0.043,0.030503980144946326,0.0516,16.8779,0.04142,0.907,0.05191,17.4705
2020-06-30,OC-MULT-239,Multifamily,Orange,45162,1975,0.951,0.6373,2442.9,2528.697,0.0556,0.383,1.5,0.707,0.3166,0.397,39.0,Market / Lease-up Risk,1148.15,0.043,0.06563325424094184,0.0556,11.4622,0.00272,0.639,0.05132,12.4526
2020-06-30,OC-MULT-243,Multifamily,Santa Ana,37968,1972,0.939,1.0239,3714.98,3619.019,0.0532,0.387,1.0,0.262,0.2797,0.465,42.0,Market / Lease-up Risk,2296.3,0.043,0.03932275152096716,0.0532,19.2462,0.05331,1.0785,0.05276,20.443
2020-06-30,OC-MULT-247,Multifamily,Costa Mesa,46206,1981,0.955,0.7566,2216.31,2231.063,0.0499,0.404,1.3,0.009,0.494,0.703,51.0,Market / Lease-up Risk,3250.0,0.043,0.040134891509961745,0.0499,15.1623,0.02187,0.7731,0.05124,15.0893
2020-06-30,OC-MULT-251,Multifamily,Fullerton,47226,1986,0.934,0.9383,3716.59,3781.626,0.0547,0.324,1.4,0.095,0.5024,0.757,34.0,Market / Lease-up Risk,1500.0,0.043,0.023945738869568557,0.0547,17.1536,0.01029,0.948,0.05242,18.0843
2020-06-30,OC-MULT-255,Multifamily,Anaheim,62622,1970,0.939,0.5708,1821.95,1852.629,0.0565,0.421,0.9,0.23,0.0795,0.572,49.0,Market / Lease-up Risk,950.98,0.043,0.03471788908647067,0.0565,10.1027,0.03745,0.5922,0.05247,11.2865
2020-06-30,OC-MULT-259,Multifamily,Irvine,42112,1967,0.969,0.6245,2989.3,2931.721,0.0534,0.409,1.2,0.043,0.2897,0.304,32.0,Market / Lease-up Risk,1393.94,0.043,0.012966469188332407,0.0534,11.6948,0.03219,0.6446,0.05235,12.3144
2020-06-30,OC-MULT-263,Multifamily,Newport Beach,56925,1958,0.951,0.9134,2697.82,2768.877,0.0517,0.306,0.8,0.197,0.5877,0.109,45.0,Market / Lease-up Risk,5400.0,0.043,0.018502387296560296,0.0517,17.6673,0.07041,0.9777,0.05218,18.7359
2020-06-30,OC-MULT-267,Multifamily,Orange,65472,1965,0.927,1.0835,3236.37,3341.838,0.0543,0.34,0.8,0.069,0.6416,0.353,48.0,Market / Lease-up Risk,1148.15,0.043,0.0375408605369507,0.0543,19.954,0.04207,1.1291,0.05207,21.6851
2020-06-30,OC-MULT-27,Multifamily,Fullerton,68110,1988,0.959,0.9945,2847.41,2957.959,0.0492,0.368,1.1,0.03,0.4584,0.741,49.0,Market / Lease-up Risk,1500.0,0.043,0.01648606828689558,0.0492,20.2134,0.02617,1.0205,0.05261,19.3981
2020-06-30,OC-MULT-271,Multifamily,Santa Ana,28934,1989,0.93,0.5286,3389.39,3286.157,0.0468,0.38,1.3,0.214,0.2918,0.876,23.0,Market / Lease-up Risk,2296.3,0.043,0.03410872804776914,0.0468,11.2949,0.04599,0.5529,0.05154,10.7268
2020-06-30,OC-MULT-275,Multifamily,Costa Mesa,27040,1984,0.978,0.7053,3541.3,3531.69,0.0472,0.334,1.0,0.361,0.2264,0.779,26.0,Market / Lease-up Risk,3250.0,0.043,0.026958928886161183,0.0472,14.9428,0.01911,0.7188,0.05091,14.118
2020-06-30,OC-MULT-279,Multifamily,Fullerton,15280,1978,0.953,0.3874,3229.74,3137.195,0.0524,0.31,1.4,0.307,0.1597,0.48,16.0,Market / Lease-up Risk,1500.0,0.043,0.05015153299039196,0.0524,7.3931,-0.00117,0.3869,0.05227,7.4031
2020-06-30,OC-MULT-283,Multifamily,Anaheim,73337,1964,0.947,1.4478,3608.02,3552.575,0.0504,0.37,0.8,0.007,0.7155,0.448,59.0,Market / Lease-up Risk,950.98,0.043,0.042675196945366416,0.0504,28.7262,0.02628,1.4859,0.05174,28.7175
2020-06-30,OC-MULT-287,Multifamily,Irvine,55986,1982,0.951,0.9793,3332.8,3329.057,0.0469,0.389,0.8,0.012,0.5943,0.74,43.0,Market / Lease-up Risk,1393.94,0.043,0.03287220210547522,0.0469,20.8806,0.04718,1.0255,0.05187,19.7708
2020-06-30,OC-MULT-291,Multifamily,Newport Beach,48807,1980,0.947,0.9287,2795.07,2704.755,0.0498,0.415,0.8,0.166,0.2406,0.563,51.0,Market / Lease-up Risk,5400.0,0.043,0.02960691715862514,0.0498,18.6486,0.01456,0.9422,0.0532,17.7116
2020-06-30,OC-MULT-295,Multifamily,Orange,65610,1964,0.963,0.5289,1593.27,1649.014,0.0565,0.44,1.3,0.104,0.2006,0.29,54.0,Market / Lease-up Risk,1148.15,0.043,0.025957317988395515,0.0565,9.3611,0.00555,0.5318,0.05165,10.2968
2020-06-30,OC-MULT-299,Multifamily,Santa Ana,42587,1971,0.976,0.5657,2256.49,2275.443,0.0542,0.391,1.1,0.061,0.2137,0.433,37.0,Market / Lease-up Risk,2296.3,0.043,0.04493823437680141,0.0542,10.4373,0.01492,0.5741,0.05119,11.2154
2020-06-30,OC-MULT-303,Multifamily,Costa Mesa,34848,1980,0.934,0.5035,2118.58,2068.994,0.0552,0.399,1.2,0.159,0.0592,0.643,36.0,Market / Lease-up Risk,3250.0,0.043,0.015217267667254987,0.0552,9.1214,0.03347,0.5204,0.05208,9.9906
2020-06-30,OC-MULT-307,Multifamily,Fullerton,22154,1975,0.96,0.3925,2937.21,2982.594,0.0568,0.377,1.3,0.37,0.1198,0.537,19.0,Market / Lease-up Risk,1500.0,0.043,0.025208872084330803,0.0568,6.9102,0.0182,0.3996,0.05041,7.928
2020-06-30,OC-MULT-31,Multifamily,Anaheim,36593,1977,0.924,0.6298,2237.85,2298.925,0.0495,0.3,1.4,0.103,0.222,0.56,37.0,Market / Lease-up Risk,950.98,0.043,0.05018211740886433,0.0495,12.7232,0.01773,0.641,0.05289,12.1182
2020-06-30,OC-MULT-311,Multifamily,Anaheim,21919,1976,0.968,0.363,2163.07,2209.018,0.0485,0.359,1.4,0.133,0.2525,0.666,23.0,Market / Lease-up Risk,950.98,0.043,0.03312199801376162,0.0485,7.4845,0.00978,0.3666,0.05128,7.1475
2020-06-30,OC-MULT-315,Multifamily,Irvine,36480,1985,0.966,0.6819,2543.35,2517.072,0.0543,0.41,1.4,0.073,0.3489,0.64,40.0,Market / Lease-up Risk,1393.94,0.043,0.01949516176906831,0.0543,12.558,0.01957,0.6952,0.05128,13.5587
2020-06-30,OC-MULT-319,Multifamily,Newport Beach,66409,1996,0.935,0.8286,2451.47,2533.964,0.0481,0.42,1.3,0.016,0.1927,0.923,53.0,Market / Lease-up Risk,5400.0,0.043,0.04890879026413436,0.0481,17.2266,0.00842,0.8356,0.05169,16.1643
2020-06-30,OC-MULT-323,Multifamily,Orange,45738,1969,0.951,0.7637,3332.0,3228.514,0.0533,0.379,1.3,0.276,0.4179,0.504,33.0,Market / Lease-up Risk,1148.15,0.043,0.04062311165396825,0.0533,14.3283,0.01153,0.7725,0.05203,14.8486
2020-06-30,OC-MULT-327,Multifamily,Santa Ana,49896,1998,0.921,1.0226,2597.89,2533.636,0.0515,0.327,0.8,0.237,0.5368,0.852,54.0,Market / Lease-up Risk,2296.3,0.043,0.02243317870089035,0.0515,19.8563,0.03386,1.0572,0.05255,20.117
2020-06-30,OC-MULT-331,Multifamily,Costa Mesa,49487,1983,0.958,0.9768,3064.94,3185.926,0.0529,0.31,1.1,0.038,0.3512,0.564,41.0,Market / Lease-up Risk,3250.0,0.043,0.031643636775714454,0.0529,18.465,0.034,1.01,0.05234,19.2954
2020-06-30,OC-MULT-335,Multifamily,Fullerton,45720,1985,0.976,0.8228,2985.36,2885.672,0.0557,0.333,0.9,0.154,0.4019,0.64,36.0,Market / Lease-up Risk,1500.0,0.043,0.03434637741290378,0.0557,14.772,0.04359,0.8587,0.05263,16.3152
2020-06-30,OC-MULT-339,Multifamily,Anaheim,34350,2005,0.941,0.5645,2857.66,2887.742,0.0496,0.405,1.5,0.278,0.3931,0.992,30.0,Market / Lease-up Risk,950.98,0.043,0.02676513554018525,0.0496,11.381,0.01875,0.5751,0.05138,11.1925
2020-06-30,OC-MULT-343,Multifamily,Irvine,38700,1978,0.931,0.6068,3063.84,3110.226,0.0557,0.397,1.2,0.149,0.1238,0.701,30.0,Market / Lease-up Risk,1393.94,0.043,0.04087896960425103,0.0557,10.8941,0.01864,0.6181,0.0519,11.91
2020-06-30,OC-MULT-347,Multifamily,Newport Beach,23925,1959,0.956,0.5084,3302.83,3265.491,0.0483,0.435,1.2,0.426,0.091,0.208,25.0,Market / Lease-up Risk,5400.0,0.043,0.028747528901646863,0.0483,10.5259,0.02988,0.5236,0.05203,10.0632
2020-06-30,OC-MULT-35,Multifamily,Irvine,22396,1958,0.958,0.3821,2398.7,2445.269,0.0501,0.337,0.9,0.594,0.1617,0.317,22.0,Market / Lease-up Risk,1393.94,0.043,0.06376767216100655,0.0501,7.6267,0.04373,0.3988,0.05186,7.6905
2020-06-30,OC-MULT-351,Multifamily,Orange,43626,1972,0.969,0.8537,3536.1,3438.923,0.0495,0.358,1.3,0.026,0.2063,0.569,33.0,Market / Lease-up Risk,1148.15,0.043,0.02859844840756353,0.0495,17.2465,0.05097,0.8972,0.0522,17.1879
2020-06-30,OC-MULT-355,Multifamily,Santa Ana,79056,1989,0.949,1.1903,3178.96,3195.782,0.0554,0.45,1.0,0.058,0.3697,0.726,61.0,Market / Lease-up Risk,2296.3,0.043,0.029317685861999176,0.0554,21.4856,0.04361,1.2422,0.05256,23.6355
2020-06-30,OC-MULT-359,Multifamily,Costa Mesa,50380,1972,0.949,0.9221,2899.86,2895.906,0.0501,0.332,1.0,0.015,0.5402,0.421,44.0,Market / Lease-up Risk,3250.0,0.043,0.03371229826794979,0.0501,18.4052,0.02577,0.9459,0.05225,18.1028
2020-06-30,OC-MULT-363,Multifamily,Fullerton,61380,1961,0.924,1.046,3353.79,3389.57,0.0522,0.342,1.4,0.075,0.4877,0.384,45.0,Market / Lease-up Risk,1500.0,0.043,0.02051937972708154,0.0522,20.0383,0.03855,1.0863,0.0522,20.8127
2020-06-30,OC-MULT-367,Multifamily,Anaheim,35812,1980,0.955,0.5832,3359.53,3460.394,0.0504,0.448,1.0,0.251,0.3012,0.647,28.0,Market / Lease-up Risk,950.98,0.043,0.031852220824941,0.0504,11.5714,0.06683,0.6222,0.05219,11.9222
2020-06-30,OC-MULT-371,Multifamily,Irvine,51207,1976,0.979,1.1739,3873.09,3834.202,0.0499,0.325,1.3,0.204,0.4978,0.614,39.0,Market / Lease-up Risk,1393.94,0.043,0.03962990466742767,0.0499,23.5251,0.02561,1.204,0.05231,23.0168
2020-06-30,OC-MULT-375,Multifamily,Newport Beach,25368,1991,0.932,0.4973,3209.74,3213.905,0.0473,0.411,1.3,0.132,0.3116,0.806,24.0,Market / Lease-up Risk,5400.0,0.043,0.02733952838089284,0.0473,10.5137,0.04124,0.5178,0.05148,10.0591
2020-06-30,OC-MULT-379,Multifamily,Orange,72500,1974,0.976,1.184,2577.62,2639.406,0.0472,0.31,1.0,0.131,0.4259,0.555,58.0,Market / Lease-up Risk,1148.15,0.043,0.036503235250162726,0.0472,25.0847,0.02799,1.2171,0.05213,23.3493
2020-06-30,OC-MULT-383,Multifamily,Santa Ana,42599,1984,0.925,1.0337,3655.7,3695.822,0.0549,0.366,1.4,0.527,0.5943,0.697,41.0,Market / Lease-up Risk,2296.3,0.043,0.04795857449546151,0.0549,18.8288,0.0227,1.0572,0.05141,20.5616
2020-06-30,OC-MULT-387,Multifamily,Costa Mesa,38688,1973,0.977,0.7726,3325.07,3235.188,0.0519,0.368,0.8,0.204,0.3499,0.607,32.0,Market / Lease-up Risk,3250.0,0.043,0.023305556289874376,0.0519,14.8863,0.02421,0.7913,0.05254,15.0615
2020-06-30,OC-MULT-39,Multifamily,Newport Beach,22920,1980,0.963,0.5768,3467.65,3519.592,0.0564,0.388,1.5,0.459,0.0845,0.699,24.0,Market / Lease-up Risk,5400.0,0.043,0.04670768204486152,0.0564,10.227,0.01378,0.5848,0.05249,11.1395
2020-06-30,OC-MULT-391,Multifamily,Fullerton,59413,1978,0.968,1.3054,3036.84,2978.802,0.0529,0.36,0.9,0.215,0.5123,0.606,59.0,Market / Lease-up Risk,1500.0,0.043,0.033222413261316905,0.0529,24.6767,0.03842,1.3556,0.05169,26.2269
2020-06-30,OC-MULT-395,Multifamily,Anaheim,39950,1990,0.971,0.6764,3139.13,3253.994,0.0513,0.445,1.3,0.298,0.2597,0.7,34.0,Market / Lease-up Risk,950.98,0.043,0.024442870069863197,0.0513,13.1852,0.01166,0.6843,0.05109,13.3939
2020-06-30,OC-MULT-399,Multifamily,Irvine,28275,1972,0.922,0.5577,2975.19,2999.91,0.0551,0.385,1.2,0.054,0.2061,0.429,29.0,Market / Lease-up Risk,1393.94,0.043,0.03557449207434378,0.0551,10.1216,0.05046,0.5858,0.05178,11.3139
2020-06-30,OC-MULT-43,Multifamily,Orange,22880,1962,0.926,0.3797,2576.67,2666.891,0.05,0.302,0.9,0.068,0.147,0.313,20.0,Market / Lease-up Risk,1148.15,0.043,0.047667848368714315,0.05,7.594,0.02258,0.3883,0.05183,7.4911
2020-06-30,OC-MULT-47,Multifamily,Santa Ana,56940,1972,0.97,0.7749,1958.78,2003.866,0.0522,0.422,1.0,0.118,0.1284,0.571,60.0,Market / Lease-up Risk,2296.3,0.043,0.03517355283708311,0.0522,14.8448,0.05329,0.8162,0.05088,16.0422
2020-06-30,OC-MULT-51,Multifamily,Costa Mesa,41696,1963,0.956,0.7026,3142.79,3262.955,0.0516,0.359,1.4,0.059,0.3656,0.315,32.0,Market / Lease-up Risk,3250.0,0.043,0.038430951380992846,0.0516,13.6163,0.01816,0.7154,0.05218,13.7103
2020-06-30,OC-MULT-55,Multifamily,Fullerton,50082,1973,0.964,1.1395,2976.87,2964.784,0.0543,0.317,1.2,0.166,0.5702,0.373,51.0,Market / Lease-up Risk,1500.0,0.043,0.03664046761291139,0.0543,20.9853,0.01314,1.1545,0.05238,22.0392
2020-06-30,OC-MULT-59,Multifamily,Anaheim,18943,1972,0.978,0.3976,3032.34,3035.65,0.0553,0.4,1.5,0.183,0.1864,0.547,19.0,Market / Lease-up Risk,950.98,0.043,0.042856730886525786,0.0553,7.1899,0.00512,0.3996,0.05253,7.6076
2020-06-30,OC-MULT-63,Multifamily,Irvine,43744,1956,0.973,0.5883,2448.0,2476.0,0.0554,0.323,1.3,0.459,0.3356,0.255,32.0,Market / Lease-up Risk,1393.94,0.043,0.037488974469680296,0.0554,10.6191,0.0242,0.6025,0.05218,11.548
2020-06-30,OC-MULT-67,Multifamily,Newport Beach,83936,1967,0.929,1.5201,3723.03,3602.597,0.0529,0.368,1.3,0.241,0.5553,0.28,61.0,Market / Lease-up Risk,5400.0,0.043,0.027899214864393573,0.0529,28.7353,0.01082,1.5365,0.05284,29.0774
2020-06-30,OC-MULT-71,Multifamily,Orange,71045,1962,0.96,1.3325,3050.85,2947.226,0.0472,0.386,1.1,0.003,0.6173,0.426,65.0,Market / Lease-up Risk,1148.15,0.043,0.02416917301045654,0.0472,28.2309,0.03325,1.3768,0.05126,26.8615
2020-06-30,OC-MULT-75,Multifamily,Santa Ana,30096,1995,0.924,0.7615,4231.58,4115.872,0.0553,0.31,1.1,0.561,0.4699,0.928,24.0,Market / Lease-up Risk,2296.3,0.043,0.018956062552364077,0.0553,13.7703,-0.0012,0.7606,0.05205,14.612
2020-06-30,OC-MULT-79,Multifamily,Costa Mesa,39498,1959,0.943,0.4681,2383.55,2363.737,0.0509,0.37,0.8,0.083,0.2106,0.329,29.0,Market / Lease-up Risk,3250.0,0.043,0.03510008415478245,0.0509,9.1965,0.02562,0.4801,0.05173,9.28
2020-06-30,OC-MULT-83,Multifamily,Fullerton,31050,1955,0.925,0.4415,2817.99,2929.408,0.054,0.354,1.4,0.396,0.1661,0.056,23.0,Market / Lease-up Risk,1500.0,0.043,0.02163175005173789,0.054,8.1759,0.02998,0.4547,0.05301,8.5775
2020-06-30,OC-MULT-87,Multifamily,Anaheim,33611,2004,0.957,0.5447,2432.9,2344.913,0.0524,0.314,1.0,0.211,0.085,0.982,29.0,Market / Lease-up Risk,950.98,0.043,0.03299630608044164,0.0524,10.395,0.04612,0.5698,0.05273,10.8072
2020-06-30,OC-MULT-91,Multifamily,Irvine,44148,1971,0.978,0.5672,2207.1,2173.763,0.0567,0.409,1.4,0.131,0.1284,0.379,39.0,Market / Lease-up Risk,1393.94,0.043,0.054172921714490854,0.0567,10.0035,0.0319,0.5853,0.05243,11.1634
2020-06-30,OC-MULT-95,Multifamily,Newport Beach,66780,1969,0.969,0.8762,2620.86,2533.581,0.0519,0.429,0.9,0.439,0.4047,0.403,53.0,Market / Lease-up Risk,5400.0,0.043,0.0449533858488252,0.0519,16.8825,0.04286,0.9138,0.05158,17.7136
2020-06-30,OC-MULT-99,Multifamily,Orange,55106,1956,0.957,1.5346,3645.34,3544.151,0.0542,0.346,1.4,0.655,0.5331,0.31,59.0,Market / Lease-up Risk,1148.15,0.043,0.03719510455388278,0.0542,28.3137,0.02338,1.5705,0.05084,30.8925
2020-06-30,OC-OFFI-02,Office,Anaheim,115831,1985,0.911,1.8451,2.474,2.515,0.0759,0.399,4.6,0.099,0.1368,0.672,,Market / Lease-up Risk,950.98,0.043,0.11581990994899931,0.0759,24.3096,-0.00135,1.8426,0.07157,25.7451
2020-06-30,OC-OFFI-06,Office,Irvine,120729,1991,0.869,1.2586,1.64,1.681,0.0654,0.378,2.7,0.349,0.4392,0.863,,Market / Lease-up Risk,1393.94,0.043,0.13873876508166602,0.0654,19.2446,0.02102,1.2851,0.07151,17.9691
2020-06-30,OC-OFFI-10,Office,Newport Beach,197899,1966,0.947,4.9109,3.762,3.643,0.0739,0.389,6.4,0.388,0.772,0.467,,Market / Lease-up Risk,5400.0,0.043,0.1309354505986882,0.0739,66.4533,0.03475,5.0815,0.07196,70.6177
2020-06-30,OC-OFFI-102,Office,Santa Ana,213980,1977,0.883,5.1251,3.565,3.701,0.0715,0.353,2.1,0.272,1.1744,0.67,,Market / Lease-up Risk,2296.3,0.043,0.1106528479602558,0.0715,71.6797,0.02942,5.2759,0.07194,73.3402
2020-06-30,OC-OFFI-106,Office,Costa Mesa,237906,1978,0.779,4.1642,3.028,3.126,0.0763,0.369,6.0,0.298,1.0285,0.699,,Market / Lease-up Risk,3250.0,0.043,0.13193105941765856,0.0763,54.5767,0.0259,4.2721,0.07094,60.2227
2020-06-30,OC-OFFI-110,Office,Fullerton,238741,1986,0.835,5.5386,3.424,3.459,0.0715,0.31,2.1,0.416,2.0459,0.744,,Market / Lease-up Risk,1500.0,0.043,0.1445315030633971,0.0715,77.4629,0.03329,5.723,0.07236,79.0921
2020-06-30,OC-OFFI-114,Office,Anaheim,95254,1974,0.92,1.5629,2.536,2.465,0.0615,0.402,3.7,0.666,0.6063,0.533,,Market / Lease-up Risk,950.98,0.043,0.13839949052888803,0.0615,25.413,0.02059,1.5951,0.07163,22.2683
2020-06-30,OC-OFFI-118,Office,Irvine,179821,1976,0.82,2.7636,2.583,2.527,0.069,0.383,3.7,0.243,0.4772,0.676,,Market / Lease-up Risk,1393.94,0.043,0.1421638811653004,0.069,40.0522,0.01521,2.8056,0.07144,39.2731
2020-06-30,OC-OFFI-122,Office,Newport Beach,215665,1984,0.759,2.3018,1.851,1.811,0.0735,0.354,4.4,0.027,0.4736,0.705,,Market / Lease-up Risk,5400.0,0.043,0.12223337734300718,0.0735,31.317,0.03398,2.38,0.07214,32.9933
2020-06-30,OC-OFFI-126,Office,Orange,191834,1984,0.827,3.2656,3.098,3.201,0.0633,0.435,6.6,0.291,1.6592,0.812,,Market / Lease-up Risk,1148.15,0.043,0.14572816797842542,0.0633,51.5893,0.03541,3.3812,0.07231,46.7634
2020-06-30,OC-OFFI-130,Office,Santa Ana,141673,1989,0.922,2.9918,2.92,3.025,0.0664,0.333,4.1,0.012,0.6763,0.717,,Market / Lease-up Risk,2296.3,0.043,0.1421098543124952,0.0664,45.0572,0.05569,3.1584,0.07159,44.1204
2020-06-30,OC-OFFI-134,Office,Costa Mesa,198260,1969,0.769,2.0334,1.772,1.749,0.0684,0.36,6.3,0.133,0.8537,0.561,,Market / Lease-up Risk,3250.0,0.043,0.12111518047702166,0.0684,29.7281,0.04376,2.1224,0.07198,29.487
2020-06-30,OC-OFFI-138,Office,Fullerton,178130,1978,0.849,2.6254,2.554,2.453,0.0721,0.422,4.2,0.296,0.5918,0.74,,Market / Lease-up Risk,1500.0,0.043,0.11720788154341448,0.0721,36.4133,0.0071,2.644,0.07116,37.1554
2020-06-30,OC-OFFI-14,Office,Orange,109601,1998,0.875,2.0255,3.044,3.045,0.0709,0.41,2.8,0.09,0.4833,0.882,,Market / Lease-up Risk,1148.15,0.043,0.1280007954364223,0.0709,28.5684,0.03172,2.0897,0.07148,29.2338
2020-06-30,OC-OFFI-142,Office,Anaheim,247587,1958,0.931,4.4535,2.564,2.656,0.0679,0.339,2.1,0.026,1.514,0.172,,Market / Lease-up Risk,950.98,0.043,0.14165306191665764,0.0679,65.5891,0.00533,4.4772,0.07207,62.1268
2020-06-30,OC-OFFI-146,Office,Irvine,205234,1965,0.88,3.2892,2.667,2.728,0.0628,0.401,5.3,0.323,0.5224,0.442,,Market / Lease-up Risk,1393.94,0.043,0.14148494300108466,0.0628,52.3758,0.04458,3.4358,0.07264,47.3007
2020-06-30,OC-OFFI-150,Office,Newport Beach,119432,1965,0.942,1.7522,2.236,2.285,0.0615,0.389,3.9,0.236,0.2648,0.462,,Market / Lease-up Risk,5400.0,0.043,0.1350277827444856,0.0615,28.4911,0.01475,1.778,0.0721,24.6606
2020-06-30,OC-OFFI-154,Office,Orange,201363,1995,0.892,3.7679,2.818,2.884,0.0746,0.367,6.1,0.174,0.5365,0.858,,Market / Lease-up Risk,1148.15,0.043,0.16024966561891896,0.0746,50.508,0.02967,3.8797,0.07176,54.0655
2020-06-30,OC-OFFI-158,Office,Santa Ana,135623,1980,0.914,2.9826,3.086,3.03,0.0649,0.337,5.4,0.129,0.6496,0.686,,Market / Lease-up Risk,2296.3,0.043,0.11876992275672918,0.0649,45.9569,0.03763,3.0948,0.07183,43.0871
2020-06-30,OC-OFFI-162,Office,Costa Mesa,226142,1965,0.867,3.5185,2.801,2.699,0.0668,0.438,3.1,0.023,0.314,0.259,,Market / Lease-up Risk,3250.0,0.043,0.12167002690640841,0.0668,52.6722,0.03943,3.6572,0.07152,51.1352
2020-06-30,OC-OFFI-166,Office,Fullerton,229157,1971,0.89,4.115,2.732,2.751,0.0615,0.372,3.1,0.57,1.4017,0.597,,Market / Lease-up Risk,1500.0,0.043,0.12048903313749423,0.0615,66.9106,0.01517,4.1774,0.07192,58.0867
2020-06-30,OC-OFFI-170,Office,Anaheim,177268,1970,0.825,2.3474,2.335,2.302,0.0635,0.397,6.4,0.46,1.138,0.325,,Market / Lease-up Risk,950.98,0.043,0.12913936694641964,0.0635,36.9669,0.00021,2.3479,0.07177,32.7152
2020-06-30,OC-OFFI-174,Office,Irvine,227031,1955,0.903,4.0285,2.706,2.777,0.068,0.363,6.1,0.116,1.2308,0.089,,Market / Lease-up Risk,1393.94,0.043,0.12557001034185056,0.068,59.2426,0.02056,4.1113,0.0723,56.8615
2020-06-30,OC-OFFI-178,Office,Newport Beach,145251,1973,0.848,2.6346,2.918,2.915,0.0729,0.357,3.3,0.045,1.0478,0.441,,Market / Lease-up Risk,5400.0,0.043,0.1366621202401228,0.0729,36.1399,0.01485,2.6737,0.07228,36.9894
2020-06-30,OC-OFFI-18,Office,Santa Ana,96799,1975,0.765,2.142,3.94,3.785,0.0737,0.356,2.1,0.149,0.2375,0.436,,Market / Lease-up Risk,2296.3,0.043,0.12981103561677546,0.0737,29.0638,0.02041,2.1857,0.0719,30.3987
2020-06-30,OC-OFFI-182,Office,Orange,174698,1966,0.801,3.2172,3.166,3.19,0.062,0.363,4.4,0.592,1.2147,0.334,,Market / Lease-up Risk,1148.15,0.043,0.13649402145069506,0.062,51.8903,0.06455,3.4249,0.07233,47.3501
2020-06-30,OC-OFFI-186,Office,Santa Ana,258327,1983,0.846,5.8613,3.569,3.652,0.0708,0.361,2.7,0.365,2.7159,0.787,,Market / Lease-up Risk,2296.3,0.043,0.11624525111778992,0.0708,82.7867,0.00914,5.9148,0.07215,81.9801
2020-06-30,OC-OFFI-190,Office,Costa Mesa,216411,1955,0.802,3.0569,2.272,2.182,0.0769,0.32,5.0,0.01,0.7647,0.198,,Market / Lease-up Risk,3250.0,0.043,0.1412864196028501,0.0769,39.7516,-0.01133,3.0223,0.07235,41.7725
2020-06-30,OC-OFFI-194,Office,Fullerton,241002,1998,0.766,2.4973,1.722,1.769,0.0726,0.332,4.2,0.103,0.5625,0.84,,Market / Lease-up Risk,1500.0,0.043,0.12896767112950305,0.0726,34.3981,0.01046,2.5234,0.0709,35.5925
2020-06-30,OC-OFFI-198,Office,Anaheim,199320,1969,0.908,2.893,2.273,2.339,0.0731,0.402,2.6,0.213,0.3923,0.536,,Market / Lease-up Risk,950.98,0.043,0.1317483560168905,0.0731,39.5759,0.03089,2.9824,0.07126,41.85
2020-06-30,OC-OFFI-202,Office,Irvine,114599,1975,0.768,1.4829,2.557,2.471,0.0699,0.422,5.6,0.478,0.6658,0.439,,Market / Lease-up Risk,1393.94,0.043,0.15021784199964888,0.0699,21.2146,0.00581,1.4915,0.07177,20.7809
2020-06-30,OC-OFFI-206,Office,Newport Beach,107472,1976,0.835,1.505,2.532,2.526,0.0713,0.419,4.5,0.262,0.1307,0.497,,Market / Lease-up Risk,5400.0,0.043,0.14161984184158963,0.0713,21.108,0.01936,1.5341,0.0724,21.1901
2020-06-30,OC-OFFI-210,Office,Orange,105695,1963,0.804,1.7681,2.992,2.909,0.0711,0.39,2.3,0.054,0.3167,0.325,,Market / Lease-up Risk,1148.15,0.043,0.13318129970467463,0.0711,24.8678,0.02258,1.808,0.07151,25.2821
2020-06-30,OC-OFFI-214,Office,Santa Ana,174628,1955,0.878,2.2592,2.112,2.18,0.0768,0.388,2.8,0.627,0.6325,0.256,,Market / Lease-up Risk,2296.3,0.043,0.11789691195287808,0.0768,29.4167,0.03378,2.3355,0.07212,32.3823
2020-06-30,OC-OFFI-218,Office,Costa Mesa,219272,1977,0.941,3.9881,2.824,2.774,0.0651,0.418,6.5,0.057,1.3058,0.631,,Market / Lease-up Risk,3250.0,0.043,0.12011564294219049,0.0651,61.2611,0.03217,4.1164,0.07155,57.5341
2020-06-30,OC-OFFI-22,Office,Costa Mesa,216849,1985,0.869,3.6532,2.625,2.625,0.0749,0.372,2.7,0.079,1.257,0.68,,Market / Lease-up Risk,3250.0,0.043,0.12551869947297342,0.0749,48.7744,0.02277,3.7364,0.07181,52.034
2020-06-30,OC-OFFI-222,Office,Fullerton,251748,1987,0.763,4.829,3.557,3.597,0.0716,0.399,5.4,0.489,1.1793,0.787,,Market / Lease-up Risk,1500.0,0.043,0.12061849874369707,0.0716,67.4441,0.01847,4.9182,0.07184,68.4604
2020-06-30,OC-OFFI-226,Office,Anaheim,148062,1977,0.779,2.6489,2.907,2.8,0.0673,0.307,6.9,0.554,0.8412,0.445,,Market / Lease-up Risk,950.98,0.043,0.13864439598318848,0.0673,39.3596,0.0117,2.6799,0.07342,36.5013
2020-06-30,OC-OFFI-230,Office,Irvine,127771,1957,0.938,2.5661,2.986,2.989,0.0726,0.371,2.2,0.239,0.3286,0.057,,Market / Lease-up Risk,1393.94,0.043,0.1413793804251205,0.0726,35.3457,0.02378,2.6271,0.07267,36.1506
2020-06-30,OC-OFFI-234,Office,Newport Beach,185836,1990,0.937,3.9155,3.094,3.129,0.0719,0.382,6.4,0.667,1.7534,0.905,,Market / Lease-up Risk,5400.0,0.043,0.14098216553156945,0.0719,54.4576,0.02491,4.013,0.07256,55.3075
2020-06-30,OC-OFFI-238,Office,Orange,116467,1965,0.902,2.0287,2.946,3.051,0.0752,0.425,4.5,0.258,0.1859,0.27,,Market / Lease-up Risk,1148.15,0.043,0.14686657354414587,0.0752,26.9774,0.01526,2.0596,0.07065,29.1529
2020-06-30,OC-OFFI-242,Office,Santa Ana,183520,1985,0.784,3.2783,3.125,3.151,0.0754,0.38,5.2,0.15,0.5132,0.74,,Market / Lease-up Risk,2296.3,0.043,0.11849536784154163,0.0754,43.4788,0.0464,3.4304,0.07257,47.2702
2020-06-30,OC-OFFI-246,Office,Costa Mesa,151042,1975,0.817,2.8664,3.011,3.003,0.0674,0.344,4.3,0.233,1.1388,0.576,,Market / Lease-up Risk,3250.0,0.043,0.13951257533696515,0.0674,42.5282,0.03053,2.9539,0.07189,41.0908
2020-06-30,OC-OFFI-250,Office,Fullerton,188746,1988,0.868,4.5887,3.704,3.585,0.0644,0.357,4.6,0.414,0.7618,0.731,,Market / Lease-up Risk,1500.0,0.043,0.15288092313157708,0.0644,71.2531,0.02927,4.723,0.07205,65.5499
2020-06-30,OC-OFFI-254,Office,Anaheim,180455,1998,0.89,4.3187,3.491,3.414,0.0758,0.345,5.2,0.084,1.3876,0.862,,Market / Lease-up Risk,950.98,0.043,0.13820514961280714,0.0758,56.9749,0.01599,4.3878,0.07199,60.951
2020-06-30,OC-OFFI-258,Office,Irvine,242266,1987,0.887,4.2074,2.452,2.433,0.0722,0.321,6.4,0.575,2.0127,0.758,,Market / Lease-up Risk,1393.94,0.043,0.1299566100070616,0.0722,58.2742,0.01218,4.2586,0.07188,59.2456
2020-06-30,OC-OFFI-26,Office,Fullerton,125150,1955,0.798,1.7915,2.451,2.363,0.0768,0.358,2.3,0.058,0.5028,0.237,,Market / Lease-up Risk,1500.0,0.043,0.1448229477507859,0.0768,23.3268,0.02139,1.8298,0.07187,25.46
2020-06-30,OC-OFFI-262,Office,Newport Beach,234618,1987,0.851,2.496,1.682,1.647,0.0662,0.368,2.3,0.138,0.9085,0.858,,Market / Lease-up Risk,5400.0,0.043,0.1296527110234831,0.0662,37.7039,0.01086,2.5231,0.07181,35.1372
2020-06-30,OC-OFFI-266,Office,Orange,112381,1955,0.938,1.9357,2.632,2.614,0.067,0.388,4.2,0.341,0.2061,0.157,,Market / Lease-up Risk,1148.15,0.043,0.1400407538359751,0.067,28.891,0.02236,1.979,0.07182,27.5543
2020-06-30,OC-OFFI-270,Office,Santa Ana,171532,2001,0.886,4.1424,3.781,3.78,0.0681,0.387,5.2,0.071,0.537,0.909,,Market / Lease-up Risk,2296.3,0.043,0.11235498627209727,0.0681,60.8282,0.03618,4.2923,0.07161,59.9383
2020-06-30,OC-OFFI-274,Office,Costa Mesa,109806,1980,0.938,2.0469,2.428,2.357,0.0663,0.304,5.9,0.296,0.4237,0.624,,Market / Lease-up Risk,3250.0,0.043,0.13705794641835053,0.0663,30.8733,0.02794,2.1041,0.07174,29.3288
2020-06-30,OC-OFFI-278,Office,Fullerton,101000,1971,0.871,1.5991,2.662,2.626,0.077,0.401,3.4,0.413,0.5057,0.318,,Market / Lease-up Risk,1500.0,0.043,0.11352972572015174,0.077,20.7675,0.01193,1.6182,0.07264,22.2777
2020-06-30,OC-OFFI-282,Office,Anaheim,149202,1961,0.794,2.5812,3.256,3.319,0.0625,0.413,2.5,0.315,1.4049,0.34,,Market / Lease-up Risk,950.98,0.043,0.11768581534608472,0.0625,41.2992,0.01698,2.625,0.07214,36.3865
2020-06-30,OC-OFFI-286,Office,Irvine,179119,1985,0.896,4.1328,3.278,3.214,0.0693,0.332,2.3,0.114,1.2506,0.726,,Market / Lease-up Risk,1393.94,0.043,0.12956322038076779,0.0693,59.6364,0.00584,4.1569,0.07156,58.0916
2020-06-30,OC-OFFI-290,Office,Newport Beach,106926,1982,0.82,1.449,2.252,2.3,0.0611,0.376,2.4,0.121,0.6599,0.69,,Market / Lease-up Risk,5400.0,0.043,0.12079535838025159,0.0611,23.7152,0.05333,1.5263,0.07199,21.2009
2020-06-30,OC-OFFI-294,Office,Orange,187673,1959,0.773,2.7609,2.518,2.568,0.0687,0.337,5.7,0.191,0.5481,0.251,,Market / Lease-up Risk,1148.15,0.043,0.13693315999976546,0.0687,40.1878,0.01367,2.7986,0.07183,38.96
2020-06-30,OC-OFFI-298,Office,Santa Ana,153859,1978,0.875,3.5405,3.279,3.282,0.0612,0.318,3.4,0.117,1.0107,0.597,,Market / Lease-up Risk,2296.3,0.043,0.13707223044041594,0.0612,57.8513,0.02727,3.637,0.07195,50.5499
2020-06-30,OC-OFFI-30,Office,Anaheim,108897,1982,0.754,1.7038,3.101,3.121,0.0619,0.431,6.4,0.067,0.5242,0.718,,Market / Lease-up Risk,950.98,0.043,0.12229420927976148,0.0619,27.525,0.04412,1.779,0.07255,24.5199
2020-06-30,OC-OFFI-302,Office,Costa Mesa,200349,1955,0.796,2.3877,2.139,2.145,0.0628,0.386,7.0,0.129,1.2882,0.209,,Market / Lease-up Risk,3250.0,0.043,0.11175997498513579,0.0628,38.0207,0.03728,2.4767,0.07227,34.2697
2020-06-30,OC-OFFI-306,Office,Fullerton,199156,1986,0.875,3.7706,2.792,2.868,0.0707,0.341,2.7,0.025,1.7074,0.627,,Market / Lease-up Risk,1500.0,0.043,0.1364592137363156,0.0707,53.3324,0.02588,3.8682,0.07171,53.9384
2020-06-30,OC-OFFI-310,Office,Anaheim,206776,1975,0.848,3.8263,2.95,2.958,0.074,0.371,5.6,0.148,0.8341,0.596,,Market / Lease-up Risk,950.98,0.043,0.1149276092152045,0.074,51.7068,0.02404,3.9183,0.07199,54.4277
2020-06-30,OC-OFFI-314,Office,Irvine,117151,2001,0.778,1.8768,2.641,2.746,0.0711,0.337,2.7,0.049,0.3862,0.929,,Market / Lease-up Risk,1393.94,0.043,0.12591531941388556,0.0711,26.3966,0.01323,1.9016,0.07151,26.5938
2020-06-30,OC-OFFI-318,Office,Newport Beach,183776,1962,0.868,4.1686,3.554,3.618,0.0638,0.355,5.3,0.048,0.5527,0.39,,Market / Lease-up Risk,5400.0,0.043,0.14114314312610793,0.0638,65.3386,0.01569,4.234,0.07153,59.1953
2020-06-30,OC-OFFI-322,Office,Orange,97506,1955,0.906,1.6454,2.541,2.482,0.0762,0.357,3.7,0.102,0.5993,0.017,,Market / Lease-up Risk,1148.15,0.043,0.14394267000143873,0.0762,21.5932,0.02157,1.6809,0.07177,23.42
2020-06-30,OC-OFFI-326,Office,Santa Ana,138895,1955,0.902,3.2408,3.967,3.93,0.0743,0.428,3.7,0.06,0.3244,0.097,,Market / Lease-up Risk,2296.3,0.043,0.12884948283055395,0.0743,43.6178,0.0099,3.2729,0.07269,45.0242
2020-06-30,OC-OFFI-330,Office,Costa Mesa,243564,1986,0.792,5.1413,3.328,3.455,0.0649,0.319,5.4,0.185,1.2692,0.647,,Market / Lease-up Risk,3250.0,0.043,0.14312690115311202,0.0649,79.2188,0.0114,5.1999,0.07116,73.0745
2020-06-30,OC-OFFI-334,Office,Fullerton,90224,1960,0.938,2.0856,3.627,3.519,0.0632,0.404,3.4,0.454,0.2192,0.33,,Market / Lease-up Risk,1500.0,0.043,0.1286122277989986,0.0632,33.0,-0.00593,2.0732,0.07159,28.9585
2020-06-30,OC-OFFI-338,Office,Anaheim,218141,1973,0.764,3.6164,2.915,2.932,0.0754,0.367,3.1,0.934,0.4315,0.595,,Market / Lease-up Risk,950.98,0.043,0.1267305526450454,0.0754,47.9629,-0.00856,3.5855,0.07172,49.9896
2020-06-30,OC-OFFI-34,Office,Irvine,123210,1973,0.865,2.0034,2.73,2.738,0.0642,0.396,6.4,0.046,0.6541,0.5,,Market / Lease-up Risk,1393.94,0.043,0.1300285261990317,0.0642,31.2056,0.042,2.0875,0.07186,29.0504
2020-06-30,OC-OFFI-342,Office,Irvine,137121,1963,0.883,2.1059,2.635,2.647,0.0617,0.421,3.5,0.265,0.6036,0.407,,Market / Lease-up Risk,1393.94,0.043,0.13691231215860875,0.0617,34.1313,0.00263,2.1114,0.07216,29.2604
2020-06-30,OC-OFFI-346,Office,Newport Beach,170080,1981,0.948,3.0725,2.823,2.722,0.0619,0.426,6.8,0.058,1.1327,0.61,,Market / Lease-up Risk,5400.0,0.043,0.1072732232138937,0.0619,49.6365,0.03174,3.17,0.07209,43.9706
2020-06-30,OC-OFFI-350,Office,Orange,125329,1971,0.845,2.2339,3.115,3.23,0.0691,0.406,5.0,0.467,0.9513,0.392,,Market / Lease-up Risk,1148.15,0.043,0.13101053358657244,0.0691,32.3285,0.0219,2.2828,0.07214,31.6427
2020-06-30,OC-OFFI-354,Office,Santa Ana,144892,1967,0.774,2.8773,3.914,4.019,0.0733,0.425,3.0,0.028,0.6294,0.352,,Market / Lease-up Risk,2296.3,0.043,0.12158745810574897,0.0733,39.2538,0.01283,2.9142,0.07231,40.2991
2020-06-30,OC-OFFI-358,Office,Costa Mesa,244142,1955,0.85,4.1875,2.686,2.644,0.0647,0.341,6.0,0.138,0.8348,0.251,,Market / Lease-up Risk,3250.0,0.043,0.12942330603731286,0.0647,64.7218,0.012,4.2377,0.07301,58.0395
2020-06-30,OC-OFFI-362,Office,Fullerton,244941,1976,0.767,4.8998,3.335,3.264,0.0628,0.335,5.3,0.337,0.9211,0.628,,Market / Lease-up Risk,1500.0,0.043,0.11728115298277458,0.0628,78.0223,0.02658,5.03,0.07238,69.4937
2020-06-30,OC-OFFI-366,Office,Anaheim,206214,1955,0.855,3.7876,3.353,3.324,0.0735,0.438,2.9,0.015,0.4552,0.027,,Market / Lease-up Risk,950.98,0.043,0.12653955786175006,0.0735,51.532,0.01309,3.8372,0.07105,54.0046
2020-06-30,OC-OFFI-370,Office,Irvine,131620,1980,0.945,3.1329,3.216,3.283,0.0745,0.334,3.2,0.35,0.5589,0.507,,Market / Lease-up Risk,1393.94,0.043,0.10601106803762601,0.0745,42.0523,0.02889,3.2234,0.07216,44.6696
2020-06-30,OC-OFFI-374,Office,Newport Beach,225351,1980,0.844,4.1566,3.087,3.209,0.0614,0.398,4.4,0.196,0.9781,0.715,,Market / Lease-up Risk,5400.0,0.043,0.11716974108836747,0.0614,67.6971,0.01497,4.2188,0.07167,58.8679
2020-06-30,OC-OFFI-378,Office,Orange,249893,1982,0.786,5.6021,3.737,3.851,0.0608,0.351,2.5,0.155,2.0421,0.707,,Market / Lease-up Risk,1148.15,0.043,0.11695473188066938,0.0608,92.1398,0.0201,5.7147,0.07241,78.9191
2020-06-30,OC-OFFI-38,Office,Newport Beach,212301,1973,0.804,2.5038,2.036,2.001,0.0725,0.368,5.3,0.38,0.8037,0.385,,Market / Lease-up Risk,5400.0,0.043,0.09783205971676465,0.0725,34.5352,0.02996,2.5788,0.07306,35.2979
2020-06-30,OC-OFFI-382,Office,Santa Ana,191980,1991,0.885,2.4572,2.124,2.199,0.0681,0.421,5.9,0.473,0.7721,0.745,,Market / Lease-up Risk,2296.3,0.043,0.13456931954648968,0.0681,36.0822,-0.02891,2.3862,0.07212,33.0873
2020-06-30,OC-OFFI-386,Office,Costa Mesa,102587,1986,0.923,1.673,2.712,2.638,0.0716,0.446,5.0,0.012,0.5079,0.856,,Market / Lease-up Risk,3250.0,0.043,0.13394371573415462,0.0716,23.3659,0.01851,1.704,0.07109,23.9697
2020-06-30,OC-OFFI-390,Office,Fullerton,138920,1961,0.928,3.349,3.522,3.515,0.072,0.353,3.0,0.11,1.2039,0.387,,Market / Lease-up Risk,1500.0,0.043,0.14354662878661187,0.072,46.5139,-0.00911,3.3185,0.07125,46.5729
2020-06-30,OC-OFFI-394,Office,Anaheim,218419,1955,0.769,2.6891,2.154,2.176,0.0653,0.348,2.4,0.084,0.4261,0.278,,Market / Lease-up Risk,950.98,0.043,0.1253322796382203,0.0653,41.1807,-0.00421,2.6778,0.07163,37.3812
2020-06-30,OC-OFFI-398,Office,Irvine,201924,1955,0.851,3.1422,2.526,2.457,0.0698,0.365,2.8,0.691,0.4894,0.224,,Market / Lease-up Risk,1393.94,0.043,0.12654211390908895,0.0698,45.0172,0.01057,3.1754,0.07253,43.7806
2020-06-30,OC-OFFI-42,Office,Orange,165360,1971,0.758,2.0635,2.538,2.504,0.065,0.431,6.0,0.032,0.9448,0.323,,Market / Lease-up Risk,1148.15,0.043,0.1477941379627744,0.065,31.7462,0.03388,2.1334,0.0714,29.8813
2020-06-30,OC-OFFI-46,Office,Santa Ana,137043,1980,0.896,2.6762,3.168,3.257,0.0666,0.415,5.5,0.083,0.6466,0.586,,Market / Lease-up Risk,2296.3,0.043,0.1358479297958045,0.0666,40.1832,0.03358,2.7661,0.07177,38.5407
2020-06-30,OC-OFFI-50,Office,Costa Mesa,128033,1987,0.75,2.4795,3.832,3.951,0.0732,0.427,5.4,0.323,0.8672,0.868,,Market / Lease-up Risk,3250.0,0.043,0.15180201959542877,0.0732,33.873,0.00544,2.493,0.07046,35.3823
2020-06-30,OC-OFFI-54,Office,Fullerton,167538,1966,0.794,2.8825,2.731,2.752,0.072,0.304,3.8,0.141,0.8784,0.433,,Market / Lease-up Risk,1500.0,0.043,0.1366088716150796,0.072,40.0347,0.01518,2.9263,0.07205,40.6154
2020-06-30,OC-OFFI-58,Office,Anaheim,121707,1968,0.94,1.6358,2.04,2.038,0.0668,0.404,5.3,0.423,0.5201,0.504,,Market / Lease-up Risk,950.98,0.043,0.11914029918286073,0.0668,24.488,0.05285,1.7223,0.07244,23.7763
2020-06-30,OC-OFFI-62,Office,Irvine,257390,1958,0.942,4.6995,2.716,2.727,0.072,0.374,6.8,0.05,1.917,0.094,,Market / Lease-up Risk,1393.94,0.043,0.14304680194291652,0.072,65.2708,0.03444,4.8613,0.07269,66.8769
2020-06-30,OC-OFFI-66,Office,Newport Beach,132731,1963,0.826,2.0239,2.681,2.595,0.0707,0.396,2.0,0.005,0.6029,0.324,,Market / Lease-up Risk,5400.0,0.043,0.15062576215345866,0.0707,28.6266,0.00116,2.0262,0.07239,27.9888
2020-06-30,OC-OFFI-70,Office,Orange,124829,1987,0.893,2.55,3.297,3.244,0.0635,0.41,3.2,0.238,0.4579,0.826,,Market / Lease-up Risk,1148.15,0.043,0.13361412371564543,0.0635,40.1575,0.02554,2.6151,0.07176,36.4443
2020-06-30,OC-OFFI-74,Office,Santa Ana,160484,1968,0.838,2.8629,2.825,2.932,0.0703,0.339,3.0,0.558,0.51,0.314,,Market / Lease-up Risk,2296.3,0.043,0.12175279824134982,0.0703,40.724,0.03968,2.9765,0.0719,41.3949
2020-06-30,OC-OFFI-78,Office,Costa Mesa,251249,1955,0.845,4.1023,2.868,2.909,0.0625,0.409,4.0,0.236,1.9566,0.091,,Market / Lease-up Risk,3250.0,0.043,0.14654388997359427,0.0625,65.6368,0.0248,4.204,0.07153,58.7712
2020-06-30,OC-OFFI-82,Office,Fullerton,178960,1988,0.796,3.8719,3.34,3.429,0.0667,0.308,3.8,0.359,1.3203,0.782,,Market / Lease-up Risk,1500.0,0.043,0.11520385321950684,0.0667,58.0495,0.03323,4.0006,0.07154,55.9183
2020-06-30,OC-OFFI-86,Office,Anaheim,144654,1978,0.886,2.119,2.153,2.209,0.0707,0.347,6.2,0.195,0.634,0.655,,Market / Lease-up Risk,950.98,0.043,0.12710079128368282,0.0707,29.9717,0.01276,2.146,0.07198,29.8145
2020-06-30,OC-OFFI-90,Office,Irvine,198130,1969,0.882,2.5448,2.101,2.048,0.063,0.392,4.0,0.452,0.929,0.352,,Market / Lease-up Risk,1393.94,0.043,0.11054148940900708,0.063,40.3937,0.01181,2.5749,0.0709,36.3185
2020-06-30,OC-OFFI-94,Office,Newport Beach,161951,1978,0.921,2.3672,1.973,2.023,0.076,0.316,3.1,0.103,0.551,0.653,,Market / Lease-up Risk,5400.0,0.043,0.1391801534703154,0.076,31.1474,-0.00232,2.3617,0.07113,33.2034
2020-06-30,OC-OFFI-98,Office,Orange,242319,1962,0.949,4.1515,2.459,2.419,0.0635,0.356,6.9,0.177,0.8747,0.428,,Market / Lease-up Risk,1148.15,0.043,0.13232833291216795,0.0635,65.378,-0.00522,4.1298,0.07226,57.1501
2020-06-30,OC-RETA-04,Retail,Anaheim,93220,1981,0.903,1.5638,2.826,2.928,0.0638,0.441,2.8,0.064,0.814,0.695,,Market / Lease-up Risk,950.98,0.043,0.07464022139050036,0.0638,24.511,0.03598,1.6201,0.06547,24.7454
2020-06-30,OC-RETA-08,Retail,Irvine,123019,1975,0.969,3.6616,3.922,3.878,0.0628,0.313,4.7,0.176,0.9892,0.414,,Market / Lease-up Risk,1393.94,0.043,0.07515225671686904,0.0628,58.3057,0.03901,3.8044,0.06562,57.9769
2020-06-30,OC-RETA-100,Retail,Orange,139078,1990,0.966,2.8956,2.798,2.693,0.0662,0.345,2.7,0.578,1.372,0.709,,Market / Lease-up Risk,1148.15,0.043,0.04596057625095755,0.0662,43.7402,0.01139,2.9286,0.06407,45.7124
2020-06-30,OC-RETA-104,Retail,Santa Ana,33647,1962,0.899,0.6445,3.398,3.526,0.0692,0.45,3.7,0.108,0.0806,0.35,,Market / Lease-up Risk,2296.3,0.043,0.06224171658084685,0.0692,9.3136,0.0079,0.6496,0.06496,9.9999
2020-06-30,OC-RETA-108,Retail,Costa Mesa,91294,1959,0.887,1.8178,3.401,3.435,0.0623,0.421,4.2,0.082,0.3889,0.323,,Market / Lease-up Risk,3250.0,0.043,0.05076024375261341,0.0623,29.1782,0.01781,1.8502,0.06539,28.2931
2020-06-30,OC-RETA-112,Retail,Fullerton,104934,1977,0.942,2.3982,3.416,3.287,0.0624,0.377,4.0,0.382,0.9295,0.485,,Market / Lease-up Risk,1500.0,0.043,0.06472847096313052,0.0624,38.4327,0.02421,2.4563,0.06556,37.4634
2020-06-30,OC-RETA-116,Retail,Anaheim,72024,1980,0.964,1.5983,3.257,3.214,0.0654,0.399,5.7,0.012,0.2492,0.53,,Market / Lease-up Risk,950.98,0.043,0.07423669663631413,0.0654,24.4388,0.02151,1.6327,0.06537,24.976
2020-06-30,OC-RETA-12,Retail,Newport Beach,120235,1973,0.913,2.7223,3.374,3.371,0.06,0.375,4.5,0.001,1.0819,0.52,,Market / Lease-up Risk,5400.0,0.043,0.051688435342038416,0.06,45.3717,0.04129,2.8347,0.06495,43.646
2020-06-30,OC-RETA-120,Retail,Irvine,145777,1981,0.898,2.8667,2.664,2.726,0.0609,0.301,5.3,0.014,1.0232,0.675,,Market / Lease-up Risk,1393.94,0.043,0.07090558308073067,0.0609,47.0722,-0.00356,2.8565,0.06462,44.2066
2020-06-30,OC-RETA-124,Retail,Newport Beach,149373,1974,0.951,2.9265,2.794,2.89,0.0623,0.373,2.6,0.012,1.0579,0.548,,Market / Lease-up Risk,5400.0,0.043,0.07458938078658431,0.0623,46.9743,0.04697,3.064,0.06465,47.3896
2020-06-30,OC-RETA-128,Retail,Orange,38389,1969,0.885,0.906,3.42,3.512,0.065,0.316,3.2,0.28,0.1395,0.28,,Market / Lease-up Risk,1148.15,0.043,0.08661987194089876,0.065,13.9385,0.01286,0.9176,0.06518,14.079
2020-06-30,OC-RETA-132,Retail,Santa Ana,61115,1966,0.968,1.3026,3.279,3.348,0.0674,0.429,2.3,0.198,0.4964,0.502,,Market / Lease-up Risk,2296.3,0.043,0.044860921132707156,0.0674,19.3264,0.0331,1.3457,0.06537,20.5869
2020-06-30,OC-RETA-136,Retail,Costa Mesa,156708,1955,0.887,2.8748,2.664,2.558,0.0624,0.319,3.6,0.014,1.3824,0.098,,Market / Lease-up Risk,3250.0,0.043,0.06035470734886504,0.0624,46.0705,0.04962,3.0174,0.06557,46.0181
2020-06-30,OC-RETA-140,Retail,Fullerton,59310,1983,0.934,1.3791,3.431,3.462,0.0662,0.383,4.1,0.026,0.1807,0.725,,Market / Lease-up Risk,1500.0,0.043,0.07840530087329659,0.0662,20.8323,0.00929,1.3919,0.06447,21.5898
2020-06-30,OC-RETA-144,Retail,Anaheim,101597,1955,0.968,2.433,3.889,3.844,0.0655,0.442,3.2,0.291,1.0326,0.238,,Market / Lease-up Risk,950.98,0.043,0.06966165135317971,0.0655,37.145,0.02825,2.5017,0.06527,38.3318
2020-06-30,OC-RETA-148,Retail,Irvine,32998,1979,0.936,0.7893,3.341,3.276,0.0621,0.329,2.2,0.318,0.232,0.493,,Market / Lease-up Risk,1393.94,0.043,0.06147732274058375,0.0621,12.7101,0.03217,0.8147,0.06503,12.5276
2020-06-30,OC-RETA-152,Retail,Newport Beach,153263,1984,0.891,2.0261,2.153,2.157,0.0648,0.414,4.5,0.584,0.5059,0.595,,Market / Lease-up Risk,5400.0,0.043,0.06794785634110065,0.0648,31.267,0.0274,2.0816,0.06543,31.8128
2020-06-30,OC-RETA-156,Retail,Orange,84159,1972,0.9,1.4358,2.735,2.723,0.0677,0.392,5.8,0.017,0.6075,0.424,,Market / Lease-up Risk,1148.15,0.043,0.05323237427349266,0.0677,21.2083,0.01325,1.4548,0.06402,22.724
2020-06-30,OC-RETA-16,Retail,Orange,139996,1973,0.893,2.7919,2.805,2.708,0.0593,0.323,5.7,0.039,1.0557,0.513,,Market / Lease-up Risk,1148.15,0.043,0.06986436522297028,0.0593,47.0809,0.02581,2.864,0.06513,43.9699
2020-06-30,OC-RETA-160,Retail,Santa Ana,103946,1990,0.902,2.6574,3.725,3.873,0.0594,0.353,5.6,0.426,1.0705,0.749,,Market / Lease-up Risk,2296.3,0.043,0.05116196962461263,0.0594,44.7374,0.01861,2.7069,0.06587,41.0949
2020-06-30,OC-RETA-164,Retail,Costa Mesa,59753,1965,0.963,1.2957,3.096,3.159,0.0674,0.362,3.8,0.314,0.4489,0.336,,Market / Lease-up Risk,3250.0,0.043,0.07054817521375015,0.0674,19.224,0.01447,1.3145,0.06511,20.1897
2020-06-30,OC-RETA-168,Retail,Fullerton,97429,1973,0.91,2.0136,2.962,3.003,0.0686,0.348,3.1,0.002,0.9724,0.58,,Market / Lease-up Risk,1500.0,0.043,0.06970391149856654,0.0686,29.3528,0.03115,2.0763,0.06449,32.198
2020-06-30,OC-RETA-172,Retail,Anaheim,152186,1958,0.923,2.8731,2.951,3.045,0.0633,0.392,5.2,0.484,1.1152,0.339,,Market / Lease-up Risk,950.98,0.043,0.0737618241286448,0.0633,45.3886,0.02269,2.9383,0.06561,44.7817
2020-06-30,OC-RETA-176,Retail,Irvine,141077,1974,0.89,3.3397,3.795,3.661,0.0605,0.404,5.4,0.281,1.4399,0.606,,Market / Lease-up Risk,1393.94,0.043,0.0570620556755706,0.0605,55.2017,0.03486,3.4561,0.06422,53.8166
2020-06-30,OC-RETA-180,Retail,Newport Beach,150594,1994,0.896,2.33,2.472,2.517,0.0624,0.406,2.5,0.346,0.2613,0.9,,Market / Lease-up Risk,5400.0,0.043,0.05084276096973442,0.0624,37.3397,0.04755,2.4408,0.06444,37.8782
2020-06-30,OC-RETA-184,Retail,Orange,136794,1955,0.925,1.9109,2.038,2.091,0.0653,0.35,5.4,0.482,0.3108,0.104,,Market / Lease-up Risk,1148.15,0.043,0.06688397477552531,0.0653,29.2634,0.04657,1.9999,0.06506,30.7378
2020-06-30,OC-RETA-188,Retail,Santa Ana,88007,1984,0.9,1.9449,3.625,3.605,0.0625,0.424,3.0,0.212,0.7286,0.588,,Market / Lease-up Risk,2296.3,0.043,0.05635354033105308,0.0625,31.1184,0.02912,2.0015,0.06564,30.4921
2020-06-30,OC-RETA-192,Retail,Costa Mesa,41688,1959,0.931,1.0926,3.753,3.84,0.0623,0.342,4.0,0.165,0.3953,0.351,,Market / Lease-up Risk,3250.0,0.043,0.058052274825953966,0.0623,17.5377,0.0577,1.1556,0.06433,17.9652
2020-06-30,OC-RETA-196,Retail,Fullerton,88268,1958,0.921,1.3473,2.36,2.275,0.0634,0.384,5.0,0.186,0.5215,0.301,,Market / Lease-up Risk,1500.0,0.043,0.06916941305761991,0.0634,21.2508,0.02266,1.3778,0.06507,21.1759
2020-06-30,OC-RETA-20,Retail,Santa Ana,43189,1972,0.913,0.935,3.594,3.518,0.0619,0.439,3.2,0.138,0.0874,0.553,,Market / Lease-up Risk,2296.3,0.043,0.08910490829986877,0.0619,15.105,-0.00998,0.9257,0.06553,14.1257
2020-06-30,OC-RETA-200,Retail,Anaheim,77642,1986,0.919,1.803,3.146,3.065,0.0673,0.317,2.4,0.107,0.3232,0.719,,Market / Lease-up Risk,950.98,0.043,0.06013658337495373,0.0673,26.7905,0.02867,1.8547,0.06475,28.6439
2020-06-30,OC-RETA-204,Retail,Irvine,125002,1968,0.913,2.4583,3.269,3.376,0.0685,0.422,3.0,0.389,1.0732,0.452,,Market / Lease-up Risk,1393.94,0.043,0.05537260383963638,0.0685,35.8876,0.03922,2.5547,0.06519,39.1901
2020-06-30,OC-RETA-208,Retail,Newport Beach,50857,1974,0.937,0.7966,2.498,2.495,0.0679,0.413,4.4,0.234,0.3393,0.463,,Market / Lease-up Risk,5400.0,0.043,0.05188284466338391,0.0679,11.732,0.02502,0.8165,0.06514,12.5349
2020-06-30,OC-RETA-212,Retail,Orange,86474,1965,0.965,1.815,3.164,3.271,0.0676,0.397,5.9,0.476,0.6785,0.216,,Market / Lease-up Risk,1148.15,0.043,0.08565213998682644,0.0676,26.8491,0.01405,1.8405,0.06495,28.3384
2020-06-30,OC-RETA-216,Retail,Santa Ana,53936,1955,0.963,1.276,3.3,3.373,0.0693,0.347,5.4,0.883,0.2625,0.208,,Market / Lease-up Risk,2296.3,0.043,0.04221939576943263,0.0693,18.4127,0.00735,1.2854,0.06552,19.6182
2020-06-30,OC-RETA-220,Retail,Costa Mesa,113651,1957,0.881,2.2384,3.236,3.362,0.0657,0.394,3.5,0.561,0.7587,0.312,,Market / Lease-up Risk,3250.0,0.043,0.07968548516751331,0.0657,34.07,0.03549,2.3178,0.06492,35.7047
2020-06-30,OC-RETA-224,Retail,Fullerton,58751,1982,0.927,1.223,3.204,3.169,0.0605,0.404,3.3,0.201,0.6697,0.563,,Market / Lease-up Risk,1500.0,0.043,0.060631747877836935,0.0605,20.2149,0.0587,1.2948,0.06568,19.7136
2020-06-30,OC-RETA-228,Retail,Anaheim,135110,1963,0.929,2.9653,3.238,3.341,0.0597,0.36,2.3,0.204,0.803,0.289,,Market / Lease-up Risk,950.98,0.043,0.07498839803756638,0.0597,49.67,0.013,3.0038,0.06528,46.0161
2020-06-30,OC-RETA-232,Retail,Irvine,59427,1988,0.928,1.2866,2.838,2.91,0.068,0.301,3.1,0.266,0.5333,0.773,,Market / Lease-up Risk,1393.94,0.043,0.07829508748399147,0.068,18.9206,0.02103,1.3137,0.06422,20.4545
2020-06-30,OC-RETA-236,Retail,Newport Beach,40883,1959,0.961,0.3836,1.546,1.522,0.0598,0.446,5.5,0.079,0.0798,0.319,,Market / Lease-up Risk,5400.0,0.043,0.05577267215165046,0.0598,6.4147,0.01676,0.39,0.06536,5.9677
2020-06-30,OC-RETA-24,Retail,Costa Mesa,121117,1974,0.92,2.5891,3.443,3.504,0.0657,0.408,3.7,0.121,0.5143,0.392,,Market / Lease-up Risk,3250.0,0.043,0.07637124291051528,0.0657,39.4079,0.0435,2.7017,0.06458,41.8372
2020-06-30,OC-RETA-240,Retail,Orange,52220,1962,0.917,1.1838,3.838,3.871,0.0655,0.435,3.0,0.065,0.1993,0.358,,Market / Lease-up Risk,1148.15,0.043,0.06719637971902553,0.0655,18.0733,0.01253,1.1986,0.06491,18.4653
2020-06-30,OC-RETA-244,Retail,Santa Ana,92539,1964,0.899,1.6429,2.892,2.968,0.0662,0.401,3.4,0.146,0.6452,0.43,,Market / Lease-up Risk,2296.3,0.043,0.05046279534383713,0.0662,24.8172,0.00118,1.6448,0.06559,25.0781
2020-06-30,OC-RETA-248,Retail,Costa Mesa,105333,1989,0.939,2.5554,3.422,3.318,0.0665,0.358,4.1,0.175,0.3268,0.688,,Market / Lease-up Risk,3250.0,0.043,0.039507459942664955,0.0665,38.4271,0.02912,2.6298,0.06442,40.821
2020-06-30,OC-RETA-252,Retail,Fullerton,140918,1970,0.958,2.5494,2.379,2.32,0.0658,0.325,4.1,0.136,0.9632,0.522,,Market / Lease-up Risk,1500.0,0.043,0.05916363560656907,0.0658,38.7447,0.02128,2.6036,0.06542,39.7975
2020-06-30,OC-RETA-256,Retail,Anaheim,84250,1974,0.942,2.1842,3.875,3.855,0.0629,0.377,3.9,0.381,0.337,0.379,,Market / Lease-up Risk,950.98,0.043,0.06737725970753429,0.0629,34.725,0.01897,2.2256,0.06514,34.1661
2020-06-30,OC-RETA-260,Retail,Irvine,36764,1991,0.92,0.5831,2.305,2.323,0.0633,0.364,4.3,0.199,0.1248,0.846,,Market / Lease-up Risk,1393.94,0.043,0.061907340677788386,0.0633,9.2117,0.02022,0.5949,0.0645,9.2224
2020-06-30,OC-RETA-264,Retail,Newport Beach,139800,1958,0.911,2.3904,2.352,2.305,0.0678,0.3,5.6,0.471,0.4181,0.21,,Market / Lease-up Risk,5400.0,0.043,0.08320573259773416,0.0678,35.2566,0.03949,2.4848,0.06469,38.4081
2020-06-30,OC-RETA-268,Retail,Orange,86746,1968,0.902,1.2274,2.282,2.284,0.062,0.397,5.5,0.01,0.2921,0.479,,Market / Lease-up Risk,1148.15,0.043,0.06951444020008518,0.062,19.7968,0.04165,1.2785,0.06477,19.739
2020-06-30,OC-RETA-272,Retail,Santa Ana,90403,1969,0.96,1.8753,3.285,3.371,0.0651,0.423,4.3,0.144,0.5591,0.452,,Market / Lease-up Risk,2296.3,0.043,0.07736088029208638,0.0651,28.8065,0.03875,1.948,0.06563,29.6803
2020-06-30,OC-RETA-276,Retail,Costa Mesa,48895,1982,0.931,1.3355,3.6,3.703,0.0657,0.307,2.2,0.547,0.5211,0.723,,Market / Lease-up Risk,3250.0,0.043,0.07743826044338561,0.0657,20.3272,0.00931,1.3479,0.06501,20.7356
2020-06-30,OC-RETA-28,Retail,Fullerton,127217,1977,0.882,3.2283,4.098,4.079,0.0617,0.403,4.2,0.111,1.7701,0.704,,Market / Lease-up Risk,1500.0,0.043,0.06294580452489063,0.0617,52.3225,0.01773,3.2855,0.06456,50.8885
2020-06-30,OC-RETA-280,Retail,Fullerton,144194,1981,0.946,4.3939,3.913,3.917,0.0601,0.3,5.5,0.063,1.6608,0.609,,Market / Lease-up Risk,1500.0,0.043,0.06020212480015156,0.0601,73.1098,0.04232,4.5799,0.06541,70.0159
2020-06-30,OC-RETA-284,Retail,Anaheim,136091,1969,0.97,1.9489,2.137,2.069,0.0626,0.394,4.6,0.323,0.7744,0.285,,Market / Lease-up Risk,950.98,0.043,0.06951894694980852,0.0626,31.1326,0.02151,1.9908,0.06457,30.8335
2020-06-30,OC-RETA-288,Retail,Irvine,44003,1976,0.935,0.8932,2.903,2.804,0.0627,0.344,2.4,0.427,0.1157,0.446,,Market / Lease-up Risk,1393.94,0.043,0.04738861502210012,0.0627,14.2456,0.02111,0.9121,0.06452,14.1371
2020-06-30,OC-RETA-292,Retail,Newport Beach,148173,1973,0.942,3.3311,3.038,3.143,0.0593,0.332,5.7,0.187,1.1483,0.507,,Market / Lease-up Risk,5400.0,0.043,0.06678524021055772,0.0593,56.1737,0.00745,3.3559,0.06497,51.6513
2020-06-30,OC-RETA-296,Retail,Orange,93407,1961,0.9,1.8464,2.85,2.954,0.0627,0.324,4.7,0.382,0.5983,0.333,,Market / Lease-up Risk,1148.15,0.043,0.07128240699124516,0.0627,29.4482,0.01696,1.8777,0.06489,28.9351
2020-06-30,OC-RETA-300,Retail,Santa Ana,65927,1969,0.92,1.2357,2.788,2.836,0.0594,0.359,3.2,0.206,0.2634,0.296,,Market / Lease-up Risk,2296.3,0.043,0.050657841456582545,0.0594,20.803,0.02122,1.2619,0.06488,19.4506
2020-06-30,OC-RETA-304,Retail,Costa Mesa,86166,1992,0.949,1.1414,1.881,1.908,0.0673,0.369,5.3,0.403,0.4465,0.818,,Market / Lease-up Risk,3250.0,0.043,0.07652446813868541,0.0673,16.9599,0.06015,1.21,0.06596,18.3463
2020-06-30,OC-RETA-308,Retail,Fullerton,116724,1970,0.962,2.8968,3.922,3.832,0.0617,0.423,3.4,0.239,1.529,0.5,,Market / Lease-up Risk,1500.0,0.043,0.07209521208453894,0.0617,46.9498,0.05245,3.0487,0.06486,47.0045
2020-06-30,OC-RETA-312,Retail,Anaheim,151434,1959,0.885,2.4366,2.564,2.476,0.0648,0.378,4.8,0.374,0.3475,0.13,,Market / Lease-up Risk,950.98,0.043,0.0604326976940045,0.0648,37.6019,0.03081,2.5117,0.06497,38.6561
2020-06-30,OC-RETA-316,Retail,Irvine,34384,1955,0.956,0.8998,3.465,3.419,0.065,0.307,3.6,0.235,0.4354,0.089,,Market / Lease-up Risk,1393.94,0.043,0.05673891811451008,0.065,13.8431,0.00119,0.9009,0.0649,13.8817
2020-06-30,OC-RETA-32,Retail,Anaheim,90367,1958,0.914,2.1341,3.74,3.814,0.0646,0.394,5.0,0.383,0.5533,0.263,,Market / Lease-up Risk,950.98,0.043,0.0612834902515997,0.0646,33.0356,0.02343,2.1841,0.06535,33.4209
2020-06-30,OC-RETA-320,Retail,Newport Beach,125873,1958,0.905,2.8654,3.264,3.199,0.0689,0.324,3.4,0.278,0.2939,0.168,,Market / Lease-up Risk,5400.0,0.043,0.07166582263352556,0.0689,41.5878,0.03153,2.9558,0.06395,46.2223
2020-06-30,OC-RETA-324,Retail,Orange,52839,1972,0.952,1.2059,3.141,3.262,0.0651,0.351,5.8,0.022,0.1392,0.543,,Market / Lease-up Risk,1148.15,0.043,0.09588835763915042,0.0651,18.5238,0.02415,1.235,0.06446,19.1609
2020-06-30,OC-RETA-328,Retail,Santa Ana,74744,1962,0.884,1.4621,2.777,2.686,0.0669,0.301,3.9,0.332,0.5274,0.249,,Market / Lease-up Risk,2296.3,0.043,0.047186235158619486,0.0669,21.855,0.0517,1.5377,0.06491,23.6897
2020-06-30,OC-RETA-332,Retail,Costa Mesa,39976,1959,0.963,0.8652,3.477,3.529,0.0599,0.433,2.1,0.368,0.3864,0.245,,Market / Lease-up Risk,3250.0,0.043,0.06852181912968418,0.0599,14.4441,0.01858,0.8813,0.06602,13.3495
2020-06-30,OC-RETA-336,Retail,Fullerton,44389,1955,0.93,0.5161,1.615,1.627,0.0624,0.321,4.7,0.289,0.2477,0.075,,Market / Lease-up Risk,1500.0,0.043,0.08028888801522822,0.0624,8.2708,0.0423,0.5379,0.0651,8.2628
2020-06-30,OC-RETA-340,Retail,Anaheim,123308,1977,0.895,1.9838,2.569,2.662,0.063,0.405,5.9,0.325,0.6873,0.608,,Market / Lease-up Risk,950.98,0.043,0.07237509996772432,0.063,31.4889,0.03425,2.0517,0.0651,31.5179
2020-06-30,OC-RETA-344,Retail,Irvine,128038,1964,0.934,2.5085,3.077,3.184,0.0648,0.402,4.3,0.254,0.7236,0.21,,Market / Lease-up Risk,1393.94,0.043,0.0718070363903412,0.0648,38.7114,0.08195,2.7141,0.06479,41.8874
2020-06-30,OC-RETA-348,Retail,Newport Beach,149064,1960,0.926,4.0512,4.298,4.236,0.0656,0.401,3.1,0.053,1.4143,0.227,,Market / Lease-up Risk,5400.0,0.043,0.07464252895425597,0.0656,61.7561,0.02886,4.1681,0.06516,63.9654
2020-06-30,OC-RETA-352,Retail,Orange,69382,1985,0.961,1.5687,2.986,2.988,0.0667,0.33,2.5,0.027,0.6053,0.665,,Market / Lease-up Risk,1148.15,0.043,0.08391080609270421,0.0667,23.5187,0.01443,1.5913,0.06374,24.9658
2020-06-30,OC-RETA-356,Retail,Santa Ana,96477,1967,0.88,2.006,3.112,3.085,0.0645,0.334,2.6,0.473,0.7285,0.431,,Market / Lease-up Risk,2296.3,0.043,0.07503809404976806,0.0645,31.1008,0.02493,2.056,0.06493,31.6654
2020-06-30,OC-RETA-36,Retail,Irvine,115513,1977,0.896,2.2963,2.795,2.766,0.0673,0.325,5.7,0.026,0.5941,0.676,,Market / Lease-up Risk,1393.94,0.043,0.07952515793862691,0.0673,34.1204,0.01325,2.3267,0.06574,35.3913
2020-06-30,OC-RETA-360,Retail,Costa Mesa,128338,1962,0.919,2.4865,3.194,3.093,0.0633,0.421,4.5,0.096,0.9876,0.412,,Market / Lease-up Risk,3250.0,0.043,0.0692968314343188,0.0633,39.2812,0.02528,2.5494,0.06527,39.0579
2020-06-30,OC-RETA-364,Retail,Fullerton,141053,1962,0.913,3.2993,3.777,3.719,0.061,0.405,5.9,0.192,0.3585,0.21,,Market / Lease-up Risk,1500.0,0.043,0.06389307174028362,0.061,54.0869,0.03242,3.4062,0.06471,52.6417
2020-06-30,OC-RETA-368,Retail,Anaheim,149714,1981,0.966,3.0836,3.209,3.233,0.0602,0.435,3.0,0.008,1.0811,0.51,,Market / Lease-up Risk,950.98,0.043,0.059852815800969586,0.0602,51.2226,0.02293,3.1543,0.0655,48.1595
2020-06-30,OC-RETA-372,Retail,Irvine,105311,1989,0.92,2.4078,3.403,3.426,0.0676,0.379,5.8,0.773,0.9368,0.718,,Market / Lease-up Risk,1393.94,0.043,0.056145610900835884,0.0676,35.6183,0.06141,2.5557,0.06559,38.9653
2020-06-30,OC-RETA-376,Retail,Newport Beach,129064,1969,0.911,2.517,3.239,3.359,0.0658,0.438,2.0,0.077,0.6633,0.538,,Market / Lease-up Risk,5400.0,0.043,0.06264587004769277,0.0658,38.2523,0.01115,2.5451,0.06438,39.5294
2020-06-30,OC-RETA-380,Retail,Orange,32178,1980,0.891,0.5354,2.791,2.764,0.067,0.431,4.8,0.173,0.2416,0.599,,Market / Lease-up Risk,1148.15,0.043,0.06522852271786364,0.067,7.991,0.02735,0.55,0.06422,8.5644
2020-06-30,OC-RETA-384,Retail,Santa Ana,69278,1967,0.952,1.2537,2.793,2.886,0.0681,0.403,4.3,0.29,0.1617,0.46,,Market / Lease-up Risk,2296.3,0.043,0.06546743727624743,0.0681,18.4097,0.03256,1.2945,0.06472,20.0028
2020-06-30,OC-RETA-388,Retail,Costa Mesa,146822,1960,0.915,3.6461,3.785,3.804,0.0691,0.371,5.7,0.22,0.6665,0.157,,Market / Lease-up Risk,3250.0,0.043,0.066280349392159,0.0691,52.7656,0.05014,3.8289,0.06492,58.9782
2020-06-30,OC-RETA-392,Retail,Fullerton,61826,1958,0.952,1.0554,2.481,2.547,0.0643,0.366,2.8,0.063,0.1977,0.296,,Market / Lease-up Risk,1500.0,0.043,0.06105511613533508,0.0643,16.4137,0.03534,1.0927,0.06474,16.8772
2020-06-30,OC-RETA-396,Retail,Anaheim,52714,1995,0.91,1.1156,3.242,3.212,0.0642,0.39,3.0,0.264,0.5673,0.826,,Market / Lease-up Risk,950.98,0.043,0.06274026583006337,0.0642,17.3769,0.03073,1.1499,0.06476,17.7573
2020-06-30,OC-RETA-40,Retail,Newport Beach,49341,1972,0.939,0.6982,2.04,1.967,0.0683,0.352,2.5,0.458,0.1163,0.45,,Market / Lease-up Risk,5400.0,0.043,0.0601454013939128,0.0683,10.2225,0.00845,0.7041,0.06525,10.7901
2020-06-30,OC-RETA-400,Retail,Irvine,83463,1980,0.939,2.0977,3.607,3.569,0.0641,0.369,2.8,0.079,0.4958,0.504,,Market / Lease-up Risk,1393.94,0.043,0.08429191039905096,0.0641,32.7254,0.05681,2.2169,0.06432,34.4652
2020-06-30,OC-RETA-44,Retail,Orange,38095,1995,0.969,1.0792,3.603,3.641,0.067,0.31,3.8,0.636,0.4207,0.835,,Market / Lease-up Risk,1148.15,0.043,0.04813118839810598,0.067,16.1075,0.03733,1.1195,0.06477,17.2837
2020-06-30,OC-RETA-48,Retail,Santa Ana,70525,1985,0.953,1.4914,3.209,3.286,0.0591,0.412,4.7,0.056,0.2231,0.826,,Market / Lease-up Risk,2296.3,0.043,0.07664435328229553,0.0591,25.2352,0.01517,1.514,0.0647,23.3998
2020-06-30,OC-RETA-52,Retail,Costa Mesa,80189,1977,0.911,1.4791,2.884,2.957,0.0638,0.403,2.6,0.121,0.2612,0.662,,Market / Lease-up Risk,3250.0,0.043,0.046182924691411185,0.0638,23.1834,0.02645,1.5182,0.06492,23.3867
2020-06-30,OC-RETA-56,Retail,Fullerton,111892,1972,0.894,2.5631,3.562,3.527,0.0682,0.369,5.4,0.274,0.9571,0.484,,Market / Lease-up Risk,1500.0,0.043,0.06201328196459044,0.0682,37.5821,0.03721,2.6585,0.06546,40.6098
2020-06-30,OC-RETA-60,Retail,Anaheim,121319,1957,0.917,2.4527,3.186,3.277,0.0602,0.393,2.2,0.254,0.2268,0.189,,Market / Lease-up Risk,950.98,0.043,0.059159579709459814,0.0602,40.7425,0.0306,2.5277,0.06524,38.7437
2020-06-30,OC-RETA-64,Retail,Irvine,113958,1959,0.931,2.661,3.411,3.327,0.0666,0.355,3.4,0.434,0.3328,0.309,,Market / Lease-up Risk,1393.94,0.043,0.058207720743966226,0.0666,39.955,0.04598,2.7834,0.06554,42.4696
2020-06-30,OC-RETA-68,Retail,Newport Beach,123325,1992,0.958,2.8521,3.295,3.223,0.061,0.377,3.9,0.266,1.4782,0.781,,Market / Lease-up Risk,5400.0,0.043,0.05660264356723947,0.061,46.7557,0.04867,2.9909,0.06507,45.9647
2020-06-30,OC-RETA-72,Retail,Orange,42845,1959,0.893,0.9882,3.54,3.574,0.0638,0.36,4.1,0.058,0.4856,0.09,,Market / Lease-up Risk,1148.15,0.043,0.07436537883987118,0.0638,15.489,0.03889,1.0266,0.06567,15.6341
2020-06-30,OC-RETA-76,Retail,Santa Ana,31668,1955,0.95,0.5186,2.63,2.7,0.0684,0.425,3.4,0.104,0.195,0.153,,Market / Lease-up Risk,2296.3,0.043,0.036221167091339664,0.0684,7.5819,0.05551,0.5474,0.06561,8.3433
2020-06-30,OC-RETA-80,Retail,Costa Mesa,113890,1975,0.94,3.1609,3.804,3.656,0.0672,0.34,3.0,0.096,1.5904,0.541,,Market / Lease-up Risk,3250.0,0.043,0.06948749137064841,0.0672,47.0372,0.0401,3.2877,0.06389,51.461
2020-06-30,OC-RETA-84,Retail,Fullerton,108574,1983,0.937,3.0668,3.826,3.895,0.0681,0.33,4.5,0.397,0.8735,0.572,,Market / Lease-up Risk,1500.0,0.043,0.07220644766909728,0.0681,45.0338,0.02624,3.1473,0.06474,48.6157
2020-06-30,OC-RETA-88,Retail,Anaheim,134380,1994,0.938,2.9848,2.992,3.026,0.0679,0.327,3.3,0.259,1.1463,0.792,,Market / Lease-up Risk,950.98,0.043,0.06400316108408036,0.0679,43.9588,0.0054,3.0009,0.06512,46.0834
2020-06-30,OC-RETA-92,Retail,Irvine,51232,1991,0.896,0.8491,2.745,2.83,0.0591,0.427,4.9,0.017,0.1195,0.786,,Market / Lease-up Risk,1393.94,0.043,0.06060712019108397,0.0591,14.3672,0.01143,0.8588,0.06522,13.1672
2020-06-30,OC-RETA-96,Retail,Newport Beach,44296,1978,0.959,1.0403,3.647,3.65,0.0609,0.411,5.2,0.006,0.5066,0.485,,Market / Lease-up Risk,5400.0,0.043,0.0676294352987684,0.0609,17.0821,0.04752,1.0897,0.06526,16.6976
2021-06-30,OC-INDU-01,Industrial,Anaheim,87731,1955,0.942,0.8974,1.428,1.459,0.0513,0.333,7.1,0.185,0.5112,0.046,,Market / Lease-up Risk,950.98,0.041,0.041594978743607486,0.0513,17.4932,-0.00515,0.8928,0.05458,16.3559
2021-06-30,OC-INDU-05,Industrial,Irvine,137259,1976,0.941,1.3572,1.416,1.398,0.0521,0.369,2.5,0.057,0.2964,0.635,,Market / Lease-up Risk,1393.94,0.041,0.05389122327840645,0.0521,26.0499,0.0181,1.3818,0.05486,25.1867
2021-06-30,OC-INDU-09,Industrial,Newport Beach,187368,1969,0.963,2.1467,1.553,1.547,0.0552,0.328,4.0,0.298,0.821,0.424,,Market / Lease-up Risk,5400.0,0.041,0.052393282001990574,0.0552,38.8895,0.03627,2.2246,0.05496,40.4774
2021-06-30,OC-INDU-101,Industrial,Santa Ana,134988,1971,0.978,1.0209,1.075,1.034,0.0529,0.369,2.1,0.457,0.2211,0.358,,Market / Lease-up Risk,2296.3,0.041,0.04866554677777965,0.0529,19.2987,0.04522,1.0671,0.05402,19.7545
2021-06-30,OC-INDU-105,Industrial,Costa Mesa,186294,1982,0.998,1.8674,1.256,1.259,0.0501,0.32,3.5,0.459,1.2846,0.63,,Market / Lease-up Risk,3250.0,0.041,0.06847964073809289,0.0501,37.2735,0.03648,1.9355,0.05475,35.3549
2021-06-30,OC-INDU-109,Industrial,Fullerton,147515,1970,0.95,1.5027,1.522,1.573,0.0495,0.382,5.0,0.038,0.2515,0.311,,Market / Lease-up Risk,1500.0,0.041,0.05371245365886755,0.0495,30.3576,0.01657,1.5276,0.05511,27.7197
2021-06-30,OC-INDU-113,Industrial,Anaheim,160746,1978,0.942,1.3463,1.174,1.188,0.057,0.356,7.8,0.463,0.767,0.721,,Market / Lease-up Risk,950.98,0.041,0.059596872463981494,0.057,23.6193,0.04227,1.4032,0.05564,25.2179
2021-06-30,OC-INDU-117,Industrial,Irvine,69513,1964,0.931,0.6929,1.56,1.564,0.0566,0.398,7.8,0.054,0.4284,0.328,,Market / Lease-up Risk,1393.94,0.041,0.06197915725295289,0.0566,12.242,0.02523,0.7104,0.05494,12.9292
2021-06-30,OC-INDU-121,Industrial,Newport Beach,172356,1969,0.93,1.8965,1.524,1.511,0.0549,0.319,7.9,0.317,0.3677,0.397,,Market / Lease-up Risk,5400.0,0.041,0.049400276686609984,0.0549,34.5446,0.01031,1.9161,0.05517,34.7299
2021-06-30,OC-INDU-125,Industrial,Orange,214791,1964,0.934,2.4453,1.62,1.662,0.0553,0.34,4.6,0.408,1.3718,0.232,,Market / Lease-up Risk,1148.15,0.041,0.051263787291708066,0.0553,44.2188,0.03652,2.5346,0.0549,46.1691
2021-06-30,OC-INDU-129,Industrial,Santa Ana,219982,1989,0.938,1.9727,1.228,1.255,0.0539,0.338,5.1,0.193,0.273,0.796,,Market / Lease-up Risk,2296.3,0.041,0.0429996837700416,0.0539,36.5993,0.05177,2.0748,0.05424,38.2522
2021-06-30,OC-INDU-13,Industrial,Orange,199485,1955,0.981,2.2553,1.587,1.618,0.0596,0.363,2.8,0.288,0.8018,0.088,,Market / Lease-up Risk,1148.15,0.041,0.07433438828131086,0.0596,37.8406,0.03332,2.3305,0.05477,42.5505
2021-06-30,OC-INDU-133,Industrial,Costa Mesa,178729,1985,0.989,2.1982,1.642,1.691,0.0586,0.356,5.2,0.528,0.7985,0.626,,Market / Lease-up Risk,3250.0,0.041,0.06364114174261909,0.0586,37.5119,0.06195,2.3344,0.05566,41.9394
2021-06-30,OC-INDU-137,Industrial,Fullerton,144076,1956,0.995,2.1983,2.115,2.081,0.0547,0.364,4.6,0.023,0.312,0.157,,Market / Lease-up Risk,1500.0,0.041,0.07044660824156772,0.0547,40.1883,0.0516,2.3117,0.0551,41.9524
2021-06-30,OC-INDU-141,Industrial,Anaheim,184128,1965,0.993,2.5097,1.73,1.678,0.0507,0.304,4.6,0.074,1.419,0.325,,Market / Lease-up Risk,950.98,0.041,0.04246160115493948,0.0507,49.501,0.0424,2.6161,0.05455,47.9574
2021-06-30,OC-INDU-145,Industrial,Irvine,212216,1965,0.97,2.0575,1.481,1.442,0.0565,0.408,2.2,0.188,1.2479,0.367,,Market / Lease-up Risk,1393.94,0.041,0.06014043681656218,0.0565,36.4159,0.03476,2.129,0.05495,38.7458
2021-06-30,OC-INDU-149,Industrial,Newport Beach,214538,1961,0.945,1.8891,1.376,1.418,0.059,0.406,7.0,0.464,0.8122,0.372,,Market / Lease-up Risk,5400.0,0.041,0.0659022188662706,0.059,32.0186,0.01732,1.9218,0.05415,35.4885
2021-06-30,OC-INDU-153,Industrial,Orange,155491,1989,0.97,1.3792,1.369,1.403,0.0522,0.432,6.7,0.417,0.6745,0.668,,Market / Lease-up Risk,1148.15,0.041,0.06410600181142191,0.0522,26.4215,0.03231,1.4238,0.05464,26.058
2021-06-30,OC-INDU-157,Industrial,Santa Ana,204674,1978,0.978,2.2034,1.44,1.443,0.0531,0.35,7.3,0.573,0.8914,0.674,,Market / Lease-up Risk,2296.3,0.041,0.038986750797842605,0.0531,41.4953,0.02182,2.2515,0.05496,40.9673
2021-06-30,OC-INDU-161,Industrial,Costa Mesa,85814,1955,0.944,0.5828,1.119,1.133,0.0598,0.436,7.8,0.006,0.1921,0.099,,Market / Lease-up Risk,3250.0,0.041,0.05051494509799212,0.0598,9.7458,0.0399,0.6061,0.0539,11.2444
2021-06-30,OC-INDU-165,Industrial,Fullerton,92736,1985,0.987,0.9947,1.361,1.311,0.0582,0.321,3.6,0.101,0.0859,0.592,,Market / Lease-up Risk,1500.0,0.041,0.04668855178448599,0.0582,17.0911,0.03581,1.0303,0.05425,18.9911
2021-06-30,OC-INDU-169,Industrial,Anaheim,127219,1966,0.992,1.6851,1.874,1.944,0.0543,0.375,7.3,0.186,0.5616,0.328,,Market / Lease-up Risk,950.98,0.041,0.06170474350413404,0.0543,31.0331,0.0434,1.7582,0.05553,31.6611
2021-06-30,OC-INDU-17,Industrial,Santa Ana,217114,1979,0.991,1.9786,1.464,1.507,0.0506,0.449,4.2,0.181,0.5776,0.48,,Market / Lease-up Risk,2296.3,0.041,0.061370469706204,0.0506,39.1028,0.0342,2.0463,0.05483,37.318
2021-06-30,OC-INDU-173,Industrial,Irvine,162346,1983,0.962,1.5704,1.516,1.55,0.056,0.436,5.5,0.389,0.8756,0.647,,Market / Lease-up Risk,1393.94,0.041,0.06495480981015257,0.056,28.0429,0.03084,1.6188,0.05381,30.0847
2021-06-30,OC-INDU-177,Industrial,Newport Beach,101538,1980,0.973,1.0441,1.531,1.571,0.0513,0.413,2.6,0.04,0.5524,0.534,,Market / Lease-up Risk,5400.0,0.041,0.04090752910594172,0.0513,20.3528,-0.00894,1.0348,0.0555,18.6447
2021-06-30,OC-INDU-181,Industrial,Orange,131893,1964,0.933,1.3434,1.487,1.544,0.0563,0.356,2.6,0.118,0.513,0.461,,Market / Lease-up Risk,1148.15,0.041,0.03858300428494055,0.0563,23.8615,0.02123,1.3719,0.0548,25.0359
2021-06-30,OC-INDU-185,Industrial,Santa Ana,188341,1969,0.995,2.0238,1.367,1.417,0.0533,0.307,4.3,0.084,1.0896,0.384,,Market / Lease-up Risk,2296.3,0.041,0.05738944182901018,0.0533,37.97,0.04096,2.1067,0.05574,37.7967
2021-06-30,OC-INDU-189,Industrial,Costa Mesa,190852,1967,0.97,1.7165,1.282,1.286,0.0492,0.385,7.2,0.365,0.212,0.504,,Market / Lease-up Risk,3250.0,0.041,0.05171008281848083,0.0492,34.8882,0.05227,1.8062,0.05581,32.3629
2021-06-30,OC-INDU-193,Industrial,Fullerton,130090,1984,0.993,1.5684,1.777,1.734,0.0572,0.419,5.1,0.133,0.2214,0.643,,Market / Lease-up Risk,1500.0,0.041,0.054660629072723,0.0572,27.4196,0.02765,1.6118,0.05554,29.0214
2021-06-30,OC-INDU-197,Industrial,Anaheim,179407,1958,0.98,1.9685,1.579,1.544,0.0543,0.378,7.8,0.095,1.0421,0.132,,Market / Lease-up Risk,950.98,0.041,0.04996636726394542,0.0543,36.2523,0.03994,2.0471,0.05456,37.5186
2021-06-30,OC-INDU-201,Industrial,Irvine,131755,1957,0.965,1.2037,1.422,1.412,0.0501,0.416,2.8,0.549,0.4664,0.318,,Market / Lease-up Risk,1393.94,0.041,0.0500852121033167,0.0501,24.0259,0.03524,1.2461,0.0552,22.5733
2021-06-30,OC-INDU-205,Industrial,Newport Beach,102041,1986,0.992,1.066,1.523,1.52,0.0487,0.412,2.1,0.195,0.7595,0.764,,Market / Lease-up Risk,5400.0,0.041,0.05431189530654169,0.0487,21.8891,0.01554,1.0826,0.05405,20.0285
2021-06-30,OC-INDU-209,Industrial,Orange,191480,1981,0.956,2.5496,1.871,1.818,0.0535,0.367,5.0,0.103,0.2948,0.651,,Market / Lease-up Risk,1148.15,0.041,0.0743369094911484,0.0535,47.6561,0.04563,2.6659,0.05528,48.2222
2021-06-30,OC-INDU-21,Industrial,Costa Mesa,79658,1958,0.952,0.747,1.365,1.403,0.052,0.367,3.0,0.655,0.28,0.275,,Market / Lease-up Risk,3250.0,0.041,0.05159386745339692,0.052,14.3654,0.03449,0.7728,0.05498,14.0559
2021-06-30,OC-INDU-213,Industrial,Santa Ana,67039,1987,0.937,0.6443,1.456,1.407,0.0553,0.401,7.2,0.013,0.3129,0.696,,Market / Lease-up Risk,2296.3,0.041,0.05590621912051794,0.0553,11.651,0.02413,0.6598,0.05487,12.0267
2021-06-30,OC-INDU-217,Industrial,Costa Mesa,73245,1970,0.949,0.6468,1.365,1.318,0.0588,0.402,7.5,0.362,0.1868,0.435,,Market / Lease-up Risk,3250.0,0.041,0.039460625143675584,0.0588,11.0,0.02698,0.6642,0.05467,12.1495
2021-06-30,OC-INDU-221,Industrial,Fullerton,216951,1955,0.982,2.0237,1.375,1.328,0.0596,0.394,3.5,0.643,1.0254,0.148,,Market / Lease-up Risk,1500.0,0.041,0.05764945010976395,0.0596,33.9547,0.00777,2.0394,0.05459,37.3579
2021-06-30,OC-INDU-225,Industrial,Anaheim,103015,1973,0.951,1.3972,1.773,1.76,0.0536,0.316,7.2,0.352,0.5611,0.644,,Market / Lease-up Risk,950.98,0.041,0.05783462621852764,0.0536,26.0672,0.00098,1.3986,0.05541,25.2421
2021-06-30,OC-INDU-229,Industrial,Irvine,144765,1979,0.942,1.7342,1.674,1.63,0.0577,0.354,2.6,0.002,0.8185,0.732,,Market / Lease-up Risk,1393.94,0.041,0.059651975590608336,0.0577,30.0555,0.03015,1.7865,0.05502,32.4691
2021-06-30,OC-INDU-233,Industrial,Newport Beach,191234,1975,0.96,1.7276,1.385,1.368,0.0498,0.404,6.1,0.452,1.1065,0.45,,Market / Lease-up Risk,5400.0,0.041,0.07040521918879424,0.0498,34.6908,0.02864,1.7771,0.05545,32.0462
2021-06-30,OC-INDU-237,Industrial,Orange,135443,1986,1.0,1.2167,1.125,1.089,0.0513,0.321,4.1,0.149,0.1689,0.726,,Market / Lease-up Risk,1148.15,0.041,0.0864216465346139,0.0513,23.7173,0.01527,1.2353,0.05515,22.3984
2021-06-30,OC-INDU-241,Industrial,Santa Ana,77974,1961,0.946,0.7404,1.427,1.428,0.0519,0.383,7.1,0.484,0.4511,0.232,,Market / Lease-up Risk,2296.3,0.041,0.03789633861405173,0.0519,14.2659,0.03754,0.7682,0.05496,13.9764
2021-06-30,OC-INDU-245,Industrial,Costa Mesa,133289,1964,0.994,1.4555,1.585,1.615,0.0548,0.392,7.0,0.388,0.8515,0.224,,Market / Lease-up Risk,3250.0,0.041,0.07839282862998814,0.0548,26.5602,0.0432,1.5184,0.05428,27.973
2021-06-30,OC-INDU-249,Industrial,Fullerton,177950,1955,0.994,1.2355,1.028,1.064,0.0517,0.404,5.1,0.404,0.4994,0.128,,Market / Lease-up Risk,1500.0,0.041,0.047357342396831495,0.0517,23.8975,0.05608,1.3048,0.05482,23.8034
2021-06-30,OC-INDU-25,Industrial,Fullerton,182641,1955,0.968,2.0178,1.677,1.673,0.0565,0.403,3.8,0.047,0.5383,0.256,,Market / Lease-up Risk,1500.0,0.041,0.029215969581461883,0.0565,35.7133,0.01376,2.0456,0.05532,36.9785
2021-06-30,OC-INDU-253,Industrial,Anaheim,107944,1961,0.995,0.6845,0.946,0.929,0.0532,0.409,7.1,0.053,0.379,0.19,,Market / Lease-up Risk,950.98,0.041,0.040945839237566214,0.0532,12.8665,0.02264,0.7,0.05465,12.8088
2021-06-30,OC-INDU-257,Industrial,Irvine,119672,1973,0.941,1.0694,1.29,1.319,0.0583,0.374,4.4,0.435,0.4178,0.627,,Market / Lease-up Risk,1393.94,0.041,0.04737864229742846,0.0583,18.3431,-0.00308,1.0661,0.05496,19.3966
2021-06-30,OC-INDU-261,Industrial,Newport Beach,168929,1972,0.982,1.6622,1.508,1.565,0.0587,0.435,2.2,0.864,0.5433,0.541,,Market / Lease-up Risk,5400.0,0.041,0.046325299465568605,0.0587,28.3169,0.04999,1.7453,0.05516,31.6379
2021-06-30,OC-INDU-265,Industrial,Orange,139694,1963,0.984,1.2643,1.19,1.207,0.0584,0.322,7.4,0.142,0.3577,0.406,,Market / Lease-up Risk,1148.15,0.041,0.06324804731433582,0.0584,21.649,0.03863,1.3131,0.05443,24.1273
2021-06-30,OC-INDU-269,Industrial,Santa Ana,158556,1957,0.993,1.7724,1.603,1.658,0.0495,0.384,4.8,0.027,0.5347,0.276,,Market / Lease-up Risk,2296.3,0.041,0.03533234203036399,0.0495,35.8061,-0.0045,1.7644,0.05485,32.171
2021-06-30,OC-INDU-273,Industrial,Costa Mesa,158612,1994,0.952,2.2372,1.85,1.871,0.0508,0.319,2.1,0.138,1.3146,0.804,,Market / Lease-up Risk,3250.0,0.041,0.043416616197035664,0.0508,44.0394,0.02192,2.2862,0.05561,41.1136
2021-06-30,OC-INDU-277,Industrial,Fullerton,196626,1997,0.996,2.3524,1.669,1.649,0.0539,0.388,2.7,0.066,0.9166,0.955,,Market / Lease-up Risk,1500.0,0.041,0.05685609449706128,0.0539,43.6438,0.0554,2.4827,0.05566,44.6056
2021-06-30,OC-INDU-281,Industrial,Anaheim,183533,1974,0.968,1.8284,1.595,1.55,0.053,0.434,2.7,0.385,0.5404,0.45,,Market / Lease-up Risk,950.98,0.041,0.059256174241630946,0.053,34.4981,0.01793,1.8612,0.05508,33.7879
2021-06-30,OC-INDU-285,Industrial,Irvine,189923,1996,0.97,1.8142,1.464,1.484,0.0534,0.428,5.5,0.585,1.0454,0.831,,Market / Lease-up Risk,1393.94,0.041,0.08185020306540809,0.0534,33.9738,0.01359,1.8388,0.05617,32.736
2021-06-30,OC-INDU-289,Industrial,Newport Beach,179555,1990,0.954,1.4501,1.297,1.304,0.0552,0.445,5.1,0.373,0.5645,0.799,,Market / Lease-up Risk,5400.0,0.041,0.06202506777498864,0.0552,26.2699,0.03845,1.5059,0.05479,27.4824
2021-06-30,OC-INDU-29,Industrial,Anaheim,198591,1961,0.971,1.9711,1.554,1.599,0.0558,0.423,6.9,0.036,0.6615,0.288,,Market / Lease-up Risk,950.98,0.041,0.052066314334984,0.0558,35.3244,0.05919,2.0878,0.05486,38.0554
2021-06-30,OC-INDU-293,Industrial,Orange,191318,1956,0.983,2.2966,1.557,1.505,0.0587,0.312,5.8,0.509,0.3617,0.269,,Market / Lease-up Risk,1148.15,0.041,0.061127426264354225,0.0587,39.1244,0.00967,2.3188,0.05403,42.9184
2021-06-30,OC-INDU-297,Industrial,Santa Ana,212769,1978,0.967,2.6125,1.68,1.701,0.058,0.337,7.8,0.125,0.2823,0.453,,Market / Lease-up Risk,2296.3,0.041,0.06055321751161198,0.058,45.0431,0.00221,2.6183,0.05465,47.9114
2021-06-30,OC-INDU-301,Industrial,Costa Mesa,179188,1978,0.956,1.9003,1.59,1.541,0.0572,0.388,6.4,0.017,1.1341,0.494,,Market / Lease-up Risk,3250.0,0.041,0.052380215952463664,0.0572,33.222,0.00299,1.906,0.05522,34.5158
2021-06-30,OC-INDU-305,Industrial,Fullerton,74681,1963,0.952,0.8548,1.648,1.61,0.0522,0.36,4.1,0.14,0.0916,0.429,,Market / Lease-up Risk,1500.0,0.041,0.0572764197223551,0.0522,16.3755,0.03105,0.8813,0.05537,15.9185
2021-06-30,OC-INDU-309,Industrial,Anaheim,213854,1959,0.949,2.1762,1.704,1.762,0.0573,0.448,7.7,0.152,1.1536,0.208,,Market / Lease-up Risk,950.98,0.041,0.060331437289422404,0.0573,37.9791,0.03535,2.2531,0.05518,40.8313
2021-06-30,OC-INDU-313,Industrial,Irvine,175112,1962,0.973,1.4847,1.327,1.349,0.0564,0.424,2.5,0.355,0.8163,0.155,,Market / Lease-up Risk,1393.94,0.041,0.03564836200631588,0.0564,26.3245,0.04664,1.5539,0.05392,28.8215
2021-06-30,OC-INDU-317,Industrial,Newport Beach,210805,1971,0.943,2.2954,1.618,1.64,0.0588,0.374,6.3,0.02,0.2867,0.382,,Market / Lease-up Risk,5400.0,0.041,0.03298772845004551,0.0588,39.0374,0.03609,2.3782,0.05519,43.0931
2021-06-30,OC-INDU-321,Industrial,Orange,148814,1955,0.982,1.4603,1.398,1.354,0.0559,0.373,2.2,0.597,0.555,0.105,,Market / Lease-up Risk,1148.15,0.041,0.055475438765198344,0.0559,26.1234,0.0419,1.5215,0.05584,27.2476
2021-06-30,OC-INDU-325,Industrial,Santa Ana,194794,1990,0.977,2.6728,1.804,1.856,0.0533,0.338,2.2,0.268,0.743,0.731,,Market / Lease-up Risk,2296.3,0.041,0.07039171612924304,0.0533,50.1463,0.05416,2.8176,0.05469,51.5185
2021-06-30,OC-INDU-329,Industrial,Costa Mesa,194792,1975,0.985,2.1673,1.455,1.417,0.0536,0.319,2.0,0.298,0.5179,0.486,,Market / Lease-up Risk,3250.0,0.041,0.06235964357814597,0.0536,40.4347,0.02104,2.2129,0.05479,40.3897
2021-06-30,OC-INDU-33,Industrial,Irvine,156296,1988,0.971,1.4796,1.335,1.314,0.0539,0.379,7.0,0.103,0.3103,0.88,,Market / Lease-up Risk,1393.94,0.041,0.07393007625135847,0.0539,27.4508,0.02706,1.5196,0.05468,27.7915
2021-06-30,OC-INDU-333,Industrial,Fullerton,164442,1976,0.961,1.8025,1.542,1.527,0.053,0.371,6.5,0.448,0.8995,0.623,,Market / Lease-up Risk,1500.0,0.041,0.05547592454725192,0.053,34.0094,0.02883,1.8545,0.05521,33.5878
2021-06-30,OC-INDU-337,Industrial,Anaheim,171443,1964,0.965,1.6158,1.302,1.289,0.0561,0.342,3.3,0.055,0.9746,0.402,,Market / Lease-up Risk,950.98,0.041,0.05014114665855506,0.0561,28.8021,0.02247,1.6521,0.05495,30.0657
2021-06-30,OC-INDU-341,Industrial,Irvine,168770,1984,0.967,1.7447,1.367,1.369,0.0558,0.335,4.1,0.229,0.3067,0.586,,Market / Lease-up Risk,1393.94,0.041,0.04975547797299779,0.0558,31.267,0.01497,1.7708,0.05524,32.0562
2021-06-30,OC-INDU-345,Industrial,Newport Beach,134638,1955,0.951,1.2964,1.31,1.345,0.051,0.322,2.4,0.726,0.8787,0.107,,Market / Lease-up Risk,5400.0,0.041,0.021544652034475864,0.051,25.4196,0.03998,1.3482,0.05492,24.5486
2021-06-30,OC-INDU-349,Industrial,Orange,119599,1969,1.0,0.7177,0.863,0.859,0.051,0.39,7.6,0.167,0.3781,0.464,,Market / Lease-up Risk,1148.15,0.041,0.07430930873349782,0.051,14.0725,0.02803,0.7378,0.05506,13.3998
2021-06-30,OC-INDU-353,Industrial,Santa Ana,97458,1984,0.965,1.3075,1.916,1.942,0.0543,0.383,5.4,0.076,0.7183,0.616,,Market / Lease-up Risk,2296.3,0.041,0.023039837068083727,0.0543,24.0792,0.02812,1.3443,0.05531,24.3047
2021-06-30,OC-INDU-357,Industrial,Costa Mesa,190903,1955,0.987,1.5384,1.237,1.244,0.056,0.421,6.6,0.186,0.5892,0.295,,Market / Lease-up Risk,3250.0,0.041,0.06671902502595028,0.056,27.4714,0.01714,1.5648,0.05551,28.1865
2021-06-30,OC-INDU-361,Industrial,Fullerton,130715,1988,0.939,1.6008,1.827,1.889,0.0517,0.393,4.7,0.3,0.8044,0.906,,Market / Lease-up Risk,1500.0,0.041,0.050341816884188754,0.0517,30.9632,0.06518,1.7051,0.05443,31.3247
2021-06-30,OC-INDU-365,Industrial,Anaheim,211675,1966,0.936,2.3934,1.775,1.747,0.0504,0.403,5.8,0.423,1.261,0.355,,Market / Lease-up Risk,950.98,0.041,0.05106836865023249,0.0504,47.4881,0.03647,2.4807,0.05487,45.2143
2021-06-30,OC-INDU-369,Industrial,Irvine,150470,1971,0.966,1.2195,1.274,1.263,0.0539,0.44,7.5,0.076,0.6389,0.532,,Market / Lease-up Risk,1393.94,0.041,0.05348836196360407,0.0539,22.6252,0.04283,1.2717,0.05508,23.0877
2021-06-30,OC-INDU-37,Industrial,Newport Beach,171658,1984,0.963,1.7212,1.556,1.503,0.0544,0.431,2.9,0.461,1.0649,0.599,,Market / Lease-up Risk,5400.0,0.041,0.056358193532698574,0.0544,31.6397,0.02716,1.7679,0.05495,32.1719
2021-06-30,OC-INDU-373,Industrial,Newport Beach,158623,1979,0.973,1.8841,1.511,1.526,0.057,0.313,3.7,0.141,0.6334,0.644,,Market / Lease-up Risk,5400.0,0.041,0.0684740154256354,0.057,33.0544,0.02674,1.9345,0.0548,35.2979
2021-06-30,OC-INDU-377,Industrial,Orange,102512,1979,0.974,1.3314,1.718,1.691,0.0512,0.34,3.1,0.101,0.8642,0.626,,Market / Lease-up Risk,1148.15,0.041,0.06162734866847104,0.0512,26.0039,0.01045,1.3453,0.05449,24.6888
2021-06-30,OC-INDU-381,Industrial,Santa Ana,207784,1968,0.988,2.6625,1.786,1.769,0.0562,0.363,2.3,0.119,0.4105,0.484,,Market / Lease-up Risk,2296.3,0.041,0.07772898335382217,0.0562,47.3754,0.01806,2.7106,0.05541,48.9186
2021-06-30,OC-INDU-385,Industrial,Costa Mesa,212514,1977,0.977,2.4286,1.559,1.52,0.0575,0.362,4.0,0.201,0.6704,0.653,,Market / Lease-up Risk,3250.0,0.041,0.05585177486027935,0.0575,42.2365,0.03781,2.5204,0.05452,46.2272
2021-06-30,OC-INDU-389,Industrial,Fullerton,144203,1964,0.984,1.9237,1.721,1.705,0.0518,0.309,2.8,0.432,1.0383,0.273,,Market / Lease-up Risk,1500.0,0.041,0.05666366655511062,0.0518,37.1371,0.04372,2.0078,0.05578,35.994
2021-06-30,OC-INDU-393,Industrial,Anaheim,78831,1955,0.977,0.7671,1.281,1.269,0.0572,0.318,5.4,0.039,0.461,0.03,,Market / Lease-up Risk,950.98,0.041,0.05848534843379953,0.0572,13.4108,0.03423,0.7934,0.05462,14.5247
2021-06-30,OC-INDU-397,Industrial,Irvine,205363,1966,0.955,2.0198,1.563,1.567,0.0532,0.422,4.9,0.041,0.3898,0.451,,Market / Lease-up Risk,1393.94,0.041,0.050558221761054324,0.0532,37.9662,0.03821,2.097,0.05497,38.1492
2021-06-30,OC-INDU-41,Industrial,Orange,176831,1960,0.968,1.3533,1.204,1.225,0.0584,0.424,4.0,0.228,0.7771,0.133,,Market / Lease-up Risk,1148.15,0.041,0.05228932913640752,0.0584,23.1729,0.05061,1.4218,0.0544,26.138
2021-06-30,OC-INDU-45,Industrial,Santa Ana,217967,1969,0.961,2.0474,1.438,1.43,0.051,0.422,3.8,0.091,0.4377,0.529,,Market / Lease-up Risk,2296.3,0.041,0.08115066131919958,0.051,40.1451,0.02084,2.0901,0.05517,37.8849
2021-06-30,OC-INDU-49,Industrial,Costa Mesa,192114,1966,0.956,2.141,1.566,1.553,0.0534,0.347,3.9,0.472,0.7166,0.444,,Market / Lease-up Risk,3250.0,0.041,0.05077314678879987,0.0534,40.0936,0.05838,2.266,0.05545,40.8672
2021-06-30,OC-INDU-53,Industrial,Fullerton,211245,1972,0.997,2.926,2.011,2.047,0.05,0.394,6.9,0.171,1.6509,0.389,,Market / Lease-up Risk,1500.0,0.041,0.06969572896045631,0.05,58.52,0.02023,2.9852,0.05402,55.2649
2021-06-30,OC-INDU-57,Industrial,Anaheim,142555,1955,0.948,1.4078,1.562,1.532,0.0502,0.415,3.3,0.313,0.2857,0.249,,Market / Lease-up Risk,950.98,0.041,0.042966628191595774,0.0502,28.0438,0.02823,1.4475,0.05414,26.738
2021-06-30,OC-INDU-61,Industrial,Irvine,187038,1985,0.956,2.6681,1.891,1.928,0.0551,0.329,3.4,0.083,0.3173,0.757,,Market / Lease-up Risk,1393.94,0.041,0.0673933518042739,0.0551,48.4229,0.02243,2.7279,0.0547,49.8702
2021-06-30,OC-INDU-65,Industrial,Newport Beach,216859,1984,0.99,2.9511,1.694,1.655,0.0488,0.31,6.6,0.547,0.6042,0.623,,Market / Lease-up Risk,5400.0,0.041,0.07216631787386842,0.0488,60.4734,0.05071,3.1007,0.05401,57.4115
2021-06-30,OC-INDU-69,Industrial,Orange,189025,1965,0.981,1.7358,1.438,1.474,0.0556,0.429,2.0,0.363,0.3138,0.342,,Market / Lease-up Risk,1148.15,0.041,0.05532952514306505,0.0556,31.2194,0.01471,1.7613,0.05502,32.011
2021-06-30,OC-INDU-73,Industrial,Santa Ana,187630,1970,0.947,2.1776,1.803,1.848,0.0561,0.422,4.0,0.229,0.7183,0.528,,Market / Lease-up Risk,2296.3,0.041,0.06703545389056009,0.0561,38.8164,0.05918,2.3065,0.05476,42.1177
2021-06-30,OC-INDU-77,Industrial,Costa Mesa,187903,1970,0.938,2.0369,1.763,1.812,0.052,0.425,6.5,0.404,0.6997,0.358,,Market / Lease-up Risk,3250.0,0.041,0.049971926670509065,0.052,39.1712,0.03179,2.1016,0.05457,38.51
2021-06-30,OC-INDU-81,Industrial,Fullerton,69939,1989,0.995,0.6642,1.355,1.371,0.0542,0.401,7.4,0.137,0.1079,0.704,,Market / Lease-up Risk,1500.0,0.041,0.05745025933003084,0.0542,12.2546,0.0249,0.6807,0.05429,12.5401
2021-06-30,OC-INDU-85,Industrial,Anaheim,208598,1958,0.951,2.2218,1.767,1.794,0.058,0.444,6.2,0.446,0.8035,0.303,,Market / Lease-up Risk,950.98,0.041,0.04708202461070872,0.058,38.3069,0.01984,2.2659,0.05484,41.3148
2021-06-30,OC-INDU-89,Industrial,Irvine,97129,1973,0.975,1.3501,1.796,1.727,0.0497,0.325,6.1,0.103,0.4248,0.525,,Market / Lease-up Risk,1393.94,0.041,0.04639520543986963,0.0497,27.165,0.07157,1.4467,0.05515,26.2333
2021-06-30,OC-INDU-93,Industrial,Newport Beach,146850,1965,0.938,1.3404,1.259,1.285,0.0507,0.322,7.8,0.003,0.8765,0.396,,Market / Lease-up Risk,5400.0,0.041,0.06114505976086891,0.0507,26.4379,0.0444,1.3999,0.05534,25.2962
2021-06-30,OC-INDU-97,Industrial,Orange,156474,1990,0.988,1.0487,0.955,0.937,0.0548,0.396,2.4,0.004,0.4567,0.817,,Market / Lease-up Risk,1148.15,0.041,0.053510919544767055,0.0548,19.1369,0.01462,1.064,0.05484,19.4017
2021-06-30,OC-MULT-03,Multifamily,Anaheim,28418,1989,0.921,0.4058,2541.47,2470.035,0.0505,0.433,1.2,0.663,0.1304,0.806,26.0,Market / Lease-up Risk,950.98,0.041,0.037610316484450214,0.0505,8.0356,0.02715,0.4168,0.05239,7.9556
2021-06-30,OC-MULT-07,Multifamily,Irvine,65841,1968,0.98,1.1552,2890.29,2823.521,0.0567,0.32,1.2,0.231,0.6584,0.51,51.0,Market / Lease-up Risk,1393.94,0.041,0.043325545056780185,0.0567,20.3739,0.05022,1.2132,0.05261,23.0617
2021-06-30,OC-MULT-103,Multifamily,Santa Ana,27522,1968,0.922,0.4136,2816.8,2722.925,0.0505,0.365,1.5,0.041,0.1017,0.377,22.0,Market / Lease-up Risk,2296.3,0.041,0.03840317261952017,0.0505,8.1901,0.01947,0.4217,0.05157,8.1764
2021-06-30,OC-MULT-107,Multifamily,Costa Mesa,56814,1956,0.958,0.718,2049.47,1989.67,0.0512,0.371,1.1,0.01,0.1057,0.311,51.0,Market / Lease-up Risk,3250.0,0.041,0.017962922485887944,0.0512,14.0234,0.02812,0.7382,0.05152,14.3279
2021-06-30,OC-MULT-11,Multifamily,Newport Beach,42312,1957,0.953,0.5717,2146.92,2083.376,0.0516,0.43,0.8,0.056,0.088,0.295,43.0,Market / Lease-up Risk,5400.0,0.041,0.041244079060810804,0.0516,11.0795,0.03521,0.5918,0.05209,11.3615
2021-06-30,OC-MULT-111,Multifamily,Fullerton,26780,1989,0.964,0.5984,3095.04,3207.639,0.047,0.344,1.3,0.628,0.1013,0.827,26.0,Market / Lease-up Risk,1500.0,0.041,0.04158162578026465,0.047,12.7319,0.05728,0.6327,0.05215,12.1315
2021-06-30,OC-MULT-115,Multifamily,Anaheim,47464,1955,0.935,0.5394,2518.48,2576.037,0.0495,0.409,1.2,0.734,0.1544,0.026,34.0,Market / Lease-up Risk,950.98,0.041,0.01563475283017172,0.0495,10.897,0.02359,0.5521,0.05213,10.5913
2021-06-30,OC-MULT-119,Multifamily,Irvine,59472,1973,0.976,1.3318,3528.28,3568.031,0.0518,0.425,1.3,0.138,0.8294,0.425,59.0,Market / Lease-up Risk,1393.94,0.041,0.0314629606707809,0.0518,25.7104,0.03381,1.3768,0.05164,26.6639
2021-06-30,OC-MULT-123,Multifamily,Newport Beach,66978,1968,0.97,0.9789,2162.68,2213.154,0.0514,0.329,1.2,0.163,0.2465,0.448,61.0,Market / Lease-up Risk,5400.0,0.041,0.030937834296647253,0.0514,19.0447,0.01266,0.9913,0.05164,19.1955
2021-06-30,OC-MULT-127,Multifamily,Orange,39246,1979,0.939,0.5131,2510.73,2511.245,0.0476,0.403,1.0,0.731,0.2812,0.506,31.0,Market / Lease-up Risk,1148.15,0.041,0.04800338321642039,0.0476,10.7794,0.01856,0.5226,0.05179,10.0904
2021-06-30,OC-MULT-131,Multifamily,Santa Ana,83585,1986,0.972,1.1706,2523.16,2437.61,0.05,0.444,0.9,0.119,0.3876,0.668,73.0,Market / Lease-up Risk,2296.3,0.041,0.04875433857467103,0.05,23.412,0.0306,1.2064,0.05175,23.314
2021-06-30,OC-MULT-135,Multifamily,Costa Mesa,32805,1963,0.954,0.4731,2422.6,2418.742,0.0548,0.335,0.9,0.286,0.0587,0.22,27.0,Market / Lease-up Risk,3250.0,0.041,0.03451054638158559,0.0548,8.6332,0.02312,0.484,0.05208,9.2945
2021-06-30,OC-MULT-139,Multifamily,Fullerton,62176,1988,0.975,0.8593,1905.89,1914.475,0.0485,0.322,0.9,0.004,0.5887,0.702,58.0,Market / Lease-up Risk,1500.0,0.041,0.0213143914294706,0.0485,17.7175,0.02109,0.8774,0.0516,17.0029
2021-06-30,OC-MULT-143,Multifamily,Anaheim,52272,1973,0.944,0.9271,2866.69,2977.411,0.0514,0.317,1.1,0.407,0.5366,0.461,44.0,Market / Lease-up Risk,950.98,0.041,0.051906865841363566,0.0514,18.037,0.04684,0.9705,0.05215,18.6117
2021-06-30,OC-MULT-147,Multifamily,Irvine,34668,1996,0.979,0.3765,2135.94,2175.39,0.055,0.433,1.1,0.249,0.1869,0.834,27.0,Market / Lease-up Risk,1393.94,0.041,0.021749798166247097,0.055,6.8455,0.03784,0.3907,0.05265,7.4215
2021-06-30,OC-MULT-15,Multifamily,Orange,68971,1975,0.968,1.5063,3471.61,3529.493,0.0486,0.354,1.2,0.102,0.776,0.516,59.0,Market / Lease-up Risk,1148.15,0.041,0.04437699684397133,0.0486,30.9938,0.05391,1.5875,0.05299,29.9612
2021-06-30,OC-MULT-151,Multifamily,Newport Beach,38750,1981,0.96,0.966,4011.69,3926.214,0.0532,0.312,0.9,0.087,0.2614,0.684,31.0,Market / Lease-up Risk,5400.0,0.041,0.02688255320422142,0.0532,18.1579,0.02182,0.9871,0.05208,18.9541
2021-06-30,OC-MULT-155,Multifamily,Orange,36176,1955,0.923,0.5354,2142.35,2112.221,0.052,0.375,0.9,0.203,0.1243,0.17,38.0,Market / Lease-up Risk,1148.15,0.041,0.03422492670716378,0.052,10.2962,0.03461,0.5539,0.05179,10.6966
2021-06-30,OC-MULT-159,Multifamily,Santa Ana,30360,1970,0.933,0.5674,3332.23,3362.907,0.0541,0.333,1.4,0.108,0.2376,0.314,24.0,Market / Lease-up Risk,2296.3,0.041,0.03659539597422848,0.0541,10.488,0.05566,0.599,0.05274,11.3575
2021-06-30,OC-MULT-163,Multifamily,Costa Mesa,36570,1977,0.947,0.613,3218.78,3327.821,0.0567,0.43,1.1,0.046,0.1014,0.577,30.0,Market / Lease-up Risk,3250.0,0.041,0.01812699754376795,0.0567,10.8113,0.04832,0.6426,0.05167,12.4378
2021-06-30,OC-MULT-167,Multifamily,Fullerton,29832,1991,0.959,0.4368,2693.96,2630.156,0.0505,0.401,0.9,0.612,0.1456,0.775,24.0,Market / Lease-up Risk,1500.0,0.041,0.0692979651157736,0.0505,8.6495,0.03926,0.454,0.05201,8.7288
2021-06-30,OC-MULT-171,Multifamily,Anaheim,33748,1996,0.93,0.5507,3040.09,3085.979,0.0467,0.363,1.0,0.07,0.2794,0.805,26.0,Market / Lease-up Risk,950.98,0.041,0.04967318770113782,0.0467,11.7923,0.01144,0.557,0.05238,10.6341
2021-06-30,OC-MULT-175,Multifamily,Irvine,42192,1986,0.945,0.5495,2194.05,2195.977,0.0524,0.374,1.1,0.144,0.3052,0.857,36.0,Market / Lease-up Risk,1393.94,0.041,0.013633003261520615,0.0524,10.4866,0.03797,0.5704,0.0526,10.8435
2021-06-30,OC-MULT-179,Multifamily,Newport Beach,42066,1966,0.926,0.5431,1975.93,2000.482,0.0512,0.365,1.2,0.343,0.3216,0.382,41.0,Market / Lease-up Risk,5400.0,0.041,0.019150957774851127,0.0512,10.6074,0.03498,0.5621,0.05161,10.8911
2021-06-30,OC-MULT-183,Multifamily,Orange,45879,1968,0.937,0.7836,3253.17,3257.227,0.0536,0.45,1.2,0.13,0.2041,0.307,41.0,Market / Lease-up Risk,1148.15,0.041,0.04291978179845385,0.0536,14.6194,0.03466,0.8108,0.05264,15.4029
2021-06-30,OC-MULT-187,Multifamily,Santa Ana,39438,1969,0.957,0.709,2650.02,2598.282,0.0481,0.434,1.1,0.064,0.1789,0.52,42.0,Market / Lease-up Risk,2296.3,0.041,0.06367736182143072,0.0481,14.7401,0.03791,0.7359,0.05156,14.2729
2021-06-30,OC-MULT-19,Multifamily,Santa Ana,61344,1985,0.964,0.7924,2132.32,2093.684,0.0486,0.393,1.3,0.238,0.4083,0.676,54.0,Market / Lease-up Risk,2296.3,0.041,0.032137349731003746,0.0486,16.3045,0.0297,0.8159,0.0515,15.8439
2021-06-30,OC-MULT-191,Multifamily,Costa Mesa,31722,1955,0.944,0.9064,3632.36,3649.6,0.0512,0.318,1.4,0.445,0.5506,0.234,34.0,Market / Lease-up Risk,3250.0,0.041,0.03010726730752332,0.0512,17.7031,0.02467,0.9288,0.0532,17.4573
2021-06-30,OC-MULT-195,Multifamily,Fullerton,32376,2002,0.953,0.4113,2356.04,2364.707,0.0465,0.351,1.0,0.141,0.0824,0.938,24.0,Market / Lease-up Risk,1500.0,0.041,0.04412750063145207,0.0465,8.8452,0.04019,0.4278,0.052,8.2275
2021-06-30,OC-MULT-199,Multifamily,Anaheim,21968,1983,0.955,0.3437,3458.91,3357.824,0.0528,0.447,0.9,0.39,0.0978,0.801,16.0,Market / Lease-up Risk,950.98,0.041,0.04227495943746417,0.0528,6.5095,0.04208,0.3582,0.05191,6.8993
2021-06-30,OC-MULT-203,Multifamily,Irvine,34704,1978,0.939,0.8045,3350.79,3419.548,0.049,0.377,1.4,0.075,0.1516,0.454,36.0,Market / Lease-up Risk,1393.94,0.041,0.047161207125663594,0.049,16.4184,0.04416,0.84,0.05247,16.0097
2021-06-30,OC-MULT-207,Multifamily,Newport Beach,24800,1962,0.929,0.3711,2588.02,2670.868,0.0547,0.323,1.3,0.051,0.181,0.418,20.0,Market / Lease-up Risk,5400.0,0.041,0.020666931591349885,0.0547,6.7843,0.04062,0.3862,0.0527,7.3279
2021-06-30,OC-MULT-211,Multifamily,Orange,58088,1966,0.93,1.064,3411.74,3346.416,0.0554,0.445,1.0,0.339,0.6257,0.303,53.0,Market / Lease-up Risk,1148.15,0.041,0.04210696505454996,0.0554,19.2058,0.0163,1.0813,0.05158,20.9631
2021-06-30,OC-MULT-215,Multifamily,Santa Ana,53950,1976,0.969,0.8511,2672.17,2694.759,0.0499,0.441,1.5,0.035,0.2426,0.551,50.0,Market / Lease-up Risk,2296.3,0.041,0.040384024069566725,0.0499,17.0561,0.03548,0.8813,0.05271,16.721
2021-06-30,OC-MULT-219,Multifamily,Costa Mesa,56763,2001,0.941,0.9821,2907.04,2915.936,0.0551,0.424,1.1,0.386,0.4288,0.974,53.0,Market / Lease-up Risk,3250.0,0.041,0.029951803954102546,0.0551,17.824,0.03124,1.0128,0.0517,19.5908
2021-06-30,OC-MULT-223,Multifamily,Fullerton,33698,1964,0.923,0.6997,3645.43,3503.219,0.0513,0.371,1.4,0.124,0.2797,0.2,29.0,Market / Lease-up Risk,1500.0,0.041,0.039771674760305485,0.0513,13.6394,0.00799,0.7053,0.05122,13.769
2021-06-30,OC-MULT-227,Multifamily,Anaheim,98424,1960,0.936,1.1879,2497.89,2488.014,0.0483,0.381,1.0,0.054,0.4639,0.327,72.0,Market / Lease-up Risk,950.98,0.041,0.03523869524334158,0.0483,24.5942,0.04517,1.2416,0.05158,24.0691
2021-06-30,OC-MULT-23,Multifamily,Costa Mesa,35343,1968,0.947,0.5204,3094.23,3048.023,0.0512,0.423,1.0,0.156,0.1555,0.382,27.0,Market / Lease-up Risk,3250.0,0.041,0.02220680202630284,0.0512,10.1641,0.04188,0.5422,0.05244,10.339
2021-06-30,OC-MULT-231,Multifamily,Irvine,31434,1989,0.94,0.4368,2483.48,2384.542,0.0471,0.388,1.5,0.202,0.0625,0.843,26.0,Market / Lease-up Risk,1393.94,0.041,0.04100436185228883,0.0471,9.2739,0.05405,0.4604,0.05227,8.8083
2021-06-30,OC-MULT-235,Multifamily,Newport Beach,44172,1986,0.965,0.7225,3054.17,3023.229,0.0476,0.421,1.0,0.079,0.388,0.628,36.0,Market / Lease-up Risk,5400.0,0.041,0.03420695234772892,0.0476,15.1786,0.00369,0.7252,0.05263,13.7788
2021-06-30,OC-MULT-239,Multifamily,Orange,44625,1964,0.925,0.6651,2888.09,2945.399,0.0522,0.376,1.2,0.408,0.4392,0.188,35.0,Market / Lease-up Risk,1148.15,0.041,0.02449320511344137,0.0522,12.7414,0.03522,0.6885,0.05159,13.3473
2021-06-30,OC-MULT-243,Multifamily,Santa Ana,62894,1955,0.928,1.0339,2688.94,2757.467,0.0568,0.384,1.1,0.035,0.1048,0.121,59.0,Market / Lease-up Risk,2296.3,0.041,0.027953303657741027,0.0568,18.2025,0.03798,1.0732,0.0524,20.481
2021-06-30,OC-MULT-247,Multifamily,Costa Mesa,45654,1965,0.951,0.8067,2848.17,2771.132,0.0486,0.378,0.9,0.027,0.1928,0.397,42.0,Market / Lease-up Risk,3250.0,0.041,0.028844530397854895,0.0486,16.5988,0.0138,0.8178,0.05203,15.7188
2021-06-30,OC-MULT-251,Multifamily,Fullerton,84816,1960,0.963,0.8843,1944.91,1927.585,0.0552,0.332,0.8,0.524,0.1458,0.259,62.0,Market / Lease-up Risk,1500.0,0.041,0.03143816541372684,0.0552,16.0199,0.02827,0.9093,0.0516,17.6225
2021-06-30,OC-MULT-255,Multifamily,Anaheim,65219,1961,0.949,1.5491,4361.45,4192.235,0.0527,0.33,0.9,0.075,0.6311,0.411,49.0,Market / Lease-up Risk,950.98,0.041,0.02459054260187049,0.0527,29.3947,0.01259,1.5686,0.0523,29.994
2021-06-30,OC-MULT-259,Multifamily,Irvine,54150,1991,0.978,1.2158,3148.72,3271.263,0.0502,0.411,0.9,0.515,0.6615,0.773,57.0,Market / Lease-up Risk,1393.94,0.041,0.055749100270386126,0.0502,24.2191,0.02222,1.2428,0.05245,23.6958
2021-06-30,OC-MULT-263,Multifamily,Newport Beach,46125,1973,0.935,0.7673,2551.9,2645.226,0.0515,0.312,1.3,0.183,0.2108,0.412,41.0,Market / Lease-up Risk,5400.0,0.041,0.020331073236124434,0.0515,14.899,0.01238,0.7768,0.05172,15.0194
2021-06-30,OC-MULT-267,Multifamily,Orange,35105,1980,0.975,0.9654,3943.72,3965.847,0.0548,0.39,0.9,0.006,0.4244,0.635,35.0,Market / Lease-up Risk,1148.15,0.041,0.03942775303558633,0.0548,17.6168,0.01859,0.9834,0.05184,18.9684
2021-06-30,OC-MULT-27,Multifamily,Fullerton,75458,1973,0.932,1.4557,3379.4,3246.57,0.0555,0.301,1.3,0.11,0.7334,0.464,58.0,Market / Lease-up Risk,1500.0,0.041,0.05792680577742871,0.0555,26.2288,0.02961,1.4988,0.05215,28.7405
2021-06-30,OC-MULT-271,Multifamily,Santa Ana,21045,1958,0.971,0.3445,2131.1,2054.772,0.0488,0.365,1.3,0.295,0.1748,0.283,23.0,Market / Lease-up Risk,2296.3,0.041,0.032578231074132276,0.0488,7.0594,0.07267,0.3695,0.0525,7.0391
2021-06-30,OC-MULT-275,Multifamily,Costa Mesa,24625,1971,0.953,0.4651,2622.42,2576.315,0.0539,0.367,1.4,0.118,0.2119,0.53,25.0,Market / Lease-up Risk,3250.0,0.041,0.06207812231711556,0.0539,8.6289,0.0188,0.4738,0.05249,9.0267
2021-06-30,OC-MULT-279,Multifamily,Fullerton,38490,1972,0.921,0.5677,3201.31,3146.4,0.0565,0.437,0.8,0.048,0.2484,0.358,30.0,Market / Lease-up Risk,1500.0,0.041,0.05158921593253752,0.0565,10.0478,0.02166,0.58,0.05141,11.2817
2021-06-30,OC-MULT-283,Multifamily,Anaheim,41976,1967,0.943,0.7992,3325.23,3274.086,0.0547,0.398,1.5,0.437,0.1149,0.502,36.0,Market / Lease-up Risk,950.98,0.041,0.036893697361601814,0.0547,14.6106,0.04185,0.8326,0.05216,15.9649
2021-06-30,OC-MULT-287,Multifamily,Irvine,70564,1958,0.963,0.8866,2148.73,2120.583,0.0547,0.363,0.9,0.434,0.4154,0.276,59.0,Market / Lease-up Risk,1393.94,0.041,0.03231700298211468,0.0547,16.2084,0.05361,0.9341,0.05078,18.3942
2021-06-30,OC-MULT-291,Multifamily,Newport Beach,54348,1999,0.936,0.6175,2279.36,2364.669,0.0473,0.414,1.2,0.088,0.2568,0.93,42.0,Market / Lease-up Risk,5400.0,0.041,0.03514993878168398,0.0473,13.055,0.02542,0.6332,0.05192,12.1962
2021-06-30,OC-MULT-295,Multifamily,Orange,61134,1994,0.945,0.7901,2513.04,2426.847,0.0506,0.385,1.2,0.14,0.2515,0.868,46.0,Market / Lease-up Risk,1148.15,0.041,0.04607851917213496,0.0506,15.6146,0.00153,0.7913,0.05126,15.4384
2021-06-30,OC-MULT-299,Multifamily,Santa Ana,43720,1970,0.948,0.7765,3224.84,3343.213,0.0508,0.443,1.3,0.551,0.1929,0.418,40.0,Market / Lease-up Risk,2296.3,0.041,0.03790306453168768,0.0508,15.2854,0.00495,0.7803,0.05218,14.9537
2021-06-30,OC-MULT-303,Multifamily,Costa Mesa,69870,1962,0.952,1.2306,3523.37,3422.034,0.0534,0.369,1.5,0.149,0.6021,0.297,51.0,Market / Lease-up Risk,3250.0,0.041,0.03214947519344096,0.0534,23.0449,0.02779,1.2648,0.0524,24.1357
2021-06-30,OC-MULT-307,Multifamily,Fullerton,24543,1957,0.967,0.4934,2758.3,2757.61,0.0551,0.399,1.1,0.027,0.1455,0.193,27.0,Market / Lease-up Risk,1500.0,0.041,0.02424678876982124,0.0551,8.9546,0.01809,0.5023,0.05249,9.5702
2021-06-30,OC-MULT-31,Multifamily,Anaheim,42669,1982,0.925,0.7201,2963.15,3059.402,0.0536,0.323,1.5,0.661,0.4018,0.661,33.0,Market / Lease-up Risk,950.98,0.041,0.05434525150342946,0.0536,13.4347,0.03345,0.7442,0.05168,14.4005
2021-06-30,OC-MULT-311,Multifamily,Anaheim,61100,1965,0.962,0.9115,3005.88,3101.437,0.0483,0.447,1.1,0.228,0.28,0.465,50.0,Market / Lease-up Risk,950.98,0.041,0.056077224363903555,0.0483,18.8716,0.02819,0.9372,0.05271,17.7812
2021-06-30,OC-MULT-315,Multifamily,Irvine,46656,1955,0.946,0.8098,2377.51,2342.076,0.0489,0.342,1.0,0.248,0.4492,0.015,48.0,Market / Lease-up Risk,1393.94,0.041,0.01,0.0489,16.5603,0.02426,0.8294,0.05206,15.9314
2021-06-30,OC-MULT-319,Multifamily,Newport Beach,64080,1965,0.963,1.2569,2949.2,2902.521,0.0551,0.353,0.9,0.193,0.4338,0.32,60.0,Market / Lease-up Risk,5400.0,0.041,0.05957579808001338,0.0551,22.8113,-0.00527,1.2503,0.05285,23.6559
2021-06-30,OC-MULT-323,Multifamily,Orange,51086,1978,0.95,1.1186,3655.77,3660.718,0.0483,0.332,0.8,0.417,0.1741,0.682,41.0,Market / Lease-up Risk,1148.15,0.041,0.03022788842690074,0.0483,23.1594,0.0077,1.1272,0.05208,21.6421
2021-06-30,OC-MULT-327,Multifamily,Santa Ana,45738,1987,0.954,0.9105,3643.35,3787.026,0.0514,0.325,1.0,0.447,0.5312,0.641,33.0,Market / Lease-up Risk,2296.3,0.041,0.053341385717785406,0.0514,17.714,0.01588,0.925,0.05294,17.4727
2021-06-30,OC-MULT-331,Multifamily,Costa Mesa,35700,1982,0.966,0.666,3251.51,3170.178,0.0545,0.399,1.3,0.069,0.3801,0.543,30.0,Market / Lease-up Risk,3250.0,0.041,0.042894288847550414,0.0545,12.2202,0.0315,0.687,0.0513,13.3923
2021-06-30,OC-MULT-335,Multifamily,Fullerton,39824,1959,0.969,0.7325,3104.79,3094.21,0.0486,0.438,1.0,0.422,0.4802,0.131,38.0,Market / Lease-up Risk,1500.0,0.041,0.02106545311543702,0.0486,15.072,0.04429,0.7649,0.05193,14.7298
2021-06-30,OC-MULT-339,Multifamily,Anaheim,50232,1968,0.922,1.1316,3180.31,3153.867,0.0504,0.349,0.9,0.405,0.5409,0.28,52.0,Market / Lease-up Risk,950.98,0.041,0.046814760199333005,0.0504,22.4524,0.04444,1.1819,0.05287,22.354
2021-06-30,OC-MULT-343,Multifamily,Irvine,25600,1980,0.966,0.4328,2826.32,2888.888,0.0496,0.326,1.0,0.393,0.1182,0.734,20.0,Market / Lease-up Risk,1393.94,0.041,0.05252492439837246,0.0496,8.7258,0.02842,0.4451,0.05221,8.5251
2021-06-30,OC-MULT-347,Multifamily,Newport Beach,76480,1982,0.941,1.1593,2755.64,2856.716,0.0525,0.406,1.4,0.145,0.3428,0.656,64.0,Market / Lease-up Risk,5400.0,0.041,0.024549530860567798,0.0525,22.0819,0.02657,1.1901,0.05135,23.1783
2021-06-30,OC-MULT-35,Multifamily,Irvine,23408,1966,0.946,0.2931,2076.03,2018.039,0.0555,0.405,1.2,0.134,0.1481,0.457,22.0,Market / Lease-up Risk,1393.94,0.041,0.04893206125601039,0.0555,5.2811,0.03525,0.3034,0.05186,5.8508
2021-06-30,OC-MULT-351,Multifamily,Orange,86870,1979,0.94,2.2588,4021.77,3882.633,0.0479,0.304,1.5,0.534,1.619,0.707,73.0,Market / Lease-up Risk,1148.15,0.041,0.044571695813450975,0.0479,47.1566,0.01341,2.2891,0.05229,43.7741
2021-06-30,OC-MULT-355,Multifamily,Santa Ana,34475,1979,0.936,0.677,2938.54,2864.136,0.0547,0.402,1.0,0.059,0.2644,0.536,35.0,Market / Lease-up Risk,2296.3,0.041,0.04295020750435882,0.0547,12.3766,0.04662,0.7086,0.05202,13.6217
2021-06-30,OC-MULT-359,Multifamily,Costa Mesa,54739,1956,0.94,0.8498,2881.64,2769.339,0.0502,0.36,1.5,0.143,0.5712,0.12,43.0,Market / Lease-up Risk,3250.0,0.041,0.011233600059455822,0.0502,16.9283,0.04195,0.8854,0.0521,16.9942
2021-06-30,OC-MULT-363,Multifamily,Fullerton,71567,1960,0.977,1.2294,3102.61,3092.226,0.0509,0.397,1.4,0.082,0.4262,0.371,59.0,Market / Lease-up Risk,1500.0,0.041,0.029707488596534364,0.0509,24.1532,0.02249,1.2571,0.05273,23.8413
2021-06-30,OC-MULT-367,Multifamily,Anaheim,61292,1973,0.922,0.8398,2607.69,2686.807,0.0479,0.325,1.2,0.582,0.1291,0.511,44.0,Market / Lease-up Risk,950.98,0.041,0.04028848688041047,0.0479,17.5324,0.04642,0.8788,0.05245,16.7558
2021-06-30,OC-MULT-371,Multifamily,Irvine,31746,1972,0.934,0.688,3377.52,3286.69,0.05,0.438,0.8,0.067,0.1704,0.542,33.0,Market / Lease-up Risk,1393.94,0.041,0.04051293246934617,0.05,13.76,0.03759,0.7139,0.05249,13.6001
2021-06-30,OC-MULT-375,Multifamily,Newport Beach,48944,1979,0.973,1.1329,3505.4,3571.203,0.0471,0.386,1.0,0.687,0.3575,0.574,46.0,Market / Lease-up Risk,5400.0,0.041,0.02536142660776902,0.0471,24.0531,0.04674,1.1858,0.05183,22.8774
2021-06-30,OC-MULT-379,Multifamily,Orange,63494,1984,0.928,1.1452,3022.8,2922.251,0.0564,0.345,0.8,0.407,0.5024,0.752,53.0,Market / Lease-up Risk,1148.15,0.041,0.03123925673519851,0.0564,20.305,0.00698,1.1532,0.05215,22.1136
2021-06-30,OC-MULT-383,Multifamily,Santa Ana,73980,1996,0.95,1.0648,2856.97,2757.046,0.0504,0.444,0.8,0.115,0.3369,0.928,60.0,Market / Lease-up Risk,2296.3,0.041,0.03903937008563345,0.0504,21.127,0.03242,1.0993,0.05173,21.2514
2021-06-30,OC-MULT-387,Multifamily,Costa Mesa,30492,1963,0.97,0.5734,3030.89,3120.47,0.0482,0.389,1.4,0.213,0.0738,0.43,28.0,Market / Lease-up Risk,3250.0,0.041,0.03689008783004876,0.0482,11.8963,0.01986,0.5848,0.05279,11.0778
2021-06-30,OC-MULT-39,Multifamily,Newport Beach,50064,1974,0.974,0.8838,2886.06,2931.397,0.0519,0.443,1.5,0.097,0.4258,0.574,48.0,Market / Lease-up Risk,5400.0,0.041,0.04685007020452521,0.0519,17.0289,0.03148,0.9116,0.05224,17.4491
2021-06-30,OC-MULT-391,Multifamily,Fullerton,54684,1996,0.961,1.0575,2997.84,3078.538,0.0473,0.363,1.1,0.452,0.4653,0.954,49.0,Market / Lease-up Risk,1500.0,0.041,0.024571515616200947,0.0473,22.3573,0.03182,1.0911,0.05162,21.139
2021-06-30,OC-MULT-395,Multifamily,Anaheim,17423,1961,0.969,0.5074,3565.45,3493.058,0.0524,0.322,1.3,0.008,0.0496,0.127,19.0,Market / Lease-up Risk,950.98,0.041,0.02404956350544723,0.0524,9.6832,0.03106,0.5232,0.05197,10.0665
2021-06-30,OC-MULT-399,Multifamily,Irvine,29198,1960,0.976,0.5643,2955.43,2881.106,0.0518,0.34,0.9,0.033,0.1165,0.186,26.0,Market / Lease-up Risk,1393.94,0.041,0.027987006687599323,0.0518,10.8938,0.05657,0.5962,0.05228,11.4053
2021-06-30,OC-MULT-43,Multifamily,Orange,48636,1969,0.954,0.6467,2592.99,2651.258,0.0563,0.363,1.0,0.109,0.315,0.451,36.0,Market / Lease-up Risk,1148.15,0.041,0.031050481191379452,0.0563,11.4867,0.04644,0.6767,0.0521,12.9889
2021-06-30,OC-MULT-47,Multifamily,Santa Ana,71820,1970,0.939,1.6408,3827.98,3896.682,0.0519,0.319,1.4,0.177,0.949,0.544,57.0,Market / Lease-up Risk,2296.3,0.041,0.032196406326374216,0.0519,31.6146,0.0172,1.669,0.0517,32.2834
2021-06-30,OC-MULT-51,Multifamily,Costa Mesa,35364,1960,0.932,0.7299,3786.04,3748.217,0.0548,0.352,1.3,0.82,0.3231,0.243,28.0,Market / Lease-up Risk,3250.0,0.041,0.0454387013277121,0.0548,13.3193,0.04142,0.7601,0.05224,14.5499
2021-06-30,OC-MULT-55,Multifamily,Fullerton,23424,1965,0.976,0.3684,2346.55,2281.842,0.0508,0.412,0.9,0.331,0.2067,0.215,24.0,Market / Lease-up Risk,1500.0,0.041,0.031331562454693915,0.0508,7.252,0.03907,0.3828,0.05201,7.36
2021-06-30,OC-MULT-59,Multifamily,Anaheim,34755,1990,0.931,0.553,2339.11,2299.692,0.0505,0.383,1.0,0.11,0.2726,0.883,35.0,Market / Lease-up Risk,950.98,0.041,0.05432327648044693,0.0505,10.9505,0.01245,0.5599,0.05203,10.7604
2021-06-30,OC-MULT-63,Multifamily,Irvine,40960,1974,0.976,0.9647,3422.33,3305.01,0.056,0.386,1.4,0.047,0.5447,0.603,40.0,Market / Lease-up Risk,1393.94,0.041,0.02272532404701338,0.056,17.2268,0.03946,1.0028,0.05195,19.3035
2021-06-30,OC-MULT-67,Multifamily,Newport Beach,33720,1995,0.936,0.5603,2866.01,2820.07,0.0536,0.408,0.9,0.368,0.3584,0.825,30.0,Market / Lease-up Risk,5400.0,0.041,0.026793633636497623,0.0536,10.4534,0.01219,0.5671,0.05111,11.0961
2021-06-30,OC-MULT-71,Multifamily,Orange,50166,1977,0.936,1.1919,3218.71,3130.596,0.0562,0.377,1.1,0.255,0.5379,0.714,54.0,Market / Lease-up Risk,1148.15,0.041,0.03287522916692464,0.0562,21.2082,0.02184,1.2179,0.05095,23.9045
2021-06-30,OC-MULT-75,Multifamily,Santa Ana,33821,1968,0.925,0.8067,4375.39,4549.473,0.0475,0.436,1.2,0.003,0.4224,0.412,31.0,Market / Lease-up Risk,2296.3,0.041,0.049363125303348986,0.0475,16.9832,0.03015,0.831,0.05177,16.0527
2021-06-30,OC-MULT-79,Multifamily,Costa Mesa,30930,1955,0.962,0.7199,3256.09,3290.549,0.0497,0.328,1.1,0.452,0.0949,0.2,30.0,Market / Lease-up Risk,3250.0,0.041,0.05295521964951891,0.0497,14.4849,0.02128,0.7352,0.05242,14.0248
2021-06-30,OC-MULT-83,Multifamily,Fullerton,58797,1982,0.963,0.8478,2755.75,2822.457,0.0472,0.422,0.9,0.482,0.6151,0.639,47.0,Market / Lease-up Risk,1500.0,0.041,0.04269116495825152,0.0472,17.9619,0.00742,0.8541,0.05241,16.2973
2021-06-30,OC-MULT-87,Multifamily,Anaheim,30900,1998,0.979,0.8587,4242.85,4287.231,0.0523,0.414,0.9,0.347,0.2383,0.874,30.0,Market / Lease-up Risk,950.98,0.041,0.043811584467767235,0.0523,16.4187,0.03853,0.8918,0.05243,17.0075
2021-06-30,OC-MULT-91,Multifamily,Irvine,53040,1963,0.943,1.1234,2960.93,3006.584,0.0535,0.308,1.4,0.428,0.4665,0.225,51.0,Market / Lease-up Risk,1393.94,0.041,0.015957019526605,0.0535,20.9981,0.0324,1.1598,0.05208,22.2681
2021-06-30,OC-MULT-95,Multifamily,Newport Beach,23848,1984,0.946,0.3632,2311.33,2250.346,0.0477,0.358,1.0,0.193,0.1326,0.698,22.0,Market / Lease-up Risk,5400.0,0.041,0.021171690665755815,0.0477,7.6143,0.02089,0.3708,0.05206,7.1218
2021-06-30,OC-MULT-99,Multifamily,Orange,54332,1960,0.924,0.8646,2910.58,2984.948,0.0546,0.4,1.2,0.046,0.5494,0.381,47.0,Market / Lease-up Risk,1148.15,0.041,0.03344829486160414,0.0546,15.8352,0.03205,0.8923,0.05164,17.2781
2021-06-30,OC-OFFI-02,Office,Anaheim,254663,1958,0.897,3.9544,2.741,2.73,0.0698,0.446,6.1,0.515,0.8545,0.146,,Market / Lease-up Risk,950.98,0.041,0.12484494086161058,0.0698,56.6533,0.01082,3.9972,0.07202,55.4989
2021-06-30,OC-OFFI-06,Office,Irvine,187284,1969,0.934,3.8554,3.154,3.076,0.0654,0.387,2.0,0.109,1.293,0.441,,Market / Lease-up Risk,1393.94,0.041,0.13961625343596284,0.0654,58.9511,0.02647,3.9575,0.07268,54.4498
2021-06-30,OC-OFFI-10,Office,Newport Beach,155705,1972,0.751,2.5006,2.751,2.655,0.0714,0.339,2.4,0.052,1.0412,0.579,,Market / Lease-up Risk,5400.0,0.041,0.13260611951536597,0.0714,35.0224,0.02151,2.5544,0.07257,35.1983
2021-06-30,OC-OFFI-102,Office,Santa Ana,178147,1966,0.819,2.6911,2.556,2.461,0.0751,0.367,6.0,0.189,0.7231,0.466,,Market / Lease-up Risk,2296.3,0.041,0.14499405500457255,0.0751,35.8336,0.05132,2.8292,0.07237,39.0945
2021-06-30,OC-OFFI-106,Office,Costa Mesa,135617,1971,0.879,2.1216,2.485,2.433,0.0706,0.391,5.7,0.201,0.3876,0.55,,Market / Lease-up Risk,3250.0,0.041,0.13021890650899098,0.0706,30.051,0.00669,2.1358,0.07204,29.6461
2021-06-30,OC-OFFI-110,Office,Fullerton,147555,1991,0.83,2.5485,2.681,2.659,0.0615,0.34,6.2,0.12,0.8999,0.851,,Market / Lease-up Risk,1500.0,0.041,0.14171238500867786,0.0615,41.439,0.00063,2.5501,0.07276,35.0483
2021-06-30,OC-OFFI-114,Office,Anaheim,222274,1972,0.854,3.8687,3.056,2.937,0.0694,0.415,6.8,0.478,1.0268,0.498,,Market / Lease-up Risk,950.98,0.041,0.14042554549254574,0.0694,55.745,0.0093,3.9047,0.07164,54.5035
2021-06-30,OC-OFFI-118,Office,Irvine,256794,1968,0.918,5.1893,3.146,3.271,0.0734,0.405,5.3,0.509,1.4871,0.517,,Market / Lease-up Risk,1393.94,0.041,0.14463939612653248,0.0734,70.6989,0.0218,5.3024,0.07147,74.194
2021-06-30,OC-OFFI-122,Office,Newport Beach,221970,1968,0.79,3.4786,2.605,2.701,0.0632,0.332,4.7,0.485,1.5707,0.411,,Market / Lease-up Risk,5400.0,0.041,0.140257815377684,0.0632,55.0411,-0.01092,3.4406,0.0714,48.1904
2021-06-30,OC-OFFI-126,Office,Orange,195592,1991,0.792,1.7175,1.711,1.774,0.0669,0.449,2.9,0.516,0.687,0.94,,Market / Lease-up Risk,1148.15,0.041,0.10744491100917784,0.0669,25.6726,0.01366,1.741,0.07313,23.8055
2021-06-30,OC-OFFI-130,Office,Santa Ana,119717,1984,0.81,1.3393,1.717,1.779,0.075,0.316,3.0,0.478,0.1536,0.614,,Market / Lease-up Risk,2296.3,0.041,0.1423696976479501,0.075,17.8573,0.03547,1.3868,0.07194,19.2783
2021-06-30,OC-OFFI-134,Office,Costa Mesa,168789,1972,0.759,2.0271,2.086,2.095,0.0704,0.355,3.8,0.224,0.3501,0.606,,Market / Lease-up Risk,3250.0,0.041,0.1385711495965715,0.0704,28.794,0.0419,2.112,0.07276,29.0261
2021-06-30,OC-OFFI-138,Office,Fullerton,172763,1983,0.839,3.6658,3.329,3.225,0.0655,0.354,6.3,0.081,0.5407,0.829,,Market / Lease-up Risk,1500.0,0.041,0.10643506627524592,0.0655,55.9664,0.03011,3.7762,0.07169,52.6761
2021-06-30,OC-OFFI-14,Office,Orange,181767,1981,0.777,2.3434,2.441,2.507,0.0655,0.422,2.7,0.393,0.4666,0.562,,Market / Lease-up Risk,1148.15,0.041,0.12794905477046453,0.0655,35.7771,0.01724,2.3838,0.07307,32.6222
2021-06-30,OC-OFFI-142,Office,Anaheim,233955,1959,0.793,3.5046,2.959,3.049,0.0755,0.44,3.6,0.097,1.2138,0.199,,Market / Lease-up Risk,950.98,0.041,0.14381732663370353,0.0755,46.4185,0.02556,3.5942,0.07109,50.5601
2021-06-30,OC-OFFI-146,Office,Irvine,106901,1974,0.932,1.7969,2.51,2.513,0.0619,0.389,3.1,0.127,0.546,0.612,,Market / Lease-up Risk,1393.94,0.041,0.12788476451342937,0.0619,29.0291,0.02962,1.8501,0.07165,25.8202
2021-06-30,OC-OFFI-150,Office,Newport Beach,134762,1955,0.904,2.6538,2.904,2.979,0.071,0.342,6.7,0.308,1.2348,0.269,,Market / Lease-up Risk,5400.0,0.041,0.12422201400030594,0.071,37.3775,-0.00923,2.6293,0.07178,36.6289
2021-06-30,OC-OFFI-154,Office,Orange,154207,1982,0.91,3.3226,3.206,3.123,0.0751,0.372,5.8,0.324,1.2127,0.619,,Market / Lease-up Risk,1148.15,0.041,0.1400650116490888,0.0751,44.2423,0.00705,3.346,0.07151,46.7941
2021-06-30,OC-OFFI-158,Office,Santa Ana,234777,1959,0.896,5.1814,3.542,3.482,0.0722,0.39,3.1,0.215,2.2313,0.294,,Market / Lease-up Risk,2296.3,0.041,0.12908287161818838,0.0722,71.7645,0.01544,5.2614,0.07301,72.0608
2021-06-30,OC-OFFI-162,Office,Costa Mesa,256678,1990,0.932,5.4353,3.057,3.057,0.0725,0.368,4.6,0.132,0.503,0.731,,Market / Lease-up Risk,3250.0,0.041,0.13149034178990182,0.0725,74.9697,0.01132,5.4968,0.07179,76.5698
2021-06-30,OC-OFFI-166,Office,Fullerton,165456,1981,0.836,2.9522,3.113,3.14,0.0648,0.417,5.6,0.261,1.1414,0.792,,Market / Lease-up Risk,1500.0,0.041,0.14252568148818362,0.0648,45.5586,-0.00742,2.9303,0.0719,40.7559
2021-06-30,OC-OFFI-170,Office,Anaheim,243342,1984,0.947,2.9414,1.797,1.838,0.0612,0.396,2.7,0.485,0.8575,0.605,,Market / Lease-up Risk,950.98,0.041,0.12807995689350987,0.0612,48.0621,0.00256,2.9489,0.07156,41.2086
2021-06-30,OC-OFFI-174,Office,Irvine,240817,1981,0.866,4.6711,2.99,3.077,0.0712,0.363,4.2,0.225,2.095,0.602,,Market / Lease-up Risk,1393.94,0.041,0.13422936070201838,0.0712,65.6053,0.00038,4.6729,0.07181,65.0698
2021-06-30,OC-OFFI-178,Office,Newport Beach,94586,1959,0.775,1.3738,2.749,2.851,0.0717,0.402,2.1,0.084,0.3538,0.169,,Market / Lease-up Risk,5400.0,0.041,0.13372996269434567,0.0717,19.1604,0.02668,1.4105,0.07168,19.677
2021-06-30,OC-OFFI-18,Office,Santa Ana,159823,2000,0.889,2.7696,2.554,2.579,0.0624,0.351,2.8,0.412,0.3076,0.923,,Market / Lease-up Risk,2296.3,0.041,0.13720422541272265,0.0624,44.3846,-0.0167,2.7233,0.07154,38.0695
2021-06-30,OC-OFFI-182,Office,Orange,173901,1998,0.934,4.5909,3.692,3.607,0.0703,0.349,2.4,0.585,1.9281,0.94,,Market / Lease-up Risk,1148.15,0.041,0.14229962200755314,0.0703,65.3044,0.00703,4.6232,0.07166,64.5143
2021-06-30,OC-OFFI-186,Office,Santa Ana,174425,1957,0.807,2.4847,2.77,2.786,0.0683,0.441,2.6,0.138,1.2566,0.288,,Market / Lease-up Risk,2296.3,0.041,0.12163903843421393,0.0683,36.3792,0.03589,2.5739,0.07297,35.2743
2021-06-30,OC-OFFI-190,Office,Costa Mesa,140741,1960,0.796,2.5802,2.958,2.981,0.0669,0.317,4.4,0.042,0.7303,0.355,,Market / Lease-up Risk,3250.0,0.041,0.1450995456100283,0.0669,38.568,0.01642,2.6226,0.07225,36.2992
2021-06-30,OC-OFFI-194,Office,Fullerton,215872,1980,0.77,2.9141,2.145,2.091,0.0633,0.305,4.5,0.004,1.146,0.508,,Market / Lease-up Risk,1500.0,0.041,0.14319059141990495,0.0633,46.0363,0.01008,2.9435,0.07156,41.1319
2021-06-30,OC-OFFI-198,Office,Anaheim,193751,1961,0.888,4.4013,3.74,3.87,0.0724,0.4,3.7,0.526,0.9797,0.392,,Market / Lease-up Risk,950.98,0.041,0.12092167761383249,0.0724,60.7914,0.02391,4.5065,0.07198,62.6103
2021-06-30,OC-OFFI-202,Office,Irvine,143341,2003,0.865,2.793,2.768,2.74,0.063,0.308,3.5,0.085,1.4488,0.988,,Market / Lease-up Risk,1393.94,0.041,0.11539241685778016,0.063,44.3333,0.03199,2.8823,0.07211,39.972
2021-06-30,OC-OFFI-206,Office,Newport Beach,203063,1966,0.782,3.1887,3.011,3.13,0.0623,0.415,4.0,0.37,1.6394,0.302,,Market / Lease-up Risk,5400.0,0.041,0.10583383526744129,0.0623,51.183,0.01998,3.2524,0.07145,45.5181
2021-06-30,OC-OFFI-210,Office,Orange,199789,1982,0.92,3.2012,2.412,2.441,0.0671,0.386,5.5,0.431,1.0412,0.698,,Market / Lease-up Risk,1148.15,0.041,0.13012146504120883,0.0671,47.7079,0.03054,3.299,0.07101,46.4565
2021-06-30,OC-OFFI-214,Office,Santa Ana,99452,1955,0.781,1.8168,2.965,3.041,0.0706,0.308,3.6,0.012,0.3741,0.161,,Market / Lease-up Risk,2296.3,0.041,0.1515557509935611,0.0706,25.7337,-0.00019,1.8165,0.07203,25.2174
2021-06-30,OC-OFFI-218,Office,Costa Mesa,149509,1964,0.908,2.1606,2.003,2.074,0.077,0.303,2.3,0.26,0.9417,0.383,,Market / Lease-up Risk,3250.0,0.041,0.15035366293905145,0.077,28.0597,0.0194,2.2025,0.07217,30.5174
2021-06-30,OC-OFFI-22,Office,Costa Mesa,225156,1971,0.788,3.2156,2.839,2.919,0.0626,0.44,6.5,0.272,1.188,0.406,,Market / Lease-up Risk,3250.0,0.041,0.144576539970112,0.0626,51.3674,0.02433,3.2938,0.07223,45.5988
2021-06-30,OC-OFFI-222,Office,Fullerton,118772,1983,0.922,2.2202,2.937,3.023,0.0699,0.413,6.7,0.343,0.6493,0.702,,Market / Lease-up Risk,1500.0,0.041,0.1313989708500522,0.0699,31.7625,0.01435,2.2521,0.07066,31.872
2021-06-30,OC-OFFI-226,Office,Anaheim,240744,1986,0.765,4.8187,3.301,3.425,0.0753,0.326,5.3,0.403,0.7168,0.619,,Market / Lease-up Risk,950.98,0.041,0.1531089302008168,0.0753,63.9934,0.00017,4.8195,0.07101,67.8702
2021-06-30,OC-OFFI-230,Office,Irvine,126544,1983,0.816,1.6646,2.384,2.447,0.0677,0.425,2.1,0.082,0.6014,0.558,,Market / Lease-up Risk,1393.94,0.041,0.13591204463568093,0.0677,24.5879,0.02043,1.6986,0.07205,23.5741
2021-06-30,OC-OFFI-234,Office,Newport Beach,187807,1955,0.779,2.6717,2.743,2.793,0.0754,0.416,6.4,0.011,0.2882,0.123,,Market / Lease-up Risk,5400.0,0.041,0.1258365212236237,0.0754,35.4337,-0.00538,2.6573,0.07185,36.9826
2021-06-30,OC-OFFI-238,Office,Orange,224064,1975,0.765,3.5074,2.671,2.606,0.0656,0.328,5.6,0.469,0.3594,0.462,,Market / Lease-up Risk,1148.15,0.041,0.1482192391717147,0.0656,53.4665,0.01517,3.5606,0.07195,49.4873
2021-06-30,OC-OFFI-242,Office,Santa Ana,238024,1968,0.795,5.1376,3.412,3.327,0.0664,0.302,5.1,0.082,2.3431,0.408,,Market / Lease-up Risk,2296.3,0.041,0.14652002590457203,0.0664,77.3735,-0.01331,5.0692,0.07206,70.3505
2021-06-30,OC-OFFI-246,Office,Costa Mesa,228242,1955,0.883,5.0038,3.588,3.457,0.0692,0.393,4.4,0.344,0.6735,0.13,,Market / Lease-up Risk,3250.0,0.041,0.12972360868819216,0.0692,72.3092,-0.00041,5.0017,0.07162,69.8369
2021-06-30,OC-OFFI-250,Office,Fullerton,162232,1984,0.778,2.4493,2.9,3.01,0.0682,0.431,3.5,0.021,0.5251,0.645,,Market / Lease-up Risk,1500.0,0.041,0.12860873528898947,0.0682,35.9135,0.01032,2.4746,0.07203,34.3561
2021-06-30,OC-OFFI-254,Office,Anaheim,178088,1972,0.874,3.3728,2.867,2.85,0.0749,0.337,3.7,0.005,0.5062,0.37,,Market / Lease-up Risk,950.98,0.041,0.1282977901225042,0.0749,45.0307,0.0245,3.4554,0.07252,47.6507
2021-06-30,OC-OFFI-258,Office,Irvine,179269,1976,0.756,3.3202,3.1,2.988,0.0719,0.328,6.7,0.001,0.7656,0.548,,Market / Lease-up Risk,1393.94,0.041,0.1300721397912014,0.0719,46.178,0.01903,3.3834,0.07161,47.2491
2021-06-30,OC-OFFI-26,Office,Fullerton,250918,1964,0.891,1.5357,0.975,1.002,0.0754,0.382,3.9,0.334,0.6706,0.414,,Market / Lease-up Risk,1500.0,0.041,0.15466798522191585,0.0754,20.3674,0.01994,1.5663,0.07074,22.1408
2021-06-30,OC-OFFI-262,Office,Newport Beach,109372,1963,0.8,1.7303,2.525,2.466,0.0691,0.313,6.6,0.024,0.1675,0.402,,Market / Lease-up Risk,5400.0,0.041,0.1422988760713762,0.0691,25.0405,0.01612,1.7582,0.07192,24.4477
2021-06-30,OC-OFFI-266,Office,Orange,165838,1955,0.775,2.2306,2.576,2.481,0.0621,0.409,4.1,0.594,0.5271,0.14,,Market / Lease-up Risk,1148.15,0.041,0.11940374213947633,0.0621,35.9195,0.03431,2.3071,0.07307,31.5728
2021-06-30,OC-OFFI-270,Office,Santa Ana,110680,1994,0.867,3.4098,4.437,4.487,0.0673,0.319,6.2,0.105,1.3561,0.777,,Market / Lease-up Risk,2296.3,0.041,0.14076274305661637,0.0673,50.6657,-0.00622,3.3886,0.07321,46.2831
2021-06-30,OC-OFFI-274,Office,Costa Mesa,139863,1962,0.881,1.5451,1.913,1.921,0.07,0.425,6.3,0.055,0.2677,0.27,,Market / Lease-up Risk,3250.0,0.041,0.1231479119214238,0.07,22.0729,0.01193,1.5635,0.07215,21.672
2021-06-30,OC-OFFI-278,Office,Fullerton,174065,2001,0.833,3.4171,2.947,2.913,0.0613,0.32,6.2,0.378,0.6665,0.904,,Market / Lease-up Risk,1500.0,0.041,0.11987341910894372,0.0613,55.7439,0.02046,3.487,0.07099,49.1211
2021-06-30,OC-OFFI-282,Office,Anaheim,256956,1955,0.931,3.5323,2.005,1.928,0.0709,0.354,6.0,0.134,1.1187,0.098,,Market / Lease-up Risk,950.98,0.041,0.13082655108005367,0.0709,49.8209,0.03249,3.6471,0.07257,50.2529
2021-06-30,OC-OFFI-286,Office,Irvine,180816,1991,0.816,3.8181,3.578,3.454,0.0646,0.385,4.2,0.435,0.8487,0.855,,Market / Lease-up Risk,1393.94,0.041,0.156311763658017,0.0646,59.1037,0.03802,3.9633,0.07162,55.3366
2021-06-30,OC-OFFI-290,Office,Newport Beach,126173,1955,0.798,2.0724,2.931,3.013,0.0717,0.384,5.8,0.541,0.604,0.123,,Market / Lease-up Risk,5400.0,0.041,0.15641548066190686,0.0717,28.9038,0.00095,2.0744,0.07237,28.6619
2021-06-30,OC-OFFI-294,Office,Orange,117222,1966,0.887,1.8876,2.335,2.341,0.0619,0.318,5.1,0.01,0.8745,0.38,,Market / Lease-up Risk,1148.15,0.041,0.12291552117740744,0.0619,30.4943,0.03428,1.9523,0.07107,27.4687
2021-06-30,OC-OFFI-298,Office,Santa Ana,227507,1975,0.808,2.2793,1.917,1.849,0.0636,0.45,6.7,0.003,0.9989,0.547,,Market / Lease-up Risk,2296.3,0.041,0.14199308369871216,0.0636,35.8381,0.01943,2.3236,0.07211,32.2231
2021-06-30,OC-OFFI-30,Office,Anaheim,213766,1975,0.865,3.1054,2.501,2.433,0.0672,0.429,4.6,0.039,0.9985,0.58,,Market / Lease-up Risk,950.98,0.041,0.12256371556183007,0.0672,46.2113,0.03692,3.2201,0.07154,45.0093
2021-06-30,OC-OFFI-302,Office,Costa Mesa,209361,1963,0.846,3.7673,2.76,2.856,0.0647,0.324,6.2,0.482,0.657,0.436,,Market / Lease-up Risk,3250.0,0.041,0.10217762301155585,0.0647,58.2272,0.03903,3.9143,0.0723,54.1369
2021-06-30,OC-OFFI-306,Office,Fullerton,134271,1992,0.769,1.9616,2.706,2.767,0.0686,0.403,5.2,0.006,0.5314,0.754,,Market / Lease-up Risk,1500.0,0.041,0.13902634557243898,0.0686,28.5948,0.03784,2.0358,0.07203,28.2619
2021-06-30,OC-OFFI-310,Office,Anaheim,229885,1979,0.946,5.0394,2.885,2.997,0.063,0.317,2.1,0.706,0.6655,0.682,,Market / Lease-up Risk,950.98,0.041,0.14003260967623504,0.063,79.9905,0.06132,5.3484,0.07239,73.8795
2021-06-30,OC-OFFI-314,Office,Irvine,95941,1968,0.827,1.404,2.728,2.803,0.0716,0.431,4.3,0.302,0.4411,0.279,,Market / Lease-up Risk,1393.94,0.041,0.14164666589006805,0.0716,19.6089,0.03428,1.4521,0.07133,20.3566
2021-06-30,OC-OFFI-318,Office,Newport Beach,125898,1963,0.9,2.1388,2.845,2.868,0.0682,0.418,6.5,0.006,0.873,0.401,,Market / Lease-up Risk,5400.0,0.041,0.13851923656399828,0.0682,31.3607,0.0261,2.1946,0.07146,30.7099
2021-06-30,OC-OFFI-322,Office,Orange,242147,1957,0.812,2.7596,1.843,1.809,0.0675,0.332,3.9,0.149,0.5557,0.268,,Market / Lease-up Risk,1148.15,0.041,0.13947165244853152,0.0675,40.883,0.04054,2.8715,0.07179,39.9986
2021-06-30,OC-OFFI-326,Office,Santa Ana,118541,1985,0.832,1.6499,2.411,2.505,0.074,0.41,5.4,0.09,0.4775,0.714,,Market / Lease-up Risk,2296.3,0.041,0.1387493721864556,0.074,22.2959,0.01688,1.6778,0.07191,23.3305
2021-06-30,OC-OFFI-330,Office,Costa Mesa,155200,2000,0.884,2.8993,2.889,2.852,0.0752,0.378,6.0,0.239,0.8624,0.923,,Market / Lease-up Risk,3250.0,0.041,0.13589323628498945,0.0752,38.5545,0.01293,2.9368,0.07152,41.063
2021-06-30,OC-OFFI-334,Office,Fullerton,216498,1971,0.901,4.4889,3.187,3.146,0.073,0.386,4.6,0.094,1.9902,0.544,,Market / Lease-up Risk,1500.0,0.041,0.13011870603355777,0.073,61.4918,0.04718,4.7007,0.07155,65.6983
2021-06-30,OC-OFFI-338,Office,Anaheim,235838,1965,0.903,6.5586,4.241,4.393,0.0668,0.363,2.3,0.133,2.2601,0.45,,Market / Lease-up Risk,950.98,0.041,0.13951890067312417,0.0668,98.1826,0.02552,6.726,0.07319,91.9032
2021-06-30,OC-OFFI-34,Office,Irvine,153693,1980,0.887,3.6875,3.433,3.54,0.0664,0.33,5.4,0.159,0.9504,0.642,,Market / Lease-up Risk,1393.94,0.041,0.13552402263602445,0.0664,55.5346,0.03873,3.8303,0.07151,53.565
2021-06-30,OC-OFFI-342,Office,Irvine,230023,1967,0.867,4.3392,3.197,3.302,0.0769,0.403,3.4,0.018,1.2881,0.485,,Market / Lease-up Risk,1393.94,0.041,0.11848027948156448,0.0769,56.4265,0.01056,4.385,0.07162,61.2275
2021-06-30,OC-OFFI-346,Office,Newport Beach,205973,1971,0.842,2.5033,2.265,2.241,0.0711,0.441,2.6,0.15,1.0206,0.422,,Market / Lease-up Risk,5400.0,0.041,0.12734917710634244,0.0711,35.2082,0.01835,2.5492,0.07207,35.3736
2021-06-30,OC-OFFI-350,Office,Orange,97081,1955,0.757,1.786,3.094,3.035,0.0704,0.311,4.5,0.016,0.5018,0.005,,Market / Lease-up Risk,1148.15,0.041,0.1625088662707767,0.0704,25.3693,0.01128,1.8061,0.07167,25.2004
2021-06-30,OC-OFFI-354,Office,Santa Ana,251472,1964,0.822,3.5081,2.692,2.68,0.0627,0.447,2.9,0.35,1.086,0.293,,Market / Lease-up Risk,2296.3,0.041,0.12081221091292671,0.0627,55.9506,0.01077,3.5459,0.07248,48.9213
2021-06-30,OC-OFFI-358,Office,Costa Mesa,203577,1957,0.92,3.1873,2.661,2.754,0.0684,0.439,6.9,0.073,0.8777,0.322,,Market / Lease-up Risk,3250.0,0.041,0.11840481972159267,0.0684,46.598,0.01931,3.2489,0.0713,45.5669
2021-06-30,OC-OFFI-362,Office,Fullerton,135401,1962,0.828,2.7984,3.47,3.469,0.0701,0.369,4.4,0.148,0.345,0.364,,Market / Lease-up Risk,1500.0,0.041,0.13937059272960056,0.0701,39.9201,0.00828,2.8216,0.07198,39.1991
2021-06-30,OC-OFFI-366,Office,Anaheim,112846,1977,0.916,2.2698,3.205,3.297,0.0629,0.399,6.2,0.051,0.3573,0.491,,Market / Lease-up Risk,950.98,0.041,0.13493960597581522,0.0629,36.0859,0.01859,2.312,0.07269,31.8063
2021-06-30,OC-OFFI-370,Office,Irvine,161062,1974,0.843,2.8394,2.742,2.768,0.0708,0.331,5.0,0.077,0.7249,0.386,,Market / Lease-up Risk,1393.94,0.041,0.1491471233517517,0.0708,40.1045,0.00262,2.8468,0.0719,39.5922
2021-06-30,OC-OFFI-374,Office,Newport Beach,232560,1981,0.787,2.9853,2.375,2.347,0.0646,0.416,5.8,0.544,0.4567,0.728,,Market / Lease-up Risk,5400.0,0.041,0.13898644589598544,0.0646,46.2121,0.00622,3.0039,0.07136,42.0969
2021-06-30,OC-OFFI-378,Office,Orange,110696,1976,0.76,1.6633,2.869,2.948,0.0744,0.414,3.0,0.362,0.1784,0.595,,Market / Lease-up Risk,1148.15,0.041,0.12908476039121533,0.0744,22.3562,0.00699,1.6749,0.07236,23.1483
2021-06-30,OC-OFFI-38,Office,Newport Beach,117876,1982,0.757,1.1377,1.95,2.003,0.0757,0.444,6.0,0.094,0.4969,0.555,,Market / Lease-up Risk,5400.0,0.041,0.1175602107874859,0.0757,15.0291,0.02401,1.165,0.07208,16.1618
2021-06-30,OC-OFFI-382,Office,Santa Ana,108676,1964,0.862,1.7872,2.619,2.689,0.0647,0.361,2.7,0.045,0.3251,0.231,,Market / Lease-up Risk,2296.3,0.041,0.1235461785089381,0.0647,27.6229,-0.01282,1.7643,0.07314,24.1234
2021-06-30,OC-OFFI-386,Office,Costa Mesa,235131,1963,0.783,2.8724,2.418,2.503,0.0658,0.434,4.8,0.17,0.3066,0.428,,Market / Lease-up Risk,3250.0,0.041,0.14831733169607175,0.0658,43.6535,0.00205,2.8783,0.0719,40.0301
2021-06-30,OC-OFFI-390,Office,Fullerton,117563,1955,0.804,2.1109,3.201,3.251,0.0697,0.388,6.8,0.423,0.3075,0.195,,Market / Lease-up Risk,1500.0,0.041,0.14162920736653034,0.0697,30.2855,0.0245,2.1626,0.07134,30.313
2021-06-30,OC-OFFI-394,Office,Anaheim,257523,1969,0.937,6.0338,3.312,3.378,0.0702,0.358,5.8,0.092,2.8616,0.564,,Market / Lease-up Risk,950.98,0.041,0.1493410867646731,0.0702,85.9516,0.00085,6.0389,0.07182,84.0792
2021-06-30,OC-OFFI-398,Office,Irvine,103081,1973,0.8,2.0415,3.142,3.142,0.0666,0.33,2.6,0.182,0.5248,0.636,,Market / Lease-up Risk,1393.94,0.041,0.12968884545827578,0.0666,30.6532,-0.01628,2.0083,0.07227,27.7889
2021-06-30,OC-OFFI-42,Office,Orange,232291,1992,0.81,4.8419,3.266,3.206,0.0695,0.33,6.1,0.478,1.1478,0.733,,Market / Lease-up Risk,1148.15,0.041,0.14331959870506678,0.0695,69.6676,0.00755,4.8785,0.07202,67.7416
2021-06-30,OC-OFFI-46,Office,Santa Ana,254475,1990,0.777,4.5221,3.274,3.199,0.0635,0.406,6.4,0.216,1.0848,0.771,,Market / Lease-up Risk,2296.3,0.041,0.13540869674293643,0.0635,71.2142,0.0021,4.5316,0.07249,62.5161
2021-06-30,OC-OFFI-50,Office,Costa Mesa,218642,1987,0.795,4.0021,3.453,3.386,0.0619,0.433,3.6,0.084,0.4574,0.857,,Market / Lease-up Risk,3250.0,0.041,0.13089116621020383,0.0619,64.6543,0.02737,4.1116,0.07159,57.4346
2021-06-30,OC-OFFI-54,Office,Fullerton,238472,1981,0.861,4.9698,3.221,3.1,0.0703,0.361,6.6,0.288,0.5475,0.724,,Market / Lease-up Risk,1500.0,0.041,0.13888686142975498,0.0703,70.6942,0.00031,4.9714,0.07194,69.1067
2021-06-30,OC-OFFI-58,Office,Anaheim,154746,1976,0.841,3.0209,3.268,3.243,0.0636,0.396,6.2,0.446,1.4464,0.661,,Market / Lease-up Risk,950.98,0.041,0.1397838761133975,0.0636,47.4984,0.03236,3.1186,0.07158,43.5663
2021-06-30,OC-OFFI-62,Office,Irvine,208912,1971,0.756,3.2162,3.064,2.956,0.0743,0.417,3.4,0.704,0.263,0.344,,Market / Lease-up Risk,1393.94,0.041,0.13236081147651027,0.0743,43.2867,0.01561,3.2664,0.07212,45.2892
2021-06-30,OC-OFFI-66,Office,Newport Beach,143007,1956,0.932,1.7783,1.925,1.961,0.0721,0.392,5.5,0.051,0.3301,0.201,,Market / Lease-up Risk,5400.0,0.041,0.12942112670249334,0.0721,24.6644,0.0255,1.8236,0.07202,25.3217
2021-06-30,OC-OFFI-70,Office,Orange,196839,1969,0.79,3.6044,3.586,3.512,0.0629,0.433,3.3,0.623,1.5404,0.478,,Market / Lease-up Risk,1148.15,0.041,0.13564310047848893,0.0629,57.3037,0.01491,3.6582,0.07169,51.0262
2021-06-30,OC-OFFI-74,Office,Santa Ana,109888,1974,0.9,2.136,3.012,3.009,0.0693,0.371,2.4,0.228,0.9096,0.43,,Market / Lease-up Risk,2296.3,0.041,0.11775875810867047,0.0693,30.8225,0.02986,2.1998,0.07254,30.3266
2021-06-30,OC-OFFI-78,Office,Costa Mesa,227996,1980,0.75,3.6477,2.61,2.579,0.0671,0.305,3.8,0.033,0.5763,0.743,,Market / Lease-up Risk,3250.0,0.041,0.12956254343866327,0.0671,54.3621,0.02622,3.7433,0.07224,51.8161
2021-06-30,OC-OFFI-82,Office,Fullerton,119249,1984,0.869,1.1769,1.509,1.458,0.0761,0.36,6.1,0.128,0.1421,0.707,,Market / Lease-up Risk,1500.0,0.041,0.1521253115743707,0.0761,15.4652,0.01147,1.1904,0.07153,16.6419
2021-06-30,OC-OFFI-86,Office,Anaheim,251575,1974,0.809,6.4643,3.966,3.854,0.0628,0.319,4.7,0.306,0.7328,0.578,,Market / Lease-up Risk,950.98,0.041,0.1214596665376316,0.0628,102.9347,0.02348,6.6161,0.07209,91.7737
2021-06-30,OC-OFFI-90,Office,Irvine,224807,1964,0.834,3.321,2.543,2.453,0.066,0.389,3.2,0.568,0.8641,0.256,,Market / Lease-up Risk,1393.94,0.041,0.13870778926170385,0.066,50.3182,0.02815,3.4145,0.07159,47.6973
2021-06-30,OC-OFFI-94,Office,Newport Beach,122740,1969,0.908,1.8865,2.628,2.659,0.0672,0.435,3.7,0.504,0.417,0.472,,Market / Lease-up Risk,5400.0,0.041,0.1273857410865158,0.0672,28.0729,0.02439,1.9325,0.07215,26.7837
2021-06-30,OC-OFFI-98,Office,Orange,192481,1955,0.947,2.4743,2.008,2.071,0.0653,0.407,4.3,0.067,0.4888,0.127,,Market / Lease-up Risk,1148.15,0.041,0.1211976167612598,0.0653,37.8913,0.0254,2.5372,0.07121,35.6272
2021-06-30,OC-RETA-04,Retail,Anaheim,88637,1957,0.959,2.2663,3.766,3.645,0.0641,0.379,3.9,0.051,0.2586,0.228,,Market / Lease-up Risk,950.98,0.041,0.06590257018007362,0.0641,35.3557,0.04379,2.3655,0.06514,36.3156
2021-06-30,OC-RETA-08,Retail,Irvine,119271,1971,0.921,1.8942,2.189,2.203,0.0649,0.309,3.1,0.346,0.2647,0.35,,Market / Lease-up Risk,1393.94,0.041,0.05754432282554779,0.0649,29.1864,0.01998,1.932,0.0649,29.7679
2021-06-30,OC-RETA-100,Retail,Orange,48636,1989,0.901,0.8019,2.514,2.432,0.0591,0.381,2.3,0.113,0.1566,0.697,,Market / Lease-up Risk,1148.15,0.041,0.05526707329506589,0.0591,13.5685,0.02408,0.8212,0.0647,12.6919
2021-06-30,OC-RETA-104,Retail,Santa Ana,107814,1971,0.959,2.4037,3.084,3.172,0.0638,0.359,5.4,0.445,0.2313,0.528,,Market / Lease-up Risk,2296.3,0.041,0.07372425555950533,0.0638,37.6755,0.03351,2.4843,0.06602,37.6307
2021-06-30,OC-RETA-108,Retail,Costa Mesa,79014,1991,0.959,1.8889,3.178,3.125,0.0624,0.333,5.8,0.641,0.6111,0.935,,Market / Lease-up Risk,3250.0,0.041,0.07092403271237238,0.0624,30.2708,0.03474,1.9545,0.06532,29.923
2021-06-30,OC-RETA-112,Retail,Fullerton,53505,1981,0.917,0.6625,1.849,1.899,0.0643,0.379,2.8,0.101,0.2032,0.558,,Market / Lease-up Risk,1500.0,0.041,0.08017493055837831,0.0643,10.3033,0.04051,0.6893,0.06471,10.6525
2021-06-30,OC-RETA-116,Retail,Anaheim,141439,1988,0.88,3.8743,3.825,3.673,0.0668,0.308,5.7,0.064,0.4098,0.692,,Market / Lease-up Risk,950.98,0.041,0.04864671482336873,0.0668,57.9985,0.0092,3.91,0.06565,59.5596
2021-06-30,OC-RETA-12,Retail,Newport Beach,120707,1972,0.966,2.7068,3.451,3.582,0.0649,0.428,2.2,0.021,1.4044,0.506,,Market / Lease-up Risk,5400.0,0.041,0.07420123999286707,0.0649,41.7072,0.04125,2.8185,0.0647,43.5589
2021-06-30,OC-RETA-120,Retail,Irvine,31774,1958,0.905,0.928,4.244,4.119,0.0601,0.333,2.6,0.138,0.4761,0.224,,Market / Lease-up Risk,1393.94,0.041,0.0662765560070723,0.0601,15.4409,0.02228,0.9487,0.06478,14.6436
2021-06-30,OC-RETA-124,Retail,Newport Beach,138930,1974,0.956,2.8738,2.792,2.697,0.0647,0.341,4.9,0.23,0.4067,0.531,,Market / Lease-up Risk,5400.0,0.041,0.059635941517072764,0.0647,44.4173,0.03443,2.9727,0.06532,45.5136
2021-06-30,OC-RETA-128,Retail,Orange,151147,1983,0.932,3.3497,2.939,2.875,0.0684,0.312,3.5,0.196,1.3,0.553,,Market / Lease-up Risk,1148.15,0.041,0.07592726187338684,0.0684,48.9722,0.0324,3.4582,0.06484,53.3321
2021-06-30,OC-RETA-132,Retail,Santa Ana,40992,1979,0.961,1.0462,3.579,3.52,0.0602,0.369,4.5,0.546,0.5577,0.755,,Market / Lease-up Risk,2296.3,0.041,0.04485021531031127,0.0602,17.3787,-0.00063,1.0455,0.06523,16.0284
2021-06-30,OC-RETA-136,Retail,Costa Mesa,107762,1968,0.894,2.2435,3.114,3.181,0.0678,0.344,4.5,0.369,0.6615,0.447,,Market / Lease-up Risk,3250.0,0.041,0.04795744193075496,0.0678,33.09,0.03275,2.317,0.06579,35.2179
2021-06-30,OC-RETA-140,Retail,Fullerton,158718,1989,0.903,3.1381,2.726,2.778,0.0603,0.317,2.9,0.263,0.4052,0.847,,Market / Lease-up Risk,1500.0,0.041,0.057419361615492534,0.0603,52.0415,0.02192,3.2069,0.06439,49.8058
2021-06-30,OC-RETA-144,Retail,Anaheim,42126,1959,0.956,0.8497,3.23,3.34,0.0678,0.427,2.9,0.121,0.3475,0.342,,Market / Lease-up Risk,950.98,0.041,0.05616589143181685,0.0678,12.5324,0.01568,0.863,0.06488,13.3021
2021-06-30,OC-RETA-148,Retail,Irvine,70325,1979,0.88,0.7061,1.528,1.538,0.0663,0.365,2.4,0.302,0.1944,0.501,,Market / Lease-up Risk,1393.94,0.041,0.057722097681507684,0.0663,10.6501,0.0318,0.7286,0.06359,11.457
2021-06-30,OC-RETA-152,Retail,Newport Beach,69593,1994,0.918,1.1727,2.383,2.472,0.0655,0.345,2.2,0.376,0.5235,0.798,,Market / Lease-up Risk,5400.0,0.041,0.06373202225582406,0.0655,17.9038,0.02673,1.204,0.0651,18.4947
2021-06-30,OC-RETA-156,Retail,Orange,144943,1998,0.917,3.685,3.627,3.608,0.0623,0.35,3.2,0.11,1.4643,0.922,,Market / Lease-up Risk,1148.15,0.041,0.05567450904567934,0.0623,59.1493,0.04096,3.8359,0.06424,59.7143
2021-06-30,OC-RETA-16,Retail,Orange,152877,1985,0.966,3.3957,2.901,2.791,0.0636,0.326,5.1,0.285,1.7811,0.758,,Market / Lease-up Risk,1148.15,0.041,0.07465058285385284,0.0636,53.3915,0.03545,3.5161,0.06534,53.8102
2021-06-30,OC-RETA-160,Retail,Santa Ana,126769,1955,0.893,2.4631,2.959,2.925,0.0698,0.355,3.3,0.399,0.3446,0.04,,Market / Lease-up Risk,2296.3,0.041,0.07104944638087779,0.0698,35.288,0.04554,2.5753,0.06444,39.9616
2021-06-30,OC-RETA-164,Retail,Costa Mesa,79772,1987,0.965,1.3896,2.46,2.525,0.0644,0.376,2.2,0.009,0.7415,0.758,,Market / Lease-up Risk,3250.0,0.041,0.06692958686359682,0.0644,21.5776,0.04528,1.4525,0.06535,22.2252
2021-06-30,OC-RETA-168,Retail,Fullerton,120108,1963,0.934,2.1112,2.49,2.53,0.0626,0.337,2.5,0.094,0.9199,0.379,,Market / Lease-up Risk,1500.0,0.041,0.05939713758583794,0.0626,33.7252,0.02184,2.1573,0.06557,32.8986
2021-06-30,OC-RETA-172,Retail,Anaheim,71186,1955,0.959,2.0401,3.936,3.976,0.0676,0.334,4.5,0.247,0.3709,0.173,,Market / Lease-up Risk,950.98,0.041,0.06437995807970359,0.0676,30.179,0.03099,2.1033,0.06474,32.4892
2021-06-30,OC-RETA-176,Retail,Irvine,122441,1962,0.886,2.9265,3.854,3.851,0.0672,0.386,5.8,0.077,1.2961,0.391,,Market / Lease-up Risk,1393.94,0.041,0.06583831078239931,0.0672,43.5491,0.02415,2.9972,0.0651,46.0409
2021-06-30,OC-RETA-180,Retail,Newport Beach,132807,1964,0.956,2.7971,2.893,2.848,0.0684,0.332,3.4,0.704,0.2924,0.331,,Market / Lease-up Risk,5400.0,0.041,0.08067133612351013,0.0684,40.8933,0.03267,2.8885,0.06547,44.1165
2021-06-30,OC-RETA-184,Retail,Orange,155374,1955,0.904,2.7115,2.758,2.648,0.0674,0.386,4.7,0.291,0.9485,0.049,,Market / Lease-up Risk,1148.15,0.041,0.06529981402330749,0.0674,40.23,0.01295,2.7466,0.06528,42.0737
2021-06-30,OC-RETA-188,Retail,Santa Ana,43795,1967,0.919,1.1048,3.578,3.673,0.0666,0.327,2.6,0.538,0.4608,0.264,,Market / Lease-up Risk,2296.3,0.041,0.04329558657506479,0.0666,16.5886,0.03054,1.1385,0.06467,17.6058
2021-06-30,OC-RETA-192,Retail,Costa Mesa,47441,1984,0.92,0.9977,3.278,3.22,0.0668,0.407,3.4,0.021,0.1968,0.828,,Market / Lease-up Risk,3250.0,0.041,0.06281013731536543,0.0668,14.9356,0.03559,1.0332,0.06524,15.8373
2021-06-30,OC-RETA-196,Retail,Fullerton,145338,1955,0.955,3.2504,3.175,3.104,0.0683,0.353,4.5,0.364,0.5379,0.243,,Market / Lease-up Risk,1500.0,0.041,0.07469867214176745,0.0683,47.59,0.02544,3.3331,0.06494,51.3238
2021-06-30,OC-RETA-20,Retail,Santa Ana,155633,1972,0.925,3.6594,3.207,3.181,0.0602,0.326,3.5,0.347,1.631,0.558,,Market / Lease-up Risk,2296.3,0.041,0.06141308257741367,0.0602,60.7874,0.03118,3.7735,0.06538,57.7151
2021-06-30,OC-RETA-200,Retail,Anaheim,57077,1984,0.927,0.9712,2.597,2.696,0.064,0.399,3.2,0.324,0.3409,0.665,,Market / Lease-up Risk,950.98,0.041,0.09407803235817043,0.064,15.175,0.03373,1.004,0.06453,15.5588
2021-06-30,OC-RETA-204,Retail,Irvine,83320,1979,0.892,1.8396,3.479,3.575,0.0683,0.395,4.5,0.408,0.5271,0.673,,Market / Lease-up Risk,1393.94,0.041,0.07574595223433452,0.0683,26.9341,0.01473,1.8667,0.06531,28.5814
2021-06-30,OC-RETA-208,Retail,Newport Beach,128398,1968,0.931,2.013,2.569,2.583,0.063,0.425,4.6,0.032,0.8566,0.352,,Market / Lease-up Risk,5400.0,0.041,0.07495875685270059,0.063,31.9524,0.02395,2.0612,0.06625,31.1137
2021-06-30,OC-RETA-212,Retail,Orange,150290,1997,0.908,3.2477,2.95,2.911,0.0646,0.314,3.2,0.415,0.8715,0.835,,Market / Lease-up Risk,1148.15,0.041,0.05239620232497104,0.0646,50.274,0.03615,3.3651,0.06476,51.9661
2021-06-30,OC-RETA-216,Retail,Santa Ana,105645,1966,0.934,3.1835,4.478,4.45,0.0645,0.368,5.7,0.034,1.5928,0.452,,Market / Lease-up Risk,2296.3,0.041,0.041409318208059404,0.0645,49.3566,0.03813,3.3049,0.06511,50.7576
2021-06-30,OC-RETA-220,Retail,Costa Mesa,86474,1971,0.942,1.5782,2.653,2.75,0.0613,0.379,3.5,0.273,0.505,0.575,,Market / Lease-up Risk,3250.0,0.041,0.09281015627703995,0.0613,25.7455,0.00417,1.5848,0.06493,24.4059
2021-06-30,OC-RETA-224,Retail,Fullerton,145756,1998,0.942,3.369,3.147,3.185,0.0625,0.337,4.5,0.084,1.3054,0.862,,Market / Lease-up Risk,1500.0,0.041,0.06446322362521478,0.0625,53.904,0.04206,3.5107,0.066,53.1927
2021-06-30,OC-RETA-228,Retail,Anaheim,47904,1963,0.941,1.3194,4.018,4.153,0.0605,0.361,3.5,0.594,0.3865,0.293,,Market / Lease-up Risk,950.98,0.041,0.054068147691291174,0.0605,21.8083,0.04001,1.3722,0.06505,21.0933
2021-06-30,OC-RETA-232,Retail,Irvine,98092,1994,0.952,1.1737,1.895,1.835,0.0627,0.436,5.9,0.1,0.4068,0.88,,Market / Lease-up Risk,1393.94,0.041,0.06771294202442767,0.0627,18.7193,0.0371,1.2172,0.06482,18.7788
2021-06-30,OC-RETA-236,Retail,Newport Beach,52343,1989,0.967,1.6177,4.448,4.583,0.0636,0.389,3.4,0.134,0.7872,0.897,,Market / Lease-up Risk,5400.0,0.041,0.05447226393636781,0.0636,25.4355,0.03315,1.6713,0.06565,25.4578
2021-06-30,OC-RETA-24,Retail,Costa Mesa,82320,1992,0.968,1.6878,2.977,3.029,0.0666,0.395,3.0,0.616,0.806,0.728,,Market / Lease-up Risk,3250.0,0.041,0.03928276180742858,0.0666,25.3423,0.02419,1.7286,0.06487,26.6469
2021-06-30,OC-RETA-240,Retail,Orange,79533,1955,0.934,1.9867,4.212,4.158,0.0606,0.443,2.0,0.375,0.7426,0.095,,Market / Lease-up Risk,1148.15,0.041,0.06504610409676949,0.0606,32.7838,0.01648,2.0194,0.0648,31.1631
2021-06-30,OC-RETA-244,Retail,Santa Ana,49825,1985,0.894,1.2272,3.866,3.801,0.0658,0.394,5.3,0.01,0.5789,0.822,,Market / Lease-up Risk,2296.3,0.041,0.07236703145327439,0.0658,18.6505,0.00803,1.2371,0.06482,19.0839
2021-06-30,OC-RETA-248,Retail,Costa Mesa,54937,1962,0.954,1.1016,2.653,2.627,0.0656,0.305,4.0,0.13,0.3955,0.179,,Market / Lease-up Risk,3250.0,0.041,0.06622118793727516,0.0656,16.7927,0.02566,1.1299,0.06396,17.6663
2021-06-30,OC-RETA-252,Retail,Fullerton,131808,1976,0.937,3.1284,3.491,3.536,0.061,0.383,5.9,0.247,0.7165,0.631,,Market / Lease-up Risk,1500.0,0.041,0.0460047278428438,0.061,51.2852,0.02615,3.2102,0.06517,49.2621
2021-06-30,OC-RETA-256,Retail,Anaheim,149168,1993,0.921,2.4052,2.621,2.71,0.0638,0.432,4.0,0.585,0.5825,0.741,,Market / Lease-up Risk,950.98,0.041,0.06320553536401063,0.0638,37.6991,0.02263,2.4596,0.06498,37.8514
2021-06-30,OC-RETA-260,Retail,Irvine,49241,1970,0.911,0.7181,2.157,2.165,0.0688,0.349,2.4,0.327,0.12,0.444,,Market / Lease-up Risk,1393.94,0.041,0.060317556809661756,0.0688,10.4375,0.03975,0.7466,0.06482,11.5186
2021-06-30,OC-RETA-264,Retail,Newport Beach,96251,1973,0.922,1.7819,2.643,2.589,0.0683,0.354,3.6,0.058,0.3626,0.508,,Market / Lease-up Risk,5400.0,0.041,0.0663715143418838,0.0683,26.0893,0.00442,1.7898,0.06539,27.371
2021-06-30,OC-RETA-268,Retail,Orange,103843,1989,0.92,2.204,3.541,3.418,0.0627,0.446,2.5,0.103,0.3442,0.879,,Market / Lease-up Risk,1148.15,0.041,0.07363014196882876,0.0627,35.1515,0.0313,2.273,0.06443,35.277
2021-06-30,OC-RETA-272,Retail,Santa Ana,87237,1967,0.951,1.5582,2.769,2.707,0.061,0.405,4.5,0.151,0.5343,0.419,,Market / Lease-up Risk,2296.3,0.041,0.06456884557505052,0.061,25.5443,0.04464,1.6278,0.06509,25.0076
2021-06-30,OC-RETA-276,Retail,Costa Mesa,149421,1955,0.914,3.3862,3.143,3.027,0.0662,0.308,4.5,0.331,0.686,0.212,,Market / Lease-up Risk,3250.0,0.041,0.07888471416378966,0.0662,51.1511,0.02676,3.4768,0.06484,53.6183
2021-06-30,OC-RETA-28,Retail,Fullerton,31074,1966,0.966,0.5574,2.878,2.81,0.0678,0.434,3.2,0.014,0.1166,0.492,,Market / Lease-up Risk,1500.0,0.041,0.06738159187873569,0.0678,8.2212,0.03508,0.577,0.06513,8.8589
2021-06-30,OC-RETA-280,Retail,Fullerton,109732,1967,0.936,2.3735,2.955,2.978,0.0601,0.314,4.9,0.55,0.9269,0.351,,Market / Lease-up Risk,1500.0,0.041,0.07035845176144041,0.0601,39.4925,0.033,2.4518,0.0655,37.4342
2021-06-30,OC-RETA-284,Retail,Anaheim,119095,1969,0.9,1.7689,2.089,2.137,0.0672,0.307,2.6,0.121,0.5793,0.283,,Market / Lease-up Risk,950.98,0.041,0.07216256175168322,0.0672,26.3229,0.01975,1.8038,0.06539,27.5854
2021-06-30,OC-RETA-288,Retail,Irvine,85834,1969,0.912,1.6234,2.997,3.046,0.069,0.393,5.8,0.358,0.5403,0.315,,Market / Lease-up Risk,1393.94,0.041,0.06491849146612304,0.069,23.5275,0.00527,1.632,0.06586,24.7777
2021-06-30,OC-RETA-292,Retail,Newport Beach,143630,1966,0.928,2.4296,2.479,2.447,0.0669,0.355,2.7,0.104,1.0465,0.372,,Market / Lease-up Risk,5400.0,0.041,0.08309441437609459,0.0669,36.3169,0.00452,2.4406,0.06537,37.335
2021-06-30,OC-RETA-296,Retail,Orange,85674,1966,0.941,1.5086,2.355,2.444,0.0644,0.303,4.6,0.109,0.5151,0.419,,Market / Lease-up Risk,1148.15,0.041,0.08408945161205819,0.0644,23.4255,0.04093,1.5704,0.06471,24.2684
2021-06-30,OC-RETA-300,Retail,Santa Ana,78933,1972,0.961,1.8916,3.97,3.823,0.0667,0.449,3.9,0.352,0.827,0.346,,Market / Lease-up Risk,2296.3,0.041,0.0696841643449749,0.0667,28.3598,-0.01507,1.8631,0.06631,28.0983
2021-06-30,OC-RETA-304,Retail,Costa Mesa,98265,1960,0.9,1.3197,2.091,2.156,0.0614,0.374,5.0,0.031,0.5628,0.211,,Market / Lease-up Risk,3250.0,0.041,0.06026115193208201,0.0614,21.4935,0.02538,1.3532,0.06527,20.7332
2021-06-30,OC-RETA-308,Retail,Fullerton,89337,1989,0.883,2.0131,3.472,3.488,0.0612,0.375,3.4,0.121,0.2996,0.867,,Market / Lease-up Risk,1500.0,0.041,0.07417442103761136,0.0612,32.8938,0.03844,2.0905,0.06473,32.2942
2021-06-30,OC-RETA-312,Retail,Anaheim,132696,1994,0.917,2.9408,3.501,3.44,0.0632,0.413,2.7,0.043,0.7236,0.815,,Market / Lease-up Risk,950.98,0.041,0.06068005549911018,0.0632,46.5316,0.04312,3.0676,0.06571,46.6816
2021-06-30,OC-RETA-316,Retail,Irvine,146910,1977,0.91,2.8982,2.823,2.857,0.066,0.347,4.6,0.592,0.5255,0.593,,Market / Lease-up Risk,1393.94,0.041,0.06363580135815748,0.066,43.9121,0.0278,2.9788,0.06554,45.4517
2021-06-30,OC-RETA-32,Retail,Anaheim,106804,1959,0.942,1.9298,2.896,2.981,0.0647,0.419,3.5,0.09,0.3624,0.295,,Market / Lease-up Risk,950.98,0.041,0.03902379321776256,0.0647,29.8269,0.03485,1.997,0.06483,30.8032
2021-06-30,OC-RETA-320,Retail,Newport Beach,153424,1983,0.894,2.4646,2.603,2.624,0.0595,0.413,5.3,0.007,0.477,0.656,,Market / Lease-up Risk,5400.0,0.041,0.06332398795056186,0.0595,41.4218,0.04717,2.5809,0.06448,40.0284
2021-06-30,OC-RETA-324,Retail,Orange,83905,1955,0.917,2.0281,3.919,3.94,0.0641,0.41,4.0,0.177,0.2026,0.212,,Market / Lease-up Risk,1148.15,0.041,0.05080597488944322,0.0641,31.6396,0.041,2.1113,0.06438,32.7954
2021-06-30,OC-RETA-328,Retail,Santa Ana,100290,1976,0.884,1.9061,3.042,3.147,0.0648,0.399,5.3,0.035,0.6155,0.527,,Market / Lease-up Risk,2296.3,0.041,0.08151461580750077,0.0648,29.4151,0.02004,1.9443,0.06504,29.8929
2021-06-30,OC-RETA-332,Retail,Costa Mesa,143081,1961,0.926,3.907,3.804,3.782,0.0683,0.32,2.4,0.588,0.5062,0.297,,Market / Lease-up Risk,3250.0,0.041,0.06716662434120571,0.0683,57.2035,0.0433,4.0762,0.06483,62.8732
2021-06-30,OC-RETA-336,Retail,Fullerton,117645,1983,0.916,2.5053,2.886,2.789,0.0672,0.315,5.7,0.154,0.6716,0.737,,Market / Lease-up Risk,1500.0,0.041,0.06572318672571167,0.0672,37.2812,0.02383,2.565,0.06587,38.9418
2021-06-30,OC-RETA-340,Retail,Anaheim,139727,1957,0.883,2.5226,2.588,2.618,0.0639,0.307,3.3,0.055,0.2755,0.236,,Market / Lease-up Risk,950.98,0.041,0.048124118028121145,0.0639,39.4773,0.02325,2.5813,0.06586,39.1949
2021-06-30,OC-RETA-344,Retail,Irvine,49038,1977,0.929,1.2082,4.06,3.995,0.0611,0.427,4.3,0.606,0.27,0.454,,Market / Lease-up Risk,1393.94,0.041,0.06855572168675302,0.0611,19.7741,0.02103,1.2336,0.06499,18.9829
2021-06-30,OC-RETA-348,Retail,Newport Beach,90720,1966,0.891,0.6839,1.18,1.167,0.0643,0.371,4.8,0.058,0.2613,0.346,,Market / Lease-up Risk,5400.0,0.041,0.06643884388348538,0.0643,10.6361,0.04009,0.7113,0.06525,10.9011
2021-06-30,OC-RETA-352,Retail,Orange,48151,1968,0.926,1.1033,3.269,3.399,0.0597,0.336,2.1,0.476,0.294,0.342,,Market / Lease-up Risk,1148.15,0.041,0.08269473295545131,0.0597,18.4807,0.0354,1.1424,0.0647,17.6551
2021-06-30,OC-RETA-356,Retail,Santa Ana,72373,1980,0.959,1.3428,2.917,2.886,0.0607,0.436,3.9,0.348,0.1376,0.675,,Market / Lease-up Risk,2296.3,0.041,0.06025055994878875,0.0607,22.1219,0.03891,1.395,0.06455,21.6112
2021-06-30,OC-RETA-36,Retail,Irvine,61860,1970,0.968,0.8981,1.95,2.011,0.0636,0.346,2.8,0.172,0.0923,0.542,,Market / Lease-up Risk,1393.94,0.041,0.0710701348796903,0.0636,14.1211,0.03842,0.9326,0.06522,14.2994
2021-06-30,OC-RETA-360,Retail,Costa Mesa,128049,1979,0.964,3.2018,4.003,3.934,0.0604,0.449,3.9,0.185,0.7343,0.731,,Market / Lease-up Risk,3250.0,0.041,0.05486074331713009,0.0604,53.0099,0.04991,3.3616,0.0654,51.4039
2021-06-30,OC-RETA-364,Retail,Fullerton,37597,1962,0.949,0.7136,3.144,3.051,0.0645,0.442,3.7,0.071,0.1469,0.208,,Market / Lease-up Risk,1500.0,0.041,0.07189926349876948,0.0645,11.0636,0.04438,0.7453,0.06517,11.4352
2021-06-30,OC-RETA-368,Retail,Anaheim,89646,1984,0.947,1.957,3.345,3.239,0.0629,0.414,4.0,0.203,0.8627,0.572,,Market / Lease-up Risk,950.98,0.041,0.053973392584464604,0.0629,31.1129,0.02734,2.0105,0.0644,31.2197
2021-06-30,OC-RETA-372,Retail,Irvine,117215,1995,0.953,2.579,2.939,2.969,0.0659,0.332,3.7,0.225,0.7506,0.83,,Market / Lease-up Risk,1393.94,0.041,0.05436031840202503,0.0659,39.1351,0.04826,2.7035,0.06524,41.4413
2021-06-30,OC-RETA-376,Retail,Newport Beach,131975,1984,0.953,3.1182,3.738,3.842,0.0659,0.436,2.4,0.015,0.9316,0.818,,Market / Lease-up Risk,5400.0,0.041,0.05618463382901365,0.0659,47.3171,0.0372,3.2342,0.06484,49.8834
2021-06-30,OC-RETA-380,Retail,Orange,101296,1960,0.967,1.8879,3.019,3.136,0.0619,0.44,2.1,0.491,1.0332,0.207,,Market / Lease-up Risk,1148.15,0.041,0.07165328994121856,0.0619,30.4992,0.05506,1.9918,0.06471,30.7827
2021-06-30,OC-RETA-384,Retail,Santa Ana,92632,1983,0.895,1.5528,2.839,2.805,0.0599,0.439,3.8,0.246,0.5914,0.769,,Market / Lease-up Risk,2296.3,0.041,0.05394176197186921,0.0599,25.9232,0.04527,1.6231,0.06544,24.8028
2021-06-30,OC-RETA-388,Retail,Costa Mesa,74220,1995,0.904,1.6689,3.818,3.683,0.0639,0.446,2.4,0.299,0.5181,0.819,,Market / Lease-up Risk,3250.0,0.041,0.07350907151225264,0.0639,26.1174,0.0428,1.7403,0.06509,26.7391
2021-06-30,OC-RETA-392,Retail,Fullerton,61287,1983,0.918,1.4726,4.003,4.037,0.0636,0.444,2.6,0.161,0.3838,0.775,,Market / Lease-up Risk,1500.0,0.041,0.06630425516029458,0.0636,23.1541,0.02848,1.5145,0.06482,23.3663
2021-06-30,OC-RETA-396,Retail,Anaheim,92974,1988,0.956,1.54,2.154,2.097,0.0624,0.316,5.7,0.031,0.7382,0.7,,Market / Lease-up Risk,950.98,0.041,0.06879893271832681,0.0624,24.6795,0.04733,1.6129,0.06481,24.8868
2021-06-30,OC-RETA-40,Retail,Newport Beach,33321,1961,0.932,0.7424,3.758,3.828,0.063,0.442,5.0,0.4,0.19,0.227,,Market / Lease-up Risk,5400.0,0.041,0.09323014322949051,0.063,11.7841,-0.0069,0.7373,0.06553,11.251
2021-06-30,OC-RETA-400,Retail,Irvine,112808,1977,0.897,2.2972,2.853,2.759,0.0629,0.302,3.6,0.308,1.2096,0.438,,Market / Lease-up Risk,1393.94,0.041,0.0776846761998993,0.0629,36.5215,0.05247,2.4177,0.06464,37.4035
2021-06-30,OC-RETA-44,Retail,Orange,159275,1986,0.898,3.4103,3.163,3.117,0.0596,0.359,2.9,0.296,1.9159,0.655,,Market / Lease-up Risk,1148.15,0.041,0.06762173589996247,0.0596,57.2198,0.03355,3.5247,0.0652,54.0642
2021-06-30,OC-RETA-48,Retail,Santa Ana,92955,1957,0.964,1.7767,2.739,2.713,0.0687,0.365,4.0,0.075,0.273,0.284,,Market / Lease-up Risk,2296.3,0.041,0.06853270021927524,0.0687,25.8617,0.0584,1.8805,0.06496,28.9463
2021-06-30,OC-RETA-52,Retail,Costa Mesa,47844,1955,0.946,1.0917,3.712,3.58,0.0643,0.43,4.6,0.047,0.1873,0.237,,Market / Lease-up Risk,3250.0,0.041,0.06349738481630254,0.0643,16.9782,0.03636,1.1314,0.06383,17.7263
2021-06-30,OC-RETA-56,Retail,Fullerton,36169,1958,0.892,0.893,3.854,3.9,0.0672,0.37,4.3,0.045,0.4333,0.21,,Market / Lease-up Risk,1500.0,0.041,0.06447685293011135,0.0672,13.2887,0.03152,0.9211,0.06452,14.2758
2021-06-30,OC-RETA-60,Retail,Anaheim,61763,1985,0.905,1.4953,3.628,3.625,0.0598,0.373,2.5,0.838,0.3249,0.738,,Market / Lease-up Risk,950.98,0.041,0.06997291596221158,0.0598,25.005,0.01939,1.5243,0.06441,23.6664
2021-06-30,OC-RETA-64,Retail,Irvine,97701,1964,0.96,2.5141,4.169,4.042,0.0645,0.436,3.5,0.076,0.4999,0.411,,Market / Lease-up Risk,1393.94,0.041,0.06892887820900392,0.0645,38.9783,0.02584,2.5791,0.06467,39.8796
2021-06-30,OC-RETA-68,Retail,Newport Beach,119245,1988,0.915,3.0129,3.448,3.53,0.0661,0.319,3.5,0.401,0.394,0.719,,Market / Lease-up Risk,5400.0,0.041,0.0631524466139031,0.0661,45.5809,0.0034,3.0231,0.0653,46.297
2021-06-30,OC-RETA-72,Retail,Orange,47924,1970,0.882,0.7734,2.5,2.541,0.0616,0.358,5.1,0.117,0.3556,0.3,,Market / Lease-up Risk,1148.15,0.041,0.07883678395915057,0.0616,12.5552,0.0497,0.8118,0.06487,12.5151
2021-06-30,OC-RETA-76,Retail,Santa Ana,146925,1955,0.904,4.2167,4.169,4.104,0.0632,0.332,4.7,0.136,1.7754,0.103,,Market / Lease-up Risk,2296.3,0.041,0.06866379853025355,0.0632,66.7199,0.02529,4.3233,0.06494,66.5768
2021-06-30,OC-RETA-80,Retail,Costa Mesa,129615,1986,0.919,2.038,2.487,2.448,0.063,0.415,4.3,0.217,0.551,0.743,,Market / Lease-up Risk,3250.0,0.041,0.08790359945693754,0.063,32.3492,0.03371,2.1067,0.0658,32.0163
2021-06-30,OC-RETA-84,Retail,Fullerton,85693,1991,0.949,1.5192,2.63,2.533,0.0612,0.396,4.3,0.262,0.4058,0.728,,Market / Lease-up Risk,1500.0,0.041,0.05666637365738308,0.0612,24.8235,0.01371,1.54,0.06471,23.7989
2021-06-30,OC-RETA-88,Retail,Anaheim,45901,1969,0.916,1.0033,3.157,3.279,0.0654,0.337,5.9,0.102,0.4584,0.313,,Market / Lease-up Risk,950.98,0.041,0.05489182826629707,0.0654,15.341,0.02832,1.0317,0.06546,15.7609
2021-06-30,OC-RETA-92,Retail,Irvine,62191,1994,0.916,1.3474,2.962,3.027,0.0616,0.321,5.0,0.012,0.3796,0.838,,Market / Lease-up Risk,1393.94,0.041,0.07138993838202036,0.0616,21.8734,0.02594,1.3823,0.06388,21.6393
2021-06-30,OC-RETA-96,Retail,Newport Beach,114668,1979,0.962,2.092,2.344,2.381,0.0631,0.312,5.7,0.368,0.715,0.501,,Market / Lease-up Risk,5400.0,0.041,0.06333555296132574,0.0631,33.1537,0.03817,2.1719,0.0648,33.5144
2022-06-30,OC-INDU-01,Industrial,Anaheim,141821,1961,0.968,1.1902,1.154,1.159,0.0525,0.341,6.8,0.146,0.1689,0.188,,Market / Lease-up Risk,950.98,0.04,0.04747404250373419,0.0525,22.6705,0.0643,1.2667,0.0551,22.988
2022-06-30,OC-INDU-05,Industrial,Irvine,123917,1955,0.98,1.9942,2.109,2.064,0.0571,0.317,7.5,0.294,0.72,0.206,,Market / Lease-up Risk,1393.94,0.04,0.0639734001861182,0.0571,34.9247,0.01635,2.0268,0.05493,36.8973
2022-06-30,OC-INDU-09,Industrial,Newport Beach,162724,1987,0.962,1.9012,1.682,1.671,0.0576,0.386,5.0,0.265,0.3581,0.777,,Market / Lease-up Risk,5400.0,0.04,0.04365064072386129,0.0576,33.0069,0.03149,1.9611,0.05514,35.5633
2022-06-30,OC-INDU-101,Industrial,Santa Ana,104680,1966,0.943,1.069,1.565,1.588,0.0544,0.393,2.7,0.523,0.3444,0.277,,Market / Lease-up Risk,2296.3,0.04,0.057663972511684446,0.0544,19.6507,0.0335,1.1048,0.05492,20.1172
2022-06-30,OC-INDU-105,Industrial,Costa Mesa,213797,1970,0.973,2.5411,1.544,1.566,0.0568,0.306,6.6,0.003,0.8352,0.412,,Market / Lease-up Risk,3250.0,0.04,0.0617544415863636,0.0568,44.7377,0.03428,2.6282,0.05452,48.2096
2022-06-30,OC-INDU-109,Industrial,Fullerton,215960,1970,0.944,1.7832,1.38,1.368,0.0539,0.444,2.7,0.115,0.8425,0.302,,Market / Lease-up Risk,1500.0,0.04,0.074357159867493,0.0539,33.0835,0.04958,1.8716,0.05458,34.2919
2022-06-30,OC-INDU-113,Industrial,Anaheim,163668,1955,0.945,2.0694,1.893,1.875,0.0565,0.38,7.0,0.129,0.444,0.239,,Market / Lease-up Risk,950.98,0.04,0.062383838938906123,0.0565,36.6265,0.02781,2.127,0.05463,38.9308
2022-06-30,OC-INDU-117,Industrial,Irvine,127569,1978,0.991,1.4296,1.541,1.523,0.0519,0.376,2.3,0.028,0.6324,0.591,,Market / Lease-up Risk,1393.94,0.04,0.058032621152579844,0.0519,27.5453,0.02657,1.4676,0.05588,26.2617
2022-06-30,OC-INDU-121,Industrial,Newport Beach,170386,1975,0.977,1.2631,1.07,1.095,0.0561,0.397,6.0,0.608,0.3322,0.527,,Market / Lease-up Risk,5400.0,0.04,0.05230177998168779,0.0561,22.5152,0.02978,1.3007,0.05437,23.923
2022-06-30,OC-INDU-125,Industrial,Orange,74569,1986,0.965,0.6314,1.117,1.144,0.058,0.332,6.8,0.034,0.3186,0.652,,Market / Lease-up Risk,1148.15,0.04,0.052638487388174574,0.058,10.8862,0.03143,0.6512,0.05484,11.8761
2022-06-30,OC-INDU-129,Industrial,Santa Ana,64174,1955,0.937,0.8221,1.738,1.693,0.0513,0.31,7.6,0.314,0.2785,0.088,,Market / Lease-up Risk,2296.3,0.04,0.06294813703580265,0.0513,16.0253,0.05861,0.8703,0.05468,15.916
2022-06-30,OC-INDU-13,Industrial,Orange,143253,1980,0.985,1.5063,1.557,1.524,0.0552,0.417,6.0,0.329,0.4946,0.628,,Market / Lease-up Risk,1148.15,0.04,0.04060540868180794,0.0552,27.288,0.03865,1.5645,0.05436,28.7794
2022-06-30,OC-INDU-133,Industrial,Costa Mesa,62769,1998,0.941,0.6379,1.586,1.616,0.0511,0.421,3.7,0.044,0.1063,0.88,,Market / Lease-up Risk,3250.0,0.04,0.05497893277985442,0.0511,12.4834,0.03099,0.6577,0.0549,11.9802
2022-06-30,OC-INDU-137,Industrial,Fullerton,199471,1969,0.96,2.7206,1.894,1.959,0.058,0.342,5.0,0.263,0.3201,0.408,,Market / Lease-up Risk,1500.0,0.04,0.052440310279058946,0.058,46.9069,0.01472,2.7607,0.05495,50.2395
2022-06-30,OC-INDU-141,Industrial,Anaheim,159504,1963,0.943,1.8627,1.835,1.843,0.0544,0.408,3.7,0.459,0.9672,0.298,,Market / Lease-up Risk,950.98,0.04,0.05407948768257849,0.0544,34.2408,0.03945,1.9362,0.05523,35.055
2022-06-30,OC-INDU-145,Industrial,Irvine,215420,1980,0.951,1.759,1.069,1.059,0.0579,0.317,2.9,0.538,0.161,0.653,,Market / Lease-up Risk,1393.94,0.04,0.05523937783166734,0.0579,30.38,0.03668,1.8235,0.05516,33.0597
2022-06-30,OC-INDU-149,Industrial,Newport Beach,67651,1977,0.963,0.6295,1.292,1.308,0.0517,0.364,3.6,0.04,0.0814,0.669,,Market / Lease-up Risk,5400.0,0.04,0.06995358682529562,0.0517,12.176,0.02124,0.6429,0.05525,11.6354
2022-06-30,OC-INDU-153,Industrial,Orange,199594,1996,0.955,2.1568,1.562,1.509,0.0488,0.384,6.5,0.279,1.3249,0.812,,Market / Lease-up Risk,1148.15,0.04,0.054972360948395645,0.0488,44.1967,0.03348,2.229,0.05485,40.6408
2022-06-30,OC-INDU-157,Industrial,Santa Ana,63395,1979,0.967,0.7841,1.783,1.766,0.0505,0.39,4.5,0.589,0.212,0.7,,Market / Lease-up Risk,2296.3,0.04,0.07128414487793706,0.0505,15.5267,0.00647,0.7892,0.05467,14.4347
2022-06-30,OC-INDU-161,Industrial,Costa Mesa,80229,1973,0.946,0.4395,0.829,0.826,0.0546,0.406,5.7,0.011,0.0417,0.599,,Market / Lease-up Risk,3250.0,0.04,0.05904861923196792,0.0546,8.0495,0.05198,0.4623,0.05478,8.4406
2022-06-30,OC-INDU-165,Industrial,Fullerton,188645,1979,0.954,2.1905,1.759,1.758,0.0502,0.393,6.8,0.06,1.39,0.489,,Market / Lease-up Risk,1500.0,0.04,0.05647786967146138,0.0502,43.6355,0.00411,2.1995,0.0557,39.4898
2022-06-30,OC-INDU-169,Industrial,Anaheim,119091,1979,0.984,1.5208,1.604,1.557,0.0508,0.312,4.2,0.404,0.7715,0.573,,Market / Lease-up Risk,950.98,0.04,0.0686114669774181,0.0508,29.937,0.05664,1.6069,0.0547,29.3757
2022-06-30,OC-INDU-17,Industrial,Santa Ana,132909,1987,0.94,0.8794,0.991,0.964,0.0524,0.396,2.0,0.129,0.115,0.636,,Market / Lease-up Risk,2296.3,0.04,0.037596743369197626,0.0524,16.7824,0.01759,0.8949,0.05541,16.1501
2022-06-30,OC-INDU-173,Industrial,Irvine,168037,1974,0.963,1.8039,1.453,1.447,0.0553,0.327,4.1,0.072,0.444,0.477,,Market / Lease-up Risk,1393.94,0.04,0.059065057151277994,0.0553,32.6203,0.02052,1.8409,0.05481,33.5857
2022-06-30,OC-INDU-177,Industrial,Newport Beach,100860,1964,0.936,1.0608,1.572,1.615,0.0511,0.373,7.6,0.014,0.2559,0.225,,Market / Lease-up Risk,5400.0,0.04,0.05564917157464215,0.0511,20.7593,0.03107,1.0938,0.05488,19.9299
2022-06-30,OC-INDU-181,Industrial,Orange,177456,1955,0.989,1.6918,1.443,1.421,0.0564,0.414,2.5,0.122,0.5428,0.276,,Market / Lease-up Risk,1148.15,0.04,0.0398747394903142,0.0564,29.9965,0.05283,1.7812,0.05546,32.1178
2022-06-30,OC-INDU-185,Industrial,Santa Ana,86868,1963,0.982,0.8162,1.345,1.342,0.0532,0.376,5.2,0.094,0.4147,0.275,,Market / Lease-up Risk,2296.3,0.04,0.06465193592132182,0.0532,15.3421,0.02408,0.8359,0.05528,15.1198
2022-06-30,OC-INDU-189,Industrial,Costa Mesa,61746,1955,0.977,0.6413,1.509,1.488,0.0577,0.382,3.9,0.047,0.2567,0.155,,Market / Lease-up Risk,3250.0,0.04,0.05424956169074508,0.0577,11.1144,0.04498,0.6701,0.05442,12.3149
2022-06-30,OC-INDU-193,Industrial,Fullerton,102115,1984,0.95,1.0083,1.381,1.367,0.0566,0.36,3.0,0.383,0.155,0.636,,Market / Lease-up Risk,1500.0,0.04,0.05182001341520007,0.0566,17.8145,0.02115,1.0296,0.05483,18.7771
2022-06-30,OC-INDU-197,Industrial,Anaheim,146569,1977,0.976,1.465,1.607,1.597,0.0589,0.441,7.4,0.181,0.8103,0.498,,Market / Lease-up Risk,950.98,0.04,0.04657194633332008,0.0589,24.8727,0.01841,1.492,0.0553,26.9785
2022-06-30,OC-INDU-201,Industrial,Irvine,64493,1976,0.942,0.5714,1.403,1.389,0.049,0.43,7.8,0.033,0.3666,0.7,,Market / Lease-up Risk,1393.94,0.04,0.06100857930746545,0.049,11.6612,0.02305,0.5846,0.05429,10.7682
2022-06-30,OC-INDU-205,Industrial,Newport Beach,141111,1965,0.954,1.7808,1.836,1.871,0.0536,0.368,6.8,0.281,0.7301,0.362,,Market / Lease-up Risk,5400.0,0.04,0.05447130208150252,0.0536,33.2239,0.03129,1.8365,0.05448,33.7118
2022-06-30,OC-INDU-209,Industrial,Orange,110784,1962,0.96,1.0029,1.332,1.336,0.0511,0.379,6.9,0.236,0.2071,0.279,,Market / Lease-up Risk,1148.15,0.04,0.05444378938884227,0.0511,19.6262,0.04464,1.0477,0.05458,19.1961
2022-06-30,OC-INDU-21,Industrial,Costa Mesa,67834,1965,0.988,0.3901,0.915,0.887,0.0582,0.442,5.3,0.253,0.0437,0.405,,Market / Lease-up Risk,3250.0,0.04,0.05011912876288315,0.0582,6.7027,0.03026,0.4019,0.05616,7.1563
2022-06-30,OC-INDU-213,Industrial,Santa Ana,200439,1958,0.94,2.5753,1.995,1.998,0.051,0.399,2.6,0.094,1.34,0.139,,Market / Lease-up Risk,2296.3,0.04,0.057713651783864825,0.051,50.4961,0.02886,2.6496,0.05496,48.2062
2022-06-30,OC-INDU-217,Industrial,Costa Mesa,173582,1961,0.941,1.6238,1.402,1.448,0.0561,0.378,6.1,0.135,0.4782,0.264,,Market / Lease-up Risk,3250.0,0.04,0.03147309119962777,0.0561,28.9447,0.02023,1.6566,0.05508,30.0757
2022-06-30,OC-INDU-221,Industrial,Fullerton,190733,1980,0.971,2.1125,1.658,1.715,0.0507,0.415,4.3,0.192,0.2658,0.707,,Market / Lease-up Risk,1500.0,0.04,0.07390321518220476,0.0507,41.6667,0.03618,2.1889,0.05546,39.4709
2022-06-30,OC-INDU-225,Industrial,Anaheim,218423,1955,0.945,2.6695,1.623,1.628,0.0575,0.301,6.2,0.04,0.9772,0.225,,Market / Lease-up Risk,950.98,0.04,0.05715157339013102,0.0575,46.4261,0.03775,2.7703,0.05484,50.5154
2022-06-30,OC-INDU-229,Industrial,Irvine,133186,1955,0.937,1.3692,1.535,1.497,0.0561,0.373,4.6,0.62,0.5552,0.242,,Market / Lease-up Risk,1393.94,0.04,0.05641691644162355,0.0561,24.4064,0.02131,1.3984,0.05526,25.3075
2022-06-30,OC-INDU-233,Industrial,Newport Beach,187945,1992,0.99,2.2114,1.495,1.491,0.0494,0.324,4.9,0.131,0.8469,0.762,,Market / Lease-up Risk,5400.0,0.04,0.07202519246762304,0.0494,44.7652,0.00975,2.233,0.05551,40.2273
2022-06-30,OC-INDU-237,Industrial,Orange,212657,1979,0.963,2.4519,1.531,1.521,0.0498,0.335,3.0,0.316,0.3221,0.599,,Market / Lease-up Risk,1148.15,0.04,0.055995763913284445,0.0498,49.2349,0.02452,2.512,0.05443,46.1525
2022-06-30,OC-INDU-241,Industrial,Santa Ana,122130,1960,0.952,1.173,1.407,1.412,0.0536,0.371,8.0,0.299,0.7232,0.202,,Market / Lease-up Risk,2296.3,0.04,0.06853351844485202,0.0536,21.8843,0.03352,1.2123,0.05521,21.9567
2022-06-30,OC-INDU-245,Industrial,Costa Mesa,187293,1979,0.959,2.4353,1.698,1.724,0.0542,0.321,5.5,0.017,0.4233,0.512,,Market / Lease-up Risk,3250.0,0.04,0.05941366395353124,0.0542,44.9317,0.02706,2.5012,0.05427,46.0866
2022-06-30,OC-INDU-249,Industrial,Fullerton,73876,1958,0.96,0.9029,1.705,1.729,0.0511,0.345,7.2,0.245,0.4114,0.313,,Market / Lease-up Risk,1500.0,0.04,0.06502414178223635,0.0511,17.6693,0.02826,0.9284,0.05569,16.6702
2022-06-30,OC-INDU-25,Industrial,Fullerton,204561,1983,0.963,1.3271,0.986,0.974,0.0562,0.419,2.7,0.168,0.7151,0.798,,Market / Lease-up Risk,1500.0,0.04,0.04696601990579222,0.0562,23.6139,0.01543,1.3476,0.05511,24.4523
2022-06-30,OC-INDU-253,Industrial,Anaheim,93676,1967,0.985,1.0288,1.698,1.677,0.0565,0.424,4.5,0.196,0.0912,0.315,,Market / Lease-up Risk,950.98,0.04,0.06555758816757516,0.0565,18.2088,0.03144,1.0611,0.05587,18.9946
2022-06-30,OC-INDU-257,Industrial,Irvine,99716,1970,0.931,0.7632,1.271,1.282,0.0506,0.45,3.0,0.175,0.417,0.57,,Market / Lease-up Risk,1393.94,0.04,0.05774823827741621,0.0506,15.083,0.0229,0.7807,0.05548,14.071
2022-06-30,OC-INDU-261,Industrial,Newport Beach,192348,1976,0.947,2.1664,1.537,1.565,0.0546,0.342,7.7,0.089,0.266,0.616,,Market / Lease-up Risk,5400.0,0.04,0.0577798278719477,0.0546,39.6777,0.04695,2.2681,0.05488,41.33
2022-06-30,OC-INDU-265,Industrial,Orange,188789,1972,0.963,1.7016,1.434,1.383,0.0513,0.445,6.4,0.124,1.0492,0.582,,Market / Lease-up Risk,1148.15,0.04,0.055820385946096236,0.0513,33.1696,0.03719,1.7649,0.05483,32.1858
2022-06-30,OC-INDU-269,Industrial,Santa Ana,136502,1976,0.995,0.9537,1.033,1.06,0.0548,0.422,6.2,0.75,0.5897,0.633,,Market / Lease-up Risk,2296.3,0.04,0.05775018839365642,0.0548,17.4033,0.04576,0.9973,0.05507,18.1091
2022-06-30,OC-INDU-273,Industrial,Costa Mesa,191637,1982,0.933,1.5922,1.345,1.365,0.0537,0.437,3.7,0.358,0.9866,0.574,,Market / Lease-up Risk,3250.0,0.04,0.057155073015049136,0.0537,29.6499,0.02939,1.639,0.05526,29.6624
2022-06-30,OC-INDU-277,Industrial,Fullerton,117868,1963,0.973,1.0518,1.259,1.282,0.0541,0.361,6.2,0.473,0.6637,0.317,,Market / Lease-up Risk,1500.0,0.04,0.07297932995133476,0.0541,19.4418,0.01348,1.066,0.05575,19.1206
2022-06-30,OC-INDU-281,Industrial,Anaheim,90538,1972,0.961,0.9635,1.537,1.508,0.0516,0.368,2.0,0.186,0.2449,0.409,,Market / Lease-up Risk,950.98,0.04,0.0707244066987858,0.0516,18.6725,0.00052,0.964,0.05546,17.3817
2022-06-30,OC-INDU-285,Industrial,Irvine,178888,1986,0.987,1.9199,1.47,1.497,0.0575,0.371,5.5,0.235,1.004,0.64,,Market / Lease-up Risk,1393.94,0.04,0.05863223998123179,0.0575,33.3896,0.01825,1.9549,0.05463,35.7879
2022-06-30,OC-INDU-289,Industrial,Newport Beach,130614,1957,0.962,1.4002,1.592,1.626,0.0554,0.386,6.2,0.06,0.23,0.164,,Market / Lease-up Risk,5400.0,0.04,0.07468615452577099,0.0554,25.2744,-0.00182,1.3976,0.05492,25.4491
2022-06-30,OC-INDU-29,Industrial,Anaheim,129382,1984,0.941,1.6489,1.972,2.031,0.0538,0.416,4.6,0.613,0.9916,0.725,,Market / Lease-up Risk,950.98,0.04,0.04862159798219541,0.0538,30.6487,0.02991,1.6982,0.05562,30.5325
2022-06-30,OC-INDU-293,Industrial,Orange,135106,1971,0.999,1.6597,1.717,1.658,0.0583,0.391,7.0,0.065,0.5412,0.565,,Market / Lease-up Risk,1148.15,0.04,0.04524261034653547,0.0583,28.4683,0.03345,1.7152,0.05542,30.9519
2022-06-30,OC-INDU-297,Industrial,Santa Ana,155262,1975,0.969,1.2254,1.213,1.24,0.0578,0.411,6.4,0.715,0.5423,0.409,,Market / Lease-up Risk,2296.3,0.04,0.067727221070347,0.0578,21.2007,0.0375,1.2713,0.05491,23.1533
2022-06-30,OC-INDU-301,Industrial,Costa Mesa,162499,1985,0.989,1.536,1.475,1.482,0.049,0.449,5.6,0.027,0.8785,0.644,,Market / Lease-up Risk,3250.0,0.04,0.04949415739901947,0.049,31.3469,0.03691,1.5927,0.05455,29.1977
2022-06-30,OC-INDU-305,Industrial,Fullerton,118403,1962,0.943,1.1703,1.483,1.476,0.0576,0.38,6.7,0.072,0.1507,0.395,,Market / Lease-up Risk,1500.0,0.04,0.05678239898603553,0.0576,20.3177,0.03164,1.2073,0.05554,21.7395
2022-06-30,OC-INDU-309,Industrial,Anaheim,88800,1955,0.966,0.9992,1.627,1.667,0.0539,0.372,7.2,0.061,0.4312,0.091,,Market / Lease-up Risk,950.98,0.04,0.044266398138823146,0.0539,18.538,0.04793,1.0471,0.05484,19.094
2022-06-30,OC-INDU-313,Industrial,Irvine,136215,1981,0.944,1.8581,1.768,1.72,0.0523,0.305,7.5,0.448,0.6271,0.516,,Market / Lease-up Risk,1393.94,0.04,0.03837778679477585,0.0523,35.5277,0.0379,1.9285,0.05544,34.7831
2022-06-30,OC-INDU-317,Industrial,Newport Beach,173857,1991,0.957,2.1018,1.63,1.689,0.0523,0.341,4.5,0.296,0.9105,0.76,,Market / Lease-up Risk,5400.0,0.04,0.05044595597289104,0.0523,40.1874,-0.00696,2.0872,0.05491,38.0143
2022-06-30,OC-INDU-321,Industrial,Orange,209362,1976,0.988,3.2616,1.966,1.976,0.0531,0.318,3.6,0.024,0.3875,0.574,,Market / Lease-up Risk,1148.15,0.04,0.04005817682714632,0.0531,61.4237,0.04147,3.3969,0.05546,61.2492
2022-06-30,OC-INDU-325,Industrial,Santa Ana,101921,1990,0.947,0.8056,1.23,1.22,0.0577,0.423,2.3,0.045,0.4461,0.725,,Market / Lease-up Risk,2296.3,0.04,0.03738714376215606,0.0577,13.9619,0.0378,0.836,0.05436,15.3785
2022-06-30,OC-INDU-329,Industrial,Costa Mesa,107953,1985,0.948,0.9812,1.168,1.142,0.0532,0.302,5.6,0.361,0.4285,0.676,,Market / Lease-up Risk,3250.0,0.04,0.029523987204645354,0.0532,18.4436,0.04591,1.0262,0.0552,18.5914
2022-06-30,OC-INDU-33,Industrial,Irvine,145831,1981,0.938,1.9345,1.836,1.891,0.0514,0.345,7.8,0.581,1.1583,0.756,,Market / Lease-up Risk,1393.94,0.04,0.058658667350809386,0.0514,37.6362,0.01977,1.9727,0.05525,35.7048
2022-06-30,OC-INDU-333,Industrial,Fullerton,66678,1967,0.946,0.6167,1.51,1.461,0.0508,0.432,5.3,0.101,0.3237,0.444,,Market / Lease-up Risk,1500.0,0.04,0.06655650238663964,0.0508,12.1398,0.01844,0.6281,0.05465,11.4917
2022-06-30,OC-INDU-337,Industrial,Anaheim,80105,1963,0.947,0.6276,1.093,1.115,0.0564,0.336,5.2,0.608,0.3579,0.386,,Market / Lease-up Risk,950.98,0.04,0.052281695004514475,0.0564,11.1277,0.03369,0.6487,0.05433,11.9408
2022-06-30,OC-INDU-341,Industrial,Irvine,99156,1981,0.939,1.0855,1.644,1.655,0.0516,0.397,5.6,0.094,0.2132,0.518,,Market / Lease-up Risk,1393.94,0.04,0.060504075142402206,0.0516,21.0368,0.01528,1.1021,0.05544,19.8795
2022-06-30,OC-INDU-345,Industrial,Newport Beach,209462,1955,0.965,1.7627,1.222,1.195,0.056,0.374,5.7,0.049,0.9182,0.024,,Market / Lease-up Risk,5400.0,0.04,0.0471978472813036,0.056,31.4768,0.01448,1.7882,0.0557,32.1023
2022-06-30,OC-INDU-349,Industrial,Orange,149052,1993,0.951,1.6406,1.48,1.52,0.0494,0.335,4.0,0.227,0.7103,0.923,,Market / Lease-up Risk,1148.15,0.04,0.060958310283670554,0.0494,33.2105,0.03419,1.6967,0.05515,30.7673
2022-06-30,OC-INDU-353,Industrial,Santa Ana,61722,1969,0.934,0.7719,1.753,1.769,0.051,0.33,2.9,0.254,0.3969,0.318,,Market / Lease-up Risk,2296.3,0.04,0.05921423373942759,0.051,15.1353,0.03496,0.7989,0.05643,14.1575
2022-06-30,OC-INDU-357,Industrial,Costa Mesa,197714,1955,0.996,1.9634,1.529,1.534,0.0585,0.428,3.7,0.165,0.8409,0.081,,Market / Lease-up Risk,3250.0,0.04,0.03243206140195012,0.0585,33.5624,0.02288,2.0083,0.05532,36.3046
2022-06-30,OC-INDU-361,Industrial,Fullerton,170441,1974,0.936,1.415,1.342,1.352,0.0491,0.438,2.3,0.028,0.5028,0.642,,Market / Lease-up Risk,1500.0,0.04,0.043508905481526305,0.0491,28.8187,0.0138,1.4345,0.0538,26.664
2022-06-30,OC-INDU-365,Industrial,Anaheim,201078,1960,0.999,2.246,1.453,1.51,0.0562,0.325,2.6,0.03,0.8308,0.24,,Market / Lease-up Risk,950.98,0.04,0.03634417227727632,0.0562,39.9644,0.01345,2.2762,0.05495,41.4259
2022-06-30,OC-INDU-369,Industrial,Irvine,114338,1957,0.994,1.3185,1.568,1.606,0.0565,0.351,3.3,0.013,0.2857,0.276,,Market / Lease-up Risk,1393.94,0.04,0.043957769253615255,0.0565,23.3363,0.01334,1.3361,0.05452,24.5083
2022-06-30,OC-INDU-37,Industrial,Newport Beach,186654,1983,0.933,1.9335,1.424,1.375,0.0496,0.337,7.8,0.463,0.7867,0.571,,Market / Lease-up Risk,5400.0,0.04,0.06822023195323557,0.0496,38.9819,0.04136,2.0135,0.05536,36.3689
2022-06-30,OC-INDU-373,Industrial,Newport Beach,154519,1973,0.937,1.6951,1.534,1.513,0.0571,0.351,3.4,0.027,0.5981,0.519,,Market / Lease-up Risk,5400.0,0.04,0.06684701972059093,0.0571,29.6865,0.00855,1.7096,0.05481,31.1891
2022-06-30,OC-INDU-377,Industrial,Orange,133055,1992,0.963,1.3769,1.372,1.39,0.0493,0.334,5.6,0.165,0.9775,0.885,,Market / Lease-up Risk,1148.15,0.04,0.04516668243261038,0.0493,27.929,0.02741,1.4146,0.05474,25.8428
2022-06-30,OC-INDU-381,Industrial,Santa Ana,195650,1970,0.978,2.4178,1.671,1.653,0.0548,0.357,3.7,0.142,1.1786,0.511,,Market / Lease-up Risk,2296.3,0.04,0.05784915455189899,0.0548,44.1204,0.03244,2.4962,0.05444,45.8515
2022-06-30,OC-INDU-385,Industrial,Costa Mesa,182983,1965,0.97,1.665,1.488,1.547,0.0522,0.447,4.5,0.146,0.9779,0.428,,Market / Lease-up Risk,3250.0,0.04,0.05589544056547286,0.0522,31.8966,0.00792,1.6782,0.05571,30.1262
2022-06-30,OC-INDU-389,Industrial,Fullerton,139202,1963,0.958,1.1154,1.294,1.288,0.0556,0.433,4.3,0.13,0.6131,0.257,,Market / Lease-up Risk,1500.0,0.04,0.024129962871910153,0.0556,20.0612,0.04206,1.1623,0.05564,20.8888
2022-06-30,OC-INDU-393,Industrial,Anaheim,90057,1975,0.99,0.8548,1.33,1.3,0.052,0.387,2.7,0.017,0.4396,0.678,,Market / Lease-up Risk,950.98,0.04,0.04529272478049552,0.052,16.4385,0.02563,0.8767,0.05474,16.0158
2022-06-30,OC-INDU-397,Industrial,Irvine,176339,1977,0.932,1.6126,1.446,1.442,0.0515,0.423,3.5,0.011,0.8762,0.645,,Market / Lease-up Risk,1393.94,0.04,0.06626068669329357,0.0515,31.3126,0.02486,1.6527,0.05427,30.4543
2022-06-30,OC-INDU-41,Industrial,Orange,146704,1984,0.932,1.8981,1.974,1.975,0.0506,0.402,3.8,0.092,0.7494,0.593,,Market / Lease-up Risk,1148.15,0.04,0.03434920370648212,0.0506,37.5119,0.04779,1.9888,0.05486,36.2493
2022-06-30,OC-INDU-45,Industrial,Santa Ana,90110,1971,0.969,0.9352,1.65,1.609,0.0556,0.448,2.8,0.202,0.1727,0.57,,Market / Lease-up Risk,2296.3,0.04,0.05129415795998107,0.0556,16.8201,0.05755,0.989,0.05468,18.0889
2022-06-30,OC-INDU-49,Industrial,Costa Mesa,87659,1955,0.966,1.3352,2.043,2.082,0.0534,0.323,5.8,0.783,0.5982,0.147,,Market / Lease-up Risk,3250.0,0.04,0.04465692436127427,0.0534,25.0037,0.00518,1.3421,0.05448,24.634
2022-06-30,OC-INDU-53,Industrial,Fullerton,116676,1974,0.979,1.5727,1.896,1.87,0.0577,0.363,3.8,0.332,0.4742,0.422,,Market / Lease-up Risk,1500.0,0.04,0.06233982502639234,0.0577,27.2565,0.02866,1.6178,0.0555,29.1468
2022-06-30,OC-INDU-57,Industrial,Anaheim,163242,1979,0.981,1.8213,1.57,1.56,0.0528,0.384,2.2,0.084,1.0317,0.736,,Market / Lease-up Risk,950.98,0.04,0.06665392481562024,0.0528,34.4943,0.04888,1.9103,0.05531,34.5403
2022-06-30,OC-INDU-61,Industrial,Irvine,129181,1978,0.938,1.3251,1.476,1.509,0.0566,0.37,4.4,0.543,0.3432,0.611,,Market / Lease-up Risk,1393.94,0.04,0.0577789724358753,0.0566,23.4117,0.0362,1.3731,0.05466,25.12
2022-06-30,OC-INDU-65,Industrial,Newport Beach,150160,1962,0.996,1.3979,1.316,1.314,0.0553,0.377,6.6,0.139,0.3587,0.195,,Market / Lease-up Risk,5400.0,0.04,0.07991581931248232,0.0553,25.2785,0.03463,1.4463,0.05484,26.3745
2022-06-30,OC-INDU-69,Industrial,Orange,77654,1962,0.989,0.6487,1.26,1.214,0.0508,0.412,4.0,0.157,0.2296,0.291,,Market / Lease-up Risk,1148.15,0.04,0.04052849344473811,0.0508,12.7697,0.02293,0.6636,0.0543,12.2215
2022-06-30,OC-INDU-73,Industrial,Santa Ana,85584,1982,0.949,0.808,1.219,1.189,0.049,0.306,5.1,0.144,0.5536,0.744,,Market / Lease-up Risk,2296.3,0.04,0.03958277229352826,0.049,16.4898,0.02285,0.8265,0.05466,15.1199
2022-06-30,OC-INDU-77,Industrial,Costa Mesa,73018,1971,0.956,0.8281,1.596,1.6,0.0582,0.348,7.9,0.266,0.322,0.377,,Market / Lease-up Risk,3250.0,0.04,0.06096891958962828,0.0582,14.2285,0.03283,0.8553,0.05467,15.645
2022-06-30,OC-INDU-81,Industrial,Fullerton,143702,1977,0.986,1.4736,1.421,1.389,0.0491,0.358,2.2,0.213,0.5166,0.482,,Market / Lease-up Risk,1500.0,0.04,0.05630768549199825,0.0491,30.0122,0.03685,1.5279,0.05434,28.118
2022-06-30,OC-INDU-85,Industrial,Anaheim,138425,1955,0.948,1.8545,1.823,1.8,0.0529,0.32,5.4,0.48,1.1809,0.196,,Market / Lease-up Risk,950.98,0.04,0.0542217714856844,0.0529,35.0567,0.01227,1.8773,0.05497,34.1495
2022-06-30,OC-INDU-89,Industrial,Irvine,198740,1972,0.942,1.911,1.48,1.448,0.0565,0.395,6.4,0.082,0.712,0.496,,Market / Lease-up Risk,1393.94,0.04,0.04614218525726744,0.0565,33.823,0.03658,1.9809,0.05504,35.9881
2022-06-30,OC-INDU-93,Industrial,Newport Beach,157823,1968,0.976,1.2622,1.165,1.123,0.0502,0.383,7.3,0.151,0.7513,0.452,,Market / Lease-up Risk,5400.0,0.04,0.04455362966822839,0.0502,25.1434,0.01903,1.2862,0.05573,23.0792
2022-06-30,OC-INDU-97,Industrial,Orange,63490,1961,0.985,0.6324,1.32,1.278,0.0526,0.328,6.2,0.007,0.1965,0.255,,Market / Lease-up Risk,1148.15,0.04,0.03415562619053909,0.0526,12.0228,0.02801,0.6501,0.05482,11.8599
2022-06-30,OC-MULT-03,Multifamily,Anaheim,48705,1975,0.947,1.0298,3104.6,3166.557,0.0542,0.416,1.4,0.425,0.5802,0.545,51.0,Market / Lease-up Risk,950.98,0.04,0.03411524696519832,0.0542,19.0,0.03627,1.0672,0.0534,19.9831
2022-06-30,OC-MULT-07,Multifamily,Irvine,28489,1974,0.973,0.5359,2595.81,2567.152,0.0496,0.418,0.9,0.101,0.1573,0.64,31.0,Market / Lease-up Risk,1393.94,0.04,0.036575628915625026,0.0496,10.8044,0.0251,0.5494,0.0516,10.6471
2022-06-30,OC-MULT-103,Multifamily,Santa Ana,56475,1955,0.928,0.7748,2694.58,2792.389,0.057,0.396,1.0,0.105,0.4562,0.142,45.0,Market / Lease-up Risk,2296.3,0.04,0.04765910193104724,0.057,13.593,0.04457,0.8093,0.05141,15.7434
2022-06-30,OC-MULT-107,Multifamily,Costa Mesa,42075,1960,0.96,0.6833,2906.5,2827.03,0.049,0.349,0.9,0.078,0.4554,0.387,33.0,Market / Lease-up Risk,3250.0,0.04,0.030154576054881997,0.049,13.9449,0.02354,0.6994,0.05135,13.6213
2022-06-30,OC-MULT-11,Multifamily,Newport Beach,51205,1981,0.93,1.2286,3322.46,3278.209,0.0466,0.31,1.4,0.486,0.4156,0.753,49.0,Market / Lease-up Risk,5400.0,0.04,0.03329535513917304,0.0466,26.3648,0.01039,1.2414,0.05219,23.7876
2022-06-30,OC-MULT-111,Multifamily,Fullerton,55233,1961,0.972,1.5467,3808.42,3856.802,0.0523,0.357,1.5,0.564,1.0054,0.289,57.0,Market / Lease-up Risk,1500.0,0.04,0.025683727940035962,0.0523,29.5736,0.02807,1.5901,0.0521,30.5215
2022-06-30,OC-MULT-115,Multifamily,Anaheim,76120,1970,0.956,1.2377,3341.1,3255.824,0.0506,0.382,0.8,0.331,0.2645,0.459,55.0,Market / Lease-up Risk,950.98,0.04,0.04088349945662412,0.0506,24.4605,0.02479,1.2684,0.05279,24.0286
2022-06-30,OC-MULT-119,Multifamily,Irvine,43272,1966,0.925,0.7408,2956.9,2891.465,0.0557,0.34,1.3,0.13,0.3375,0.291,36.0,Market / Lease-up Risk,1393.94,0.04,0.03432260116046523,0.0557,13.2998,0.02846,0.7619,0.05282,14.4231
2022-06-30,OC-MULT-123,Multifamily,Newport Beach,51120,1956,0.949,0.7884,2720.94,2775.44,0.0493,0.442,1.3,0.026,0.3525,0.209,48.0,Market / Lease-up Risk,5400.0,0.04,0.03922633860705504,0.0493,15.9919,0.04769,0.826,0.05183,15.9355
2022-06-30,OC-MULT-127,Multifamily,Orange,36480,1968,0.96,0.5242,2687.76,2581.413,0.0566,0.406,0.9,0.293,0.2047,0.298,30.0,Market / Lease-up Risk,1148.15,0.04,0.028816708757681917,0.0566,9.2615,0.02396,0.5368,0.05258,10.2088
2022-06-30,OC-MULT-131,Multifamily,Santa Ana,27100,1957,0.94,0.3247,2479.31,2485.694,0.0503,0.389,0.9,0.191,0.1308,0.113,20.0,Market / Lease-up Risk,2296.3,0.04,0.05920863853709432,0.0503,6.4553,0.02897,0.3341,0.05191,6.4363
2022-06-30,OC-MULT-135,Multifamily,Costa Mesa,47728,1991,0.98,0.9742,3427.52,3391.638,0.0558,0.351,0.9,0.222,0.5672,0.754,38.0,Market / Lease-up Risk,3250.0,0.04,0.03874915505268252,0.0558,17.4588,0.02992,1.0034,0.05109,19.64
2022-06-30,OC-MULT-139,Multifamily,Fullerton,32810,1959,0.97,0.6394,3015.48,2896.361,0.0487,0.436,1.2,0.101,0.2573,0.151,34.0,Market / Lease-up Risk,1500.0,0.04,0.04441924820735056,0.0487,13.1294,0.00773,0.6443,0.05222,12.3397
2022-06-30,OC-MULT-143,Multifamily,Anaheim,69218,1981,0.971,0.9759,2874.27,2841.931,0.0546,0.439,0.9,0.12,0.186,0.618,53.0,Market / Lease-up Risk,950.98,0.04,0.02385926202151651,0.0546,17.8736,0.04877,1.0235,0.05131,19.9482
2022-06-30,OC-MULT-147,Multifamily,Irvine,42144,1988,0.922,0.6831,2861.67,2828.841,0.0548,0.312,1.1,0.227,0.4318,0.667,32.0,Market / Lease-up Risk,1393.94,0.04,0.021630958448741817,0.0548,12.4653,0.02853,0.7026,0.05252,13.3779
2022-06-30,OC-MULT-15,Multifamily,Orange,40470,1978,0.935,0.8224,4412.44,4276.381,0.0566,0.435,1.1,0.474,0.1119,0.58,30.0,Market / Lease-up Risk,1148.15,0.04,0.0447629491884398,0.0566,14.53,0.02225,0.8407,0.0515,16.3251
2022-06-30,OC-MULT-151,Multifamily,Newport Beach,44484,1966,0.952,0.5211,1595.51,1561.028,0.0532,0.316,1.2,0.064,0.1275,0.395,44.0,Market / Lease-up Risk,5400.0,0.04,0.0375277971316379,0.0532,9.7951,0.03172,0.5376,0.05285,10.1721
2022-06-30,OC-MULT-155,Multifamily,Orange,55650,1962,0.937,0.9153,3099.12,3099.221,0.0536,0.447,0.8,0.469,0.1793,0.406,50.0,Market / Lease-up Risk,1148.15,0.04,0.021541400621971952,0.0536,17.0765,0.01536,0.9294,0.05145,18.0624
2022-06-30,OC-MULT-159,Multifamily,Santa Ana,62645,1998,0.954,1.2633,3464.09,3476.121,0.0548,0.409,1.5,0.676,0.7021,0.854,55.0,Market / Lease-up Risk,2296.3,0.04,0.04182424454760281,0.0548,23.0529,0.05157,1.3284,0.05316,24.9908
2022-06-30,OC-MULT-163,Multifamily,Costa Mesa,59160,1981,0.963,0.7451,1908.35,1874.95,0.0512,0.324,1.3,0.458,0.3737,0.654,51.0,Market / Lease-up Risk,3250.0,0.04,0.04760625073029397,0.0512,14.5527,0.03617,0.7721,0.05243,14.7246
2022-06-30,OC-MULT-167,Multifamily,Fullerton,27620,1973,0.929,0.4135,2888.09,2993.734,0.0492,0.324,1.2,0.135,0.21,0.427,20.0,Market / Lease-up Risk,1500.0,0.04,0.02827559628852758,0.0492,8.4045,0.03818,0.4293,0.05237,8.1973
2022-06-30,OC-MULT-171,Multifamily,Anaheim,48208,1973,0.931,0.6437,1924.77,1921.254,0.0526,0.315,1.3,0.056,0.1627,0.368,46.0,Market / Lease-up Risk,950.98,0.04,0.022189809776105025,0.0526,12.2376,0.03563,0.6666,0.05222,12.7667
2022-06-30,OC-MULT-175,Multifamily,Irvine,57244,1955,0.938,0.7054,2696.32,2738.535,0.0535,0.444,1.0,0.288,0.0879,0.145,44.0,Market / Lease-up Risk,1393.94,0.04,0.032183366659366705,0.0535,13.185,0.02224,0.7211,0.05175,13.9348
2022-06-30,OC-MULT-179,Multifamily,Newport Beach,62776,1970,0.964,0.8463,2234.88,2197.869,0.0531,0.416,1.4,0.1,0.376,0.467,59.0,Market / Lease-up Risk,5400.0,0.04,0.04345245684624243,0.0531,15.9379,0.0317,0.8731,0.05298,16.4793
2022-06-30,OC-MULT-183,Multifamily,Orange,82432,1986,0.972,0.9103,2152.71,2184.68,0.0498,0.422,1.2,0.112,0.6314,0.648,64.0,Market / Lease-up Risk,1148.15,0.04,0.029063964608371,0.0498,18.2791,0.05246,0.9581,0.05192,18.4519
2022-06-30,OC-MULT-187,Multifamily,Santa Ana,41340,1966,0.952,0.6685,2360.69,2364.856,0.0499,0.331,1.2,0.579,0.2151,0.459,39.0,Market / Lease-up Risk,2296.3,0.04,0.05173034379509196,0.0499,13.3968,0.03175,0.6897,0.0521,13.2377
2022-06-30,OC-MULT-19,Multifamily,Santa Ana,99604,1958,0.951,1.2443,2602.36,2507.915,0.0482,0.404,1.1,0.456,0.4227,0.161,74.0,Market / Lease-up Risk,2296.3,0.04,0.04083444785259119,0.0482,25.8154,0.03837,1.292,0.05251,24.6048
2022-06-30,OC-MULT-191,Multifamily,Costa Mesa,65712,1955,0.929,1.0809,3555.82,3504.573,0.0482,0.402,0.8,0.64,0.126,0.225,48.0,Market / Lease-up Risk,3250.0,0.04,0.030215760357652305,0.0482,22.4253,0.05456,1.1399,0.05224,21.8198
2022-06-30,OC-MULT-195,Multifamily,Fullerton,77550,1974,0.98,1.005,2153.25,2155.427,0.0491,0.367,1.3,0.12,0.6247,0.405,66.0,Market / Lease-up Risk,1500.0,0.04,0.04923854422667023,0.0491,20.4684,0.06112,1.0664,0.05212,20.4617
2022-06-30,OC-MULT-199,Multifamily,Anaheim,72704,1963,0.962,1.5527,3210.79,3219.934,0.0568,0.311,1.0,0.256,0.1905,0.432,64.0,Market / Lease-up Risk,950.98,0.04,0.04143009528530805,0.0568,27.3363,0.02931,1.5982,0.0525,30.4431
2022-06-30,OC-MULT-203,Multifamily,Irvine,27347,1993,0.968,0.5513,3092.2,3018.921,0.0518,0.319,1.4,0.133,0.2914,0.757,23.0,Market / Lease-up Risk,1393.94,0.04,0.03726310859082309,0.0518,10.6429,0.0337,0.5699,0.05202,10.9544
2022-06-30,OC-MULT-207,Multifamily,Newport Beach,62145,1955,0.924,0.6145,2035.17,2076.751,0.0479,0.363,1.1,0.268,0.2271,0.271,45.0,Market / Lease-up Risk,5400.0,0.04,0.028519120429748062,0.0479,12.8288,0.02091,0.6274,0.05202,12.0589
2022-06-30,OC-MULT-211,Multifamily,Orange,36729,1966,0.958,0.6254,2981.53,3073.308,0.0534,0.418,1.3,0.412,0.226,0.31,33.0,Market / Lease-up Risk,1148.15,0.04,0.028896503133824268,0.0534,11.7116,0.0264,0.6419,0.05327,12.0505
2022-06-30,OC-MULT-215,Multifamily,Santa Ana,33024,1985,0.963,0.6121,2594.34,2632.228,0.0523,0.349,1.0,0.061,0.0658,0.728,32.0,Market / Lease-up Risk,2296.3,0.04,0.028895830031761896,0.0523,11.7036,0.03239,0.6319,0.05123,12.335
2022-06-30,OC-MULT-219,Multifamily,Costa Mesa,16992,1980,0.963,0.4571,3476.43,3491.031,0.0515,0.355,0.8,0.076,0.0596,0.577,18.0,Market / Lease-up Risk,3250.0,0.04,0.036052265927200594,0.0515,8.8757,0.04033,0.4755,0.05211,9.125
2022-06-30,OC-MULT-223,Multifamily,Fullerton,32266,1976,0.969,0.8486,3397.78,3353.922,0.0566,0.335,1.0,0.251,0.1284,0.42,34.0,Market / Lease-up Risk,1500.0,0.04,0.017944581147350255,0.0566,14.9929,0.03522,0.8785,0.05215,16.8445
2022-06-30,OC-MULT-227,Multifamily,Anaheim,48285,1970,0.925,0.6421,2889.98,2998.766,0.0548,0.448,0.9,0.064,0.1227,0.526,37.0,Market / Lease-up Risk,950.98,0.04,0.034585177045132094,0.0548,11.7172,0.01753,0.6534,0.05238,12.4739
2022-06-30,OC-MULT-23,Multifamily,Costa Mesa,31093,1973,0.939,0.5363,2632.24,2633.672,0.0569,0.386,1.0,0.604,0.3253,0.478,31.0,Market / Lease-up Risk,3250.0,0.04,0.030430934496624797,0.0569,9.4253,0.04093,0.5583,0.05182,10.7725
2022-06-30,OC-MULT-231,Multifamily,Irvine,60144,1977,0.95,1.5132,4099.45,4026.736,0.0562,0.41,0.9,0.273,0.4639,0.611,56.0,Market / Lease-up Risk,1393.94,0.04,0.054317948006128686,0.0562,26.9253,0.01414,1.5346,0.05155,29.7713
2022-06-30,OC-MULT-235,Multifamily,Newport Beach,24300,1998,0.967,0.4556,2388.21,2389.489,0.0524,0.329,1.3,0.031,0.2906,0.862,25.0,Market / Lease-up Risk,5400.0,0.04,0.03991693299112505,0.0524,8.6947,0.06841,0.4868,0.05252,9.2686
2022-06-30,OC-MULT-239,Multifamily,Orange,16890,1982,0.922,0.2852,2669.27,2763.374,0.05,0.343,1.5,0.463,0.0831,0.53,15.0,Market / Lease-up Risk,1148.15,0.04,0.030880927241116102,0.05,5.704,0.04862,0.2991,0.052,5.7509
2022-06-30,OC-MULT-243,Multifamily,Santa Ana,20040,1969,0.932,0.3978,2798.43,2910.198,0.0552,0.331,1.3,0.333,0.2381,0.407,20.0,Market / Lease-up Risk,2296.3,0.04,0.027638230184396626,0.0552,7.2065,0.02003,0.4058,0.05159,7.8648
2022-06-30,OC-MULT-247,Multifamily,Costa Mesa,36366,1970,0.949,0.5225,2574.6,2515.415,0.0558,0.373,1.2,0.311,0.1747,0.502,29.0,Market / Lease-up Risk,3250.0,0.04,0.027859184117423056,0.0558,9.3638,0.02228,0.5341,0.05341,10.0012
2022-06-30,OC-MULT-251,Multifamily,Fullerton,70500,1978,0.945,1.0429,2803.06,2850.713,0.0548,0.442,1.1,0.136,0.4556,0.604,60.0,Market / Lease-up Risk,1500.0,0.04,0.05434845624615067,0.0548,19.031,0.03258,1.0769,0.05216,20.644
2022-06-30,OC-MULT-255,Multifamily,Anaheim,63229,1976,0.927,0.937,2431.41,2462.071,0.0561,0.333,1.0,0.41,0.5005,0.686,53.0,Market / Lease-up Risk,950.98,0.04,0.03635767050276859,0.0561,16.7023,0.02967,0.9648,0.05193,18.5804
2022-06-30,OC-MULT-259,Multifamily,Irvine,33952,1963,0.954,0.6379,2837.44,2903.886,0.0491,0.354,0.9,0.578,0.1452,0.24,32.0,Market / Lease-up Risk,1393.94,0.04,0.03860652955649117,0.0491,12.9919,0.0557,0.6734,0.05218,12.9063
2022-06-30,OC-MULT-263,Multifamily,Newport Beach,58696,1978,0.923,0.7622,2578.24,2562.534,0.0494,0.381,1.4,0.358,0.1025,0.506,44.0,Market / Lease-up Risk,5400.0,0.04,0.04146111096586143,0.0494,15.4291,0.02694,0.7827,0.05182,15.1038
2022-06-30,OC-MULT-267,Multifamily,Orange,45365,1981,0.944,0.6397,2204.14,2136.934,0.052,0.392,1.1,0.292,0.3396,0.648,43.0,Market / Lease-up Risk,1148.15,0.04,0.0225009959095039,0.052,12.3019,0.03342,0.6611,0.05246,12.6006
2022-06-30,OC-MULT-27,Multifamily,Fullerton,49728,1956,0.943,0.7005,2721.73,2813.421,0.0545,0.43,1.2,0.292,0.2476,0.129,42.0,Market / Lease-up Risk,1500.0,0.04,0.058447133353770664,0.0545,12.8532,0.03811,0.7272,0.05124,14.1928
2022-06-30,OC-MULT-271,Multifamily,Santa Ana,28626,1964,0.974,0.4068,2340.65,2279.26,0.0513,0.398,0.9,0.481,0.07,0.395,26.0,Market / Lease-up Risk,2296.3,0.04,0.034836463928601215,0.0513,7.9298,0.0463,0.4256,0.0513,8.2963
2022-06-30,OC-MULT-275,Multifamily,Costa Mesa,27811,1958,0.945,0.432,2425.83,2454.055,0.0506,0.43,1.4,0.008,0.0584,0.283,29.0,Market / Lease-up Risk,3250.0,0.04,0.026598509364820125,0.0506,8.5375,0.03563,0.4474,0.05175,8.6447
2022-06-30,OC-MULT-279,Multifamily,Fullerton,29592,1979,0.948,0.5986,3379.0,3475.466,0.051,0.317,1.2,0.028,0.4025,0.497,24.0,Market / Lease-up Risk,1500.0,0.04,0.026639290770271273,0.051,11.7373,0.03699,0.6207,0.05057,12.2755
2022-06-30,OC-MULT-283,Multifamily,Anaheim,55862,1960,0.98,1.2047,3402.21,3400.722,0.0527,0.402,1.1,0.092,0.2384,0.374,53.0,Market / Lease-up Risk,950.98,0.04,0.04306751813973779,0.0527,22.8596,0.02952,1.2403,0.052,23.8517
2022-06-30,OC-MULT-287,Multifamily,Irvine,19332,1979,0.974,0.3586,2988.42,3096.192,0.0507,0.418,1.2,0.198,0.2361,0.681,18.0,Market / Lease-up Risk,1393.94,0.04,0.030555874101818734,0.0507,7.073,0.05792,0.3794,0.052,7.2963
2022-06-30,OC-MULT-291,Multifamily,Newport Beach,38912,1969,0.925,0.5986,2630.19,2717.266,0.0486,0.432,1.1,0.292,0.0673,0.342,38.0,Market / Lease-up Risk,5400.0,0.04,0.03715661016156707,0.0486,12.3169,0.02539,0.6138,0.05201,11.8009
2022-06-30,OC-MULT-295,Multifamily,Orange,62146,1979,0.955,1.0448,3155.14,3135.001,0.0561,0.359,1.1,0.04,0.3378,0.568,46.0,Market / Lease-up Risk,1148.15,0.04,0.023460035047920443,0.0561,18.6239,0.03972,1.0863,0.05188,20.9397
2022-06-30,OC-MULT-299,Multifamily,Santa Ana,34558,1957,0.948,0.8571,3462.71,3551.183,0.0544,0.381,1.4,0.108,0.5241,0.178,37.0,Market / Lease-up Risk,2296.3,0.04,0.04632415785447925,0.0544,15.7555,0.04562,0.8962,0.05229,17.1385
2022-06-30,OC-MULT-303,Multifamily,Costa Mesa,60352,1971,0.975,0.9268,2863.49,2944.986,0.056,0.367,1.3,0.682,0.1245,0.465,46.0,Market / Lease-up Risk,3250.0,0.04,0.01275168687392636,0.056,16.55,0.03098,0.9555,0.05246,18.2138
2022-06-30,OC-MULT-307,Multifamily,Fullerton,49885,1971,0.953,1.2075,3526.84,3660.66,0.0538,0.427,1.4,0.267,0.542,0.462,55.0,Market / Lease-up Risk,1500.0,0.04,0.0305108724630128,0.0538,22.4442,-0.00067,1.2067,0.05313,22.711
2022-06-30,OC-MULT-31,Multifamily,Anaheim,76419,1979,0.959,1.4967,3552.38,3526.319,0.0516,0.407,1.0,0.405,0.3521,0.6,63.0,Market / Lease-up Risk,950.98,0.04,0.05716411516274403,0.0516,29.0058,0.04331,1.5615,0.05234,29.8313
2022-06-30,OC-MULT-311,Multifamily,Anaheim,33192,1965,0.929,0.3961,2705.81,2703.173,0.0543,0.424,1.3,0.229,0.1493,0.455,24.0,Market / Lease-up Risk,950.98,0.04,0.02565824034916898,0.0543,7.2947,0.00947,0.3999,0.05211,7.6733
2022-06-30,OC-MULT-315,Multifamily,Irvine,57154,1966,0.96,0.7283,2501.06,2538.13,0.0522,0.351,1.3,0.038,0.3134,0.26,41.0,Market / Lease-up Risk,1393.94,0.04,0.060935999767540286,0.0522,13.9521,0.01978,0.7427,0.05147,14.4288
2022-06-30,OC-MULT-319,Multifamily,Newport Beach,19140,1974,0.941,0.4058,2626.9,2707.692,0.0505,0.302,1.2,0.155,0.118,0.508,20.0,Market / Lease-up Risk,5400.0,0.04,0.04356182316220328,0.0505,8.0356,0.01836,0.4132,0.05225,7.9085
2022-06-30,OC-MULT-323,Multifamily,Orange,55188,1985,0.927,0.8362,2623.93,2536.135,0.0473,0.304,1.2,0.088,0.2291,0.801,42.0,Market / Lease-up Risk,1148.15,0.04,0.03913840323441909,0.0473,17.6786,0.02892,0.8604,0.05234,16.4371
2022-06-30,OC-MULT-327,Multifamily,Santa Ana,26442,1979,0.967,0.3918,2190.85,2207.141,0.0546,0.376,1.4,0.009,0.0941,0.483,26.0,Market / Lease-up Risk,2296.3,0.04,0.02109259494501905,0.0546,7.1758,0.05218,0.4122,0.05169,7.9748
2022-06-30,OC-MULT-331,Multifamily,Costa Mesa,42636,1962,0.98,0.9507,2860.85,2766.149,0.0557,0.324,0.9,0.427,0.5818,0.152,44.0,Market / Lease-up Risk,3250.0,0.04,0.040668694429863185,0.0557,17.0682,0.04348,0.992,0.05144,19.2839
2022-06-30,OC-MULT-335,Multifamily,Fullerton,34122,1977,0.969,0.462,1850.09,1827.091,0.0521,0.315,1.2,0.162,0.105,0.477,33.0,Market / Lease-up Risk,1500.0,0.04,0.05296242513145677,0.0521,8.8676,0.05732,0.4885,0.05202,9.3909
2022-06-30,OC-MULT-339,Multifamily,Anaheim,29319,1969,0.956,0.6152,3089.87,3053.052,0.051,0.37,1.1,0.216,0.1226,0.315,29.0,Market / Lease-up Risk,950.98,0.04,0.05259763205064935,0.051,12.0627,0.01576,0.6249,0.05084,12.2921
2022-06-30,OC-MULT-343,Multifamily,Irvine,25914,1955,0.943,0.435,2946.45,2932.484,0.056,0.346,1.3,0.076,0.1492,0.128,21.0,Market / Lease-up Risk,1393.94,0.04,0.049998412436983074,0.056,7.7679,0.01473,0.4414,0.05189,8.5063
2022-06-30,OC-MULT-347,Multifamily,Newport Beach,27940,1974,0.938,0.56,3599.76,3742.42,0.0547,0.359,1.3,0.872,0.115,0.504,22.0,Market / Lease-up Risk,5400.0,0.04,0.02984629791257729,0.0547,10.2377,0.02355,0.5732,0.05206,11.0107
2022-06-30,OC-MULT-35,Multifamily,Irvine,36342,1970,0.967,0.4778,2469.93,2483.295,0.0527,0.37,1.0,0.359,0.1592,0.53,27.0,Market / Lease-up Risk,1393.94,0.04,0.05611634362031245,0.0527,9.0664,0.03682,0.4954,0.05207,9.5142
2022-06-30,OC-MULT-351,Multifamily,Orange,37480,1974,0.979,0.8036,2942.47,2999.609,0.0499,0.407,1.3,0.76,0.3229,0.621,40.0,Market / Lease-up Risk,1148.15,0.04,0.026572048948268236,0.0499,16.1042,0.03693,0.8333,0.05209,15.9981
2022-06-30,OC-MULT-355,Multifamily,Santa Ana,33775,1974,0.95,0.4769,2845.33,2809.924,0.0477,0.381,1.3,0.055,0.2807,0.44,25.0,Market / Lease-up Risk,2296.3,0.04,0.03622518399334826,0.0477,9.9979,0.01291,0.4831,0.05187,9.3123
2022-06-30,OC-MULT-359,Multifamily,Costa Mesa,73776,1967,0.959,0.8658,2490.38,2559.273,0.0561,0.4,1.0,0.166,0.3532,0.321,53.0,Market / Lease-up Risk,3250.0,0.04,0.027307035327695198,0.0561,15.4332,0.01531,0.8791,0.05187,16.9467
2022-06-30,OC-MULT-363,Multifamily,Fullerton,51408,1956,0.936,1.412,3896.0,3922.176,0.0496,0.371,1.2,0.484,0.3687,0.279,54.0,Market / Lease-up Risk,1500.0,0.04,0.029136069602917113,0.0496,28.4677,0.0292,1.4532,0.05255,27.6515
2022-06-30,OC-MULT-367,Multifamily,Anaheim,67816,1994,0.958,1.4212,3747.34,3765.412,0.0534,0.313,0.9,0.386,0.5456,0.922,49.0,Market / Lease-up Risk,950.98,0.04,0.046639180954526446,0.0534,26.6142,0.07506,1.5279,0.05241,29.1514
2022-06-30,OC-MULT-371,Multifamily,Irvine,22780,1966,0.954,0.3518,3355.83,3313.49,0.0479,0.433,1.0,0.461,0.2022,0.421,17.0,Market / Lease-up Risk,1393.94,0.04,0.02785841308080008,0.0479,7.3445,0.02405,0.3603,0.05232,6.8861
2022-06-30,OC-MULT-375,Multifamily,Newport Beach,34560,1986,0.935,0.7313,2811.93,2828.248,0.0518,0.343,1.4,0.432,0.4435,0.714,36.0,Market / Lease-up Risk,5400.0,0.04,0.02631719936304814,0.0518,14.1178,0.00898,0.7379,0.0519,14.216
2022-06-30,OC-MULT-379,Multifamily,Orange,66096,1960,0.96,1.0979,3398.52,3453.434,0.0529,0.385,0.9,0.112,0.1913,0.295,48.0,Market / Lease-up Risk,1148.15,0.04,0.05267449486635116,0.0529,20.7543,0.03543,1.1368,0.05163,22.0173
2022-06-30,OC-MULT-383,Multifamily,Santa Ana,52224,1963,0.965,1.0305,3318.86,3220.021,0.0521,0.412,1.3,0.03,0.2289,0.295,48.0,Market / Lease-up Risk,2296.3,0.04,0.03917766435540204,0.0521,19.7793,0.03181,1.0633,0.05153,20.6348
2022-06-30,OC-MULT-387,Multifamily,Costa Mesa,75544,1978,0.951,0.9773,2816.72,2719.214,0.0476,0.446,1.1,0.379,0.6174,0.712,56.0,Market / Lease-up Risk,3250.0,0.04,0.020699402955959192,0.0476,20.5315,0.02226,0.9991,0.05167,19.3358
2022-06-30,OC-MULT-39,Multifamily,Newport Beach,63971,1969,0.941,1.1398,3098.6,3046.669,0.0512,0.353,1.2,0.167,0.721,0.482,53.0,Market / Lease-up Risk,5400.0,0.04,0.0357716042184191,0.0512,22.2617,0.03131,1.1755,0.05201,22.6033
2022-06-30,OC-MULT-391,Multifamily,Fullerton,30778,1968,0.932,0.3882,2939.72,2844.885,0.0544,0.435,1.4,0.013,0.2121,0.428,22.0,Market / Lease-up Risk,1500.0,0.04,0.03946545608895155,0.0544,7.136,0.01912,0.3956,0.05166,7.6581
2022-06-30,OC-MULT-395,Multifamily,Anaheim,61336,1982,0.97,1.0917,3809.06,3727.637,0.0532,0.429,1.3,0.158,0.6407,0.529,44.0,Market / Lease-up Risk,950.98,0.04,0.04850302063652073,0.0532,20.5207,0.06006,1.1573,0.05134,22.5403
2022-06-30,OC-MULT-399,Multifamily,Irvine,48180,1982,0.935,1.0379,3331.11,3336.152,0.0521,0.356,1.4,0.458,0.3566,0.618,44.0,Market / Lease-up Risk,1393.94,0.04,0.034410447588906753,0.0521,19.9213,0.01425,1.0527,0.05258,20.0198
2022-06-30,OC-MULT-43,Multifamily,Orange,29792,1959,0.969,0.5586,2955.63,3042.342,0.052,0.389,1.3,0.718,0.3685,0.252,28.0,Market / Lease-up Risk,1148.15,0.04,0.045621631715868534,0.052,10.7423,0.03773,0.5797,0.05214,11.1173
2022-06-30,OC-MULT-47,Multifamily,Santa Ana,24725,1959,0.966,0.4334,2791.08,2844.387,0.0529,0.436,1.3,0.011,0.1296,0.326,25.0,Market / Lease-up Risk,2296.3,0.04,0.04531998609587417,0.0529,8.1928,0.04164,0.4514,0.05147,8.7704
2022-06-30,OC-MULT-51,Multifamily,Costa Mesa,36210,1968,0.954,0.5492,2320.69,2316.951,0.0557,0.36,1.4,0.365,0.1068,0.399,34.0,Market / Lease-up Risk,3250.0,0.04,0.03661003561984808,0.0557,9.86,0.02254,0.5616,0.05131,10.9458
2022-06-30,OC-MULT-55,Multifamily,Fullerton,23840,1980,0.975,0.2775,1860.36,1882.235,0.0567,0.329,0.9,0.22,0.1291,0.498,20.0,Market / Lease-up Risk,1500.0,0.04,0.03203955936695506,0.0567,4.8942,0.03117,0.2861,0.05206,5.4966
2022-06-30,OC-MULT-59,Multifamily,Anaheim,36344,1960,0.975,0.5233,2686.19,2690.836,0.0542,0.374,1.4,0.696,0.099,0.31,28.0,Market / Lease-up Risk,950.98,0.04,0.028336268723328215,0.0542,9.655,0.00718,0.5271,0.05212,10.112
2022-06-30,OC-MULT-63,Multifamily,Irvine,80064,1955,0.954,1.2761,2878.15,2906.658,0.0507,0.363,1.0,0.739,0.1361,0.238,64.0,Market / Lease-up Risk,1393.94,0.04,0.026147922731814714,0.0507,25.1696,0.03166,1.3165,0.05165,25.4875
2022-06-30,OC-MULT-67,Multifamily,Newport Beach,50912,1994,0.939,0.6254,2542.58,2446.853,0.0506,0.398,0.8,0.546,0.1066,0.81,37.0,Market / Lease-up Risk,5400.0,0.04,0.044448216235131684,0.0506,12.3597,0.02307,0.6398,0.05175,12.3643
2022-06-30,OC-MULT-71,Multifamily,Orange,55260,1955,0.959,0.9137,3247.05,3128.586,0.0566,0.428,0.8,0.142,0.43,0.159,45.0,Market / Lease-up Risk,1148.15,0.04,0.02527884113969618,0.0566,16.1431,0.03594,0.9465,0.05137,18.4255
2022-06-30,OC-MULT-75,Multifamily,Santa Ana,50653,1990,0.965,0.8757,3528.88,3598.742,0.0542,0.409,1.1,0.63,0.1737,0.82,37.0,Market / Lease-up Risk,2296.3,0.04,0.03280329958690331,0.0542,16.1568,0.04776,0.9175,0.0515,17.8159
2022-06-30,OC-MULT-79,Multifamily,Costa Mesa,14715,1958,0.965,0.4559,4179.83,4142.592,0.0546,0.339,1.2,0.021,0.1611,0.311,15.0,Market / Lease-up Risk,3250.0,0.04,0.050724041643484,0.0546,8.3498,0.03574,0.4722,0.05252,8.9914
2022-06-30,OC-MULT-83,Multifamily,Fullerton,21712,1994,0.924,0.5921,4106.12,4026.486,0.0495,0.423,1.2,0.071,0.2943,0.864,23.0,Market / Lease-up Risk,1500.0,0.04,0.03342574301395342,0.0495,11.9616,0.04595,0.6193,0.05227,11.8491
2022-06-30,OC-MULT-87,Multifamily,Anaheim,20736,1983,0.93,0.441,3500.19,3598.864,0.0561,0.36,1.2,0.333,0.147,0.568,18.0,Market / Lease-up Risk,950.98,0.04,0.02924846535853169,0.0561,7.861,0.04293,0.4599,0.0522,8.811
2022-06-30,OC-MULT-91,Multifamily,Irvine,80199,1988,0.927,1.2502,2884.9,2958.111,0.0476,0.369,1.5,0.265,0.6985,0.703,63.0,Market / Lease-up Risk,1393.94,0.04,0.03346739141189067,0.0476,26.2647,0.03748,1.2971,0.0511,25.3811
2022-06-30,OC-MULT-95,Multifamily,Newport Beach,24947,1967,0.932,0.3799,2747.28,2846.36,0.0562,0.315,1.3,0.213,0.1536,0.372,19.0,Market / Lease-up Risk,5400.0,0.04,0.027596932869767464,0.0562,6.7598,0.02459,0.3892,0.05233,7.4386
2022-06-30,OC-MULT-99,Multifamily,Orange,81538,1959,0.928,1.2453,2933.99,2850.714,0.0473,0.32,0.9,0.222,0.8161,0.374,59.0,Market / Lease-up Risk,1148.15,0.04,0.021142849526004582,0.0473,26.3277,0.00546,1.2521,0.05213,24.0189
2022-06-30,OC-OFFI-02,Office,Anaheim,204527,1993,0.931,3.4434,2.437,2.355,0.07,0.369,4.4,0.266,0.9211,0.826,,Market / Lease-up Risk,950.98,0.04,0.13903450758656957,0.07,49.1914,0.02021,3.513,0.07236,48.5457
2022-06-30,OC-OFFI-06,Office,Irvine,249125,1991,0.932,4.6239,2.52,2.559,0.074,0.328,4.1,0.361,0.4029,0.874,,Market / Lease-up Risk,1393.94,0.04,0.1468811745830604,0.074,62.4851,0.00162,4.6314,0.07322,63.2532
2022-06-30,OC-OFFI-10,Office,Newport Beach,123686,1958,0.893,2.1392,3.007,3.113,0.0644,0.435,4.6,0.387,0.192,0.317,,Market / Lease-up Risk,5400.0,0.04,0.13333363698566358,0.0644,33.2174,0.04124,2.2274,0.07233,30.7944
2022-06-30,OC-OFFI-102,Office,Santa Ana,97619,1962,0.777,1.7836,3.203,3.192,0.066,0.356,5.0,0.086,0.636,0.378,,Market / Lease-up Risk,2296.3,0.04,0.15383508343716412,0.066,27.0242,0.021,1.8211,0.07144,25.4918
2022-06-30,OC-OFFI-106,Office,Costa Mesa,229745,1957,0.787,2.8859,2.284,2.269,0.067,0.387,4.2,0.441,0.5608,0.29,,Market / Lease-up Risk,3250.0,0.04,0.11794543125306502,0.067,43.0731,0.00666,2.9051,0.07187,40.4232
2022-06-30,OC-OFFI-110,Office,Fullerton,227596,1956,0.937,4.6677,3.447,3.356,0.0704,0.443,4.9,0.016,1.0353,0.169,,Market / Lease-up Risk,1500.0,0.04,0.13020135221864484,0.0704,66.3026,0.01541,4.7396,0.07183,65.9866
2022-06-30,OC-OFFI-114,Office,Anaheim,124744,1965,0.884,2.1079,2.901,2.903,0.0679,0.422,2.3,0.539,0.6194,0.374,,Market / Lease-up Risk,950.98,0.04,0.12851479653379502,0.0679,31.0442,0.04278,2.1981,0.07167,30.67
2022-06-30,OC-OFFI-118,Office,Irvine,242201,1991,0.947,4.6315,3.105,3.021,0.0647,0.447,6.3,0.007,0.9798,0.962,,Market / Lease-up Risk,1393.94,0.04,0.15096220064929514,0.0647,71.5842,0.04411,4.8358,0.07205,67.1147
2022-06-30,OC-OFFI-122,Office,Newport Beach,241816,1975,0.932,2.8987,1.764,1.753,0.071,0.38,5.9,0.116,1.3084,0.533,,Market / Lease-up Risk,5400.0,0.04,0.10982260004796436,0.071,40.8268,0.01565,2.9441,0.0718,41.0049
2022-06-30,OC-OFFI-126,Office,Orange,170265,1991,0.784,2.487,2.354,2.389,0.0608,0.327,2.3,0.23,0.7631,0.941,,Market / Lease-up Risk,1148.15,0.04,0.12798701029177384,0.0608,40.9046,-9e-05,2.4868,0.07186,34.6039
2022-06-30,OC-OFFI-130,Office,Santa Ana,213012,1980,0.906,3.0953,2.296,2.254,0.0763,0.406,6.0,0.173,0.3549,0.532,,Market / Lease-up Risk,2296.3,0.04,0.13708919792353408,0.0763,40.5675,0.02212,3.1638,0.07184,44.0408
2022-06-30,OC-OFFI-134,Office,Costa Mesa,109268,1955,0.909,1.7891,2.772,2.85,0.0728,0.43,2.9,0.227,0.2061,0.096,,Market / Lease-up Risk,3250.0,0.04,0.1568688172624403,0.0728,24.5755,0.00023,1.7895,0.07137,25.0721
2022-06-30,OC-OFFI-138,Office,Fullerton,202405,1983,0.839,4.3063,3.803,3.688,0.0741,0.433,4.1,0.379,0.6611,0.821,,Market / Lease-up Risk,1500.0,0.04,0.1339532188123359,0.0741,58.1147,0.0405,4.4807,0.0714,62.7566
2022-06-30,OC-OFFI-14,Office,Orange,234989,1984,0.853,5.2134,3.351,3.45,0.0718,0.34,4.3,0.688,2.2862,0.62,,Market / Lease-up Risk,1148.15,0.04,0.13634218638370985,0.0718,72.61,0.00187,5.2231,0.07174,72.8058
2022-06-30,OC-OFFI-142,Office,Anaheim,140186,1961,0.868,2.0064,2.551,2.478,0.0635,0.433,6.5,0.213,0.3841,0.226,,Market / Lease-up Risk,950.98,0.04,0.1219605794866964,0.0635,31.5969,0.00911,2.0247,0.07115,28.4576
2022-06-30,OC-OFFI-146,Office,Irvine,147449,1974,0.772,2.919,3.279,3.352,0.0703,0.335,4.7,0.174,1.3344,0.613,,Market / Lease-up Risk,1393.94,0.04,0.13952026425749137,0.0703,41.522,0.00837,2.9434,0.07214,40.8011
2022-06-30,OC-OFFI-150,Office,Newport Beach,134566,1966,0.931,2.4416,2.622,2.636,0.0694,0.348,4.3,0.407,0.5588,0.475,,Market / Lease-up Risk,5400.0,0.04,0.1377099590878152,0.0694,35.1816,0.02773,2.5093,0.07256,34.5846
2022-06-30,OC-OFFI-154,Office,Orange,229187,1957,0.818,3.6261,2.651,2.646,0.0688,0.36,4.5,0.439,0.3053,0.139,,Market / Lease-up Risk,1148.15,0.04,0.12591395808989259,0.0688,52.7049,0.03292,3.7455,0.07224,51.8482
2022-06-30,OC-OFFI-158,Office,Santa Ana,246303,1955,0.792,4.6121,3.068,2.961,0.0722,0.324,2.8,0.143,1.9841,0.192,,Market / Lease-up Risk,2296.3,0.04,0.1276603596534952,0.0722,63.8795,0.01356,4.6746,0.072,64.9259
2022-06-30,OC-OFFI-162,Office,Costa Mesa,176505,1979,0.802,3.0859,3.064,3.114,0.0765,0.395,2.9,0.279,1.1903,0.516,,Market / Lease-up Risk,3250.0,0.04,0.13249825469597593,0.0765,40.3386,0.0062,3.105,0.07275,42.6822
2022-06-30,OC-OFFI-166,Office,Fullerton,238838,1976,0.934,5.3353,3.275,3.359,0.0644,0.379,3.7,0.118,1.8529,0.696,,Market / Lease-up Risk,1500.0,0.04,0.12104846468758738,0.0644,82.8463,0.02178,5.4515,0.07198,75.7362
2022-06-30,OC-OFFI-170,Office,Anaheim,176457,1991,0.914,3.1435,2.744,2.79,0.0677,0.396,3.1,0.471,0.4111,0.738,,Market / Lease-up Risk,950.98,0.04,0.13267464566744128,0.0677,46.4328,0.01562,3.1926,0.07202,44.3298
2022-06-30,OC-OFFI-174,Office,Irvine,158836,1995,0.81,2.62,2.867,2.781,0.0603,0.396,5.7,0.133,0.9811,0.863,,Market / Lease-up Risk,1393.94,0.04,0.13686035580580333,0.0603,43.4494,0.01995,2.6723,0.07199,37.1174
2022-06-30,OC-OFFI-178,Office,Newport Beach,210642,1969,0.945,4.1404,3.103,3.053,0.0697,0.412,7.0,0.539,0.5223,0.365,,Market / Lease-up Risk,5400.0,0.04,0.1507415291979911,0.0697,59.4032,0.03673,4.2925,0.07159,59.9605
2022-06-30,OC-OFFI-18,Office,Santa Ana,166619,1983,0.826,2.53,2.837,2.9,0.0738,0.449,2.7,0.067,0.8612,0.588,,Market / Lease-up Risk,2296.3,0.04,0.12719578120523795,0.0738,34.2818,0.02363,2.5898,0.07199,35.9762
2022-06-30,OC-OFFI-182,Office,Orange,160707,1967,0.754,1.5817,2.052,2.132,0.064,0.442,5.6,0.127,0.5963,0.342,,Market / Lease-up Risk,1148.15,0.04,0.1436236738561128,0.064,24.7141,0.01224,1.6011,0.0725,22.0846
2022-06-30,OC-OFFI-186,Office,Santa Ana,257685,1955,0.91,3.5126,2.25,2.323,0.0703,0.416,5.3,0.157,1.7414,0.143,,Market / Lease-up Risk,2296.3,0.04,0.11865458616998559,0.0703,49.9659,0.02914,3.615,0.07163,50.4667
2022-06-30,OC-OFFI-190,Office,Costa Mesa,211285,1969,0.921,2.8847,2.243,2.271,0.0663,0.438,6.8,0.397,0.4575,0.519,,Market / Lease-up Risk,3250.0,0.04,0.14400749909135674,0.0663,43.5098,0.01804,2.9367,0.0727,40.3933
2022-06-30,OC-OFFI-194,Office,Fullerton,137191,1986,0.807,2.2796,2.766,2.809,0.0701,0.367,5.9,0.149,0.5571,0.613,,Market / Lease-up Risk,1500.0,0.04,0.13968168552863486,0.0701,32.5193,0.01144,2.3057,0.07211,31.9735
2022-06-30,OC-OFFI-198,Office,Anaheim,97433,1977,0.77,1.4297,2.868,2.864,0.069,0.435,6.2,0.195,0.3428,0.699,,Market / Lease-up Risk,950.98,0.04,0.10636344389872668,0.069,20.7203,0.00775,1.4408,0.072,20.0104
2022-06-30,OC-OFFI-202,Office,Irvine,127925,1974,0.889,2.0507,2.426,2.412,0.0701,0.348,3.3,0.299,0.5098,0.431,,Market / Lease-up Risk,1393.94,0.04,0.1518459351598266,0.0701,29.2539,0.01892,2.0895,0.07156,29.1994
2022-06-30,OC-OFFI-206,Office,Newport Beach,205467,1984,0.945,4.0962,3.109,3.066,0.0752,0.423,2.4,0.019,1.887,0.652,,Market / Lease-up Risk,5400.0,0.04,0.1456071769136336,0.0752,54.4707,0.01792,4.1696,0.07171,58.1482
2022-06-30,OC-OFFI-210,Office,Orange,90319,1979,0.772,1.6191,3.526,3.633,0.0722,0.44,2.7,0.132,0.6942,0.636,,Market / Lease-up Risk,1148.15,0.04,0.13919141551677255,0.0722,22.4252,0.00052,1.6199,0.07234,22.3922
2022-06-30,OC-OFFI-214,Office,Santa Ana,240364,1966,0.91,4.7526,3.309,3.338,0.0614,0.424,3.4,0.229,2.5474,0.5,,Market / Lease-up Risk,2296.3,0.04,0.12984350908956122,0.0614,77.4039,0.03279,4.9084,0.07257,67.6406
2022-06-30,OC-OFFI-218,Office,Costa Mesa,196110,1965,0.824,3.4962,2.82,2.881,0.063,0.327,3.8,0.416,0.506,0.405,,Market / Lease-up Risk,3250.0,0.04,0.14287184853726795,0.063,55.4952,0.03801,3.6291,0.07135,50.8661
2022-06-30,OC-OFFI-22,Office,Costa Mesa,203180,1958,0.814,4.189,3.703,3.716,0.0671,0.4,5.0,0.309,1.669,0.163,,Market / Lease-up Risk,3250.0,0.04,0.12972820581242606,0.0671,62.4292,0.00063,4.1917,0.07188,58.3153
2022-06-30,OC-OFFI-222,Office,Fullerton,246581,1985,0.812,3.8137,2.575,2.597,0.0692,0.371,3.6,0.085,1.0471,0.756,,Market / Lease-up Risk,1500.0,0.04,0.13449635621029765,0.0692,55.1113,0.03256,3.9379,0.07103,55.4413
2022-06-30,OC-OFFI-226,Office,Anaheim,156876,1965,0.883,3.2107,3.167,3.137,0.0745,0.358,3.7,0.526,0.9157,0.202,,Market / Lease-up Risk,950.98,0.04,0.1367947408197931,0.0745,43.0966,0.0307,3.3093,0.0728,45.4602
2022-06-30,OC-OFFI-230,Office,Irvine,227414,1978,0.865,4.2691,3.334,3.35,0.0744,0.429,3.4,0.397,1.4515,0.471,,Market / Lease-up Risk,1393.94,0.04,0.12534072313139932,0.0744,57.3804,0.0244,4.3733,0.07242,60.3918
2022-06-30,OC-OFFI-234,Office,Newport Beach,114375,1970,0.882,2.176,3.052,2.967,0.0691,0.399,6.6,0.117,0.8491,0.526,,Market / Lease-up Risk,5400.0,0.04,0.14028141440287376,0.0691,31.4906,0.01552,2.2098,0.07166,30.8386
2022-06-30,OC-OFFI-238,Office,Orange,174501,1988,0.891,3.6899,3.183,3.275,0.0659,0.366,4.4,0.556,0.9878,0.718,,Market / Lease-up Risk,1148.15,0.04,0.15993372406341866,0.0659,55.9924,0.02414,3.779,0.07179,52.6405
2022-06-30,OC-OFFI-242,Office,Santa Ana,163341,1964,0.889,3.3839,3.255,3.188,0.064,0.372,3.2,0.129,0.4852,0.328,,Market / Lease-up Risk,2296.3,0.04,0.12590365273576387,0.064,52.8734,0.02869,3.481,0.07216,48.2431
2022-06-30,OC-OFFI-246,Office,Costa Mesa,186117,1961,0.846,3.0502,2.431,2.435,0.0666,0.301,5.6,0.089,0.5686,0.31,,Market / Lease-up Risk,3250.0,0.04,0.1338370641299245,0.0666,45.7988,0.00338,3.0605,0.07201,42.5008
2022-06-30,OC-OFFI-250,Office,Fullerton,108981,1988,0.838,1.5199,2.069,2.013,0.0705,0.316,3.7,0.124,0.6003,0.724,,Market / Lease-up Risk,1500.0,0.04,0.13886647197814897,0.0705,21.5589,0.03681,1.5759,0.07208,21.8632
2022-06-30,OC-OFFI-254,Office,Anaheim,213146,1984,0.756,3.5638,2.782,2.865,0.0763,0.324,6.5,0.086,0.5551,0.595,,Market / Lease-up Risk,950.98,0.04,0.14659602232657387,0.0763,46.7077,0.02887,3.6667,0.07212,50.8448
2022-06-30,OC-OFFI-258,Office,Irvine,110366,1962,0.92,1.5113,1.906,1.899,0.0692,0.315,5.1,0.126,0.1677,0.277,,Market / Lease-up Risk,1393.94,0.04,0.1277524862653439,0.0692,21.8396,0.03405,1.5628,0.0725,21.556
2022-06-30,OC-OFFI-26,Office,Fullerton,123836,1965,0.833,2.4157,2.943,2.836,0.0754,0.302,3.3,0.154,0.7137,0.435,,Market / Lease-up Risk,1500.0,0.04,0.13591099873515766,0.0754,32.0385,0.03295,2.4953,0.07168,34.8133
2022-06-30,OC-OFFI-262,Office,Newport Beach,199169,1968,0.912,2.2711,1.752,1.691,0.0699,0.374,3.3,0.522,0.5806,0.494,,Market / Lease-up Risk,5400.0,0.04,0.13841183635782722,0.0699,32.4907,0.0416,2.3656,0.07142,33.1205
2022-06-30,OC-OFFI-266,Office,Orange,216121,1980,0.867,2.9167,2.306,2.222,0.0711,0.426,3.7,0.217,1.191,0.739,,Market / Lease-up Risk,1148.15,0.04,0.12815787131325718,0.0711,41.0225,0.02497,2.9895,0.07162,41.7415
2022-06-30,OC-OFFI-270,Office,Santa Ana,212389,1993,0.793,3.0302,2.684,2.745,0.0722,0.43,3.2,0.593,0.9301,0.754,,Market / Lease-up Risk,2296.3,0.04,0.14209962149575725,0.0722,41.9695,0.01637,3.0798,0.07177,42.9138
2022-06-30,OC-OFFI-274,Office,Costa Mesa,131291,1970,0.885,2.8188,3.346,3.223,0.0692,0.364,4.2,0.454,0.2164,0.42,,Market / Lease-up Risk,3250.0,0.04,0.14939899535281337,0.0692,40.7341,0.01368,2.8574,0.072,39.6839
2022-06-30,OC-OFFI-278,Office,Fullerton,114506,2001,0.87,1.9035,2.917,2.802,0.0711,0.443,3.7,0.203,0.2571,0.902,,Market / Lease-up Risk,1500.0,0.04,0.1422590875579074,0.0711,26.7722,0.02413,1.9494,0.07238,26.933
2022-06-30,OC-OFFI-282,Office,Anaheim,248847,1958,0.92,4.6089,2.563,2.597,0.0632,0.311,3.4,0.696,2.5523,0.297,,Market / Lease-up Risk,950.98,0.04,0.12885249215313715,0.0632,72.9256,0.00145,4.6156,0.0715,64.558
2022-06-30,OC-OFFI-286,Office,Irvine,162100,1978,0.904,3.4021,3.014,3.044,0.0668,0.345,5.0,0.167,0.6802,0.589,,Market / Lease-up Risk,1393.94,0.04,0.12648425491685508,0.0668,50.9296,0.01992,3.4699,0.07217,48.0824
2022-06-30,OC-OFFI-290,Office,Newport Beach,257634,1957,0.898,3.4933,2.044,2.103,0.071,0.352,6.3,0.098,1.3701,0.207,,Market / Lease-up Risk,5400.0,0.04,0.11502229524565401,0.071,49.2014,0.01461,3.5443,0.07195,49.264
2022-06-30,OC-OFFI-294,Office,Orange,173755,1960,0.909,3.1517,3.171,3.06,0.07,0.448,5.1,0.312,0.6686,0.26,,Market / Lease-up Risk,1148.15,0.04,0.14000684661474544,0.07,45.0243,0.02323,3.2249,0.07102,45.4086
2022-06-30,OC-OFFI-298,Office,Santa Ana,111627,1973,0.946,1.5988,2.359,2.435,0.0627,0.437,2.9,0.042,0.5355,0.492,,Market / Lease-up Risk,2296.3,0.04,0.1407575473460041,0.0627,25.4992,0.0508,1.68,0.07278,23.082
2022-06-30,OC-OFFI-30,Office,Anaheim,184653,1955,0.806,2.5644,2.597,2.535,0.0715,0.418,6.9,0.254,0.5458,0.028,,Market / Lease-up Risk,950.98,0.04,0.14216916870316063,0.0715,35.8657,0.00761,2.5839,0.0717,36.0363
2022-06-30,OC-OFFI-302,Office,Costa Mesa,93407,1955,0.946,0.9578,1.372,1.407,0.0717,0.307,2.8,0.069,0.4143,0.253,,Market / Lease-up Risk,3250.0,0.04,0.13385838868385794,0.0717,13.3584,-0.00015,0.9577,0.07141,13.4111
2022-06-30,OC-OFFI-306,Office,Fullerton,124782,1988,0.81,1.8239,2.579,2.514,0.0637,0.405,2.5,0.177,0.9957,0.679,,Market / Lease-up Risk,1500.0,0.04,0.11580440397864769,0.0637,28.6327,0.00297,1.8293,0.07256,25.2095
2022-06-30,OC-OFFI-310,Office,Anaheim,119878,1957,0.826,2.5103,3.28,3.174,0.0639,0.322,3.1,0.238,1.1571,0.252,,Market / Lease-up Risk,950.98,0.04,0.1074487575415876,0.0639,39.2848,0.01198,2.5404,0.07273,34.9279
2022-06-30,OC-OFFI-314,Office,Irvine,113205,1971,0.77,2.0754,3.347,3.344,0.063,0.376,5.5,0.635,0.4795,0.344,,Market / Lease-up Risk,1393.94,0.04,0.14053847282164605,0.063,32.9429,0.00472,2.0852,0.07201,28.9579
2022-06-30,OC-OFFI-318,Office,Newport Beach,110208,1973,0.756,1.9167,3.512,3.515,0.0642,0.443,4.5,0.049,0.5771,0.587,,Market / Lease-up Risk,5400.0,0.04,0.13669037891353306,0.0642,29.8551,0.03273,1.9794,0.07177,27.5817
2022-06-30,OC-OFFI-322,Office,Orange,196547,1963,0.86,3.9802,3.051,2.988,0.0642,0.323,3.0,0.039,0.8537,0.393,,Market / Lease-up Risk,1148.15,0.04,0.12591516526359658,0.0642,61.9969,0.02921,4.0964,0.07045,58.149
2022-06-30,OC-OFFI-326,Office,Santa Ana,239917,1968,0.943,4.977,3.356,3.249,0.0743,0.425,2.7,0.447,1.3016,0.392,,Market / Lease-up Risk,2296.3,0.04,0.12599306914269315,0.0743,66.9852,-0.00143,4.9699,0.07224,68.7968
2022-06-30,OC-OFFI-330,Office,Costa Mesa,199020,1970,0.911,2.8159,2.407,2.454,0.0687,0.434,4.9,0.334,0.607,0.354,,Market / Lease-up Risk,3250.0,0.04,0.13061654389766528,0.0687,40.9884,0.00481,2.8294,0.07168,39.4751
2022-06-30,OC-OFFI-334,Office,Fullerton,208772,1960,0.865,3.7784,2.637,2.724,0.0624,0.304,4.7,0.004,1.3371,0.33,,Market / Lease-up Risk,1500.0,0.04,0.13614295125679535,0.0624,60.5513,0.03637,3.9158,0.07241,54.0758
2022-06-30,OC-OFFI-338,Office,Anaheim,125762,1955,0.834,2.5405,3.066,2.974,0.0695,0.307,2.7,0.179,0.5165,0.165,,Market / Lease-up Risk,950.98,0.04,0.10962178369418815,0.0695,36.554,0.01362,2.5751,0.07191,35.8108
2022-06-30,OC-OFFI-34,Office,Irvine,236013,1971,0.792,4.4684,3.182,3.199,0.0748,0.341,2.3,0.01,2.0367,0.46,,Market / Lease-up Risk,1393.94,0.04,0.15973326547134994,0.0748,59.738,-0.02195,4.3703,0.07247,60.3041
2022-06-30,OC-OFFI-342,Office,Irvine,230302,1980,0.77,4.4292,3.499,3.624,0.0695,0.393,6.2,0.02,1.3799,0.733,,Market / Lease-up Risk,1393.94,0.04,0.11927221594044872,0.0695,63.7295,0.03219,4.5718,0.07195,63.5372
2022-06-30,OC-OFFI-346,Office,Newport Beach,192434,1973,0.93,4.8348,4.143,4.231,0.0612,0.428,6.1,0.583,1.3775,0.459,,Market / Lease-up Risk,5400.0,0.04,0.1470385457100317,0.0612,79.0,0.01449,4.9048,0.0722,67.9325
2022-06-30,OC-OFFI-350,Office,Orange,108576,1957,0.824,1.7775,2.895,2.999,0.0655,0.398,3.3,0.219,0.8095,0.119,,Market / Lease-up Risk,1148.15,0.04,0.11829921787676254,0.0655,27.1374,0.00985,1.795,0.0716,25.0693
2022-06-30,OC-OFFI-354,Office,Santa Ana,246690,1963,0.766,5.1079,3.74,3.84,0.0683,0.366,6.8,0.246,2.0305,0.274,,Market / Lease-up Risk,2296.3,0.04,0.1351791901617516,0.0683,74.7862,0.00684,5.1428,0.07198,71.4447
2022-06-30,OC-OFFI-358,Office,Costa Mesa,189148,1955,0.948,3.7752,2.773,2.79,0.0669,0.334,3.4,0.759,1.7769,0.166,,Market / Lease-up Risk,3250.0,0.04,0.12997826374483681,0.0669,56.4305,-0.00022,3.7744,0.07186,52.5242
2022-06-30,OC-OFFI-362,Office,Fullerton,151922,1955,0.768,2.1724,2.548,2.621,0.0733,0.359,5.9,0.151,0.5517,0.138,,Market / Lease-up Risk,1500.0,0.04,0.14832680732609602,0.0733,29.6371,0.02614,2.2292,0.07249,30.75
2022-06-30,OC-OFFI-366,Office,Anaheim,246526,1990,0.891,4.3419,2.505,2.541,0.0725,0.329,5.8,0.389,1.461,0.756,,Market / Lease-up Risk,950.98,0.04,0.14222001263804446,0.0725,59.8883,0.01657,4.4138,0.07265,60.7519
2022-06-30,OC-OFFI-370,Office,Irvine,126340,1955,0.871,2.35,3.051,3.152,0.0759,0.386,5.3,0.344,0.3147,0.012,,Market / Lease-up Risk,1393.94,0.04,0.10505161969889117,0.0759,30.9618,0.02009,2.3972,0.07192,33.333
2022-06-30,OC-OFFI-374,Office,Newport Beach,229378,1974,0.789,3.3685,2.669,2.689,0.0732,0.407,2.9,0.063,0.4425,0.598,,Market / Lease-up Risk,5400.0,0.04,0.11914060995442326,0.0732,46.0178,0.03645,3.4913,0.07218,48.3674
2022-06-30,OC-OFFI-378,Office,Orange,145808,1981,0.768,3.2812,3.675,3.815,0.0706,0.322,6.3,0.164,1.1376,0.697,,Market / Lease-up Risk,1148.15,0.04,0.12754755343543595,0.0706,46.4759,0.05012,3.4456,0.07141,48.2509
2022-06-30,OC-OFFI-38,Office,Newport Beach,144610,1994,0.942,3.1875,2.867,2.866,0.061,0.306,5.3,0.066,1.6892,0.78,,Market / Lease-up Risk,5400.0,0.04,0.15272358635145736,0.061,52.2541,0.02279,3.2601,0.07204,45.2523
2022-06-30,OC-OFFI-382,Office,Santa Ana,257930,1971,0.784,4.2322,3.296,3.17,0.0629,0.443,4.6,0.747,1.3988,0.367,,Market / Lease-up Risk,2296.3,0.04,0.14302101361719302,0.0629,67.2846,0.01532,4.297,0.07216,59.5475
2022-06-30,OC-OFFI-386,Office,Costa Mesa,218429,1970,0.803,4.3704,3.567,3.569,0.062,0.406,6.0,0.519,1.6654,0.551,,Market / Lease-up Risk,3250.0,0.04,0.1732059683955991,0.062,70.4903,0.00296,4.3833,0.07233,60.5986
2022-06-30,OC-OFFI-390,Office,Fullerton,208258,1969,0.782,3.1414,2.579,2.635,0.0674,0.364,6.1,0.757,1.2344,0.535,,Market / Lease-up Risk,1500.0,0.04,0.13259235692644927,0.0674,46.6083,0.00867,3.1686,0.07263,43.6255
2022-06-30,OC-OFFI-394,Office,Anaheim,238146,1977,0.868,5.7479,4.035,3.904,0.0646,0.414,6.4,0.451,2.5107,0.718,,Market / Lease-up Risk,950.98,0.04,0.12061732100018412,0.0646,88.9768,0.01629,5.8415,0.07122,82.0264
2022-06-30,OC-OFFI-398,Office,Irvine,232982,1967,0.844,3.8823,2.721,2.707,0.0685,0.383,2.8,0.434,1.5823,0.52,,Market / Lease-up Risk,1393.94,0.04,0.11967804671426678,0.0685,56.6759,-0.00417,3.8661,0.07208,53.6367
2022-06-30,OC-OFFI-42,Office,Orange,148963,1984,0.863,2.2077,2.39,2.333,0.0662,0.389,4.7,0.023,0.2033,0.581,,Market / Lease-up Risk,1148.15,0.04,0.13531630102021724,0.0662,33.3489,0.04713,2.3117,0.07268,31.8061
2022-06-30,OC-OFFI-46,Office,Santa Ana,181781,1993,0.764,2.3263,2.301,2.333,0.0634,0.381,5.6,0.262,0.8817,0.836,,Market / Lease-up Risk,2296.3,0.04,0.12223075760050625,0.0634,36.6924,0.03846,2.4158,0.07264,33.2549
2022-06-30,OC-OFFI-50,Office,Costa Mesa,253771,1969,0.929,4.7243,3.0,2.892,0.0719,0.432,3.4,0.061,2.1251,0.517,,Market / Lease-up Risk,3250.0,0.04,0.11399644495629534,0.0719,65.7065,0.02611,4.8476,0.07208,67.2501
2022-06-30,OC-OFFI-54,Office,Fullerton,252922,1959,0.823,2.931,1.915,1.947,0.0745,0.355,5.1,0.296,0.4565,0.314,,Market / Lease-up Risk,1500.0,0.04,0.13257841747116403,0.0745,39.3423,0.04566,3.0648,0.07249,42.2786
2022-06-30,OC-OFFI-58,Office,Anaheim,136219,1986,0.936,2.832,3.337,3.462,0.0716,0.434,5.5,0.596,1.3147,0.839,,Market / Lease-up Risk,950.98,0.04,0.13998329686013797,0.0716,39.5531,0.02461,2.9017,0.07226,40.1572
2022-06-30,OC-OFFI-62,Office,Irvine,95018,1987,0.913,1.8086,2.892,2.792,0.0713,0.387,4.9,0.282,0.3643,0.661,,Market / Lease-up Risk,1393.94,0.04,0.14218272379867236,0.0713,25.3661,0.01686,1.8391,0.07231,25.4349
2022-06-30,OC-OFFI-66,Office,Newport Beach,240473,1973,0.903,5.9476,3.332,3.436,0.0615,0.301,5.0,0.856,1.5036,0.52,,Market / Lease-up Risk,5400.0,0.04,0.15263275021254857,0.0615,96.7089,0.01428,6.0325,0.07228,83.4595
2022-06-30,OC-OFFI-70,Office,Orange,99119,1982,0.857,1.2179,1.867,1.844,0.0643,0.347,4.3,0.036,0.4721,0.728,,Market / Lease-up Risk,1148.15,0.04,0.15474437718539547,0.0643,18.9409,0.02219,1.2449,0.07199,17.2931
2022-06-30,OC-OFFI-74,Office,Santa Ana,239263,1986,0.819,4.5064,2.88,2.871,0.0616,0.321,5.7,0.209,2.3571,0.647,,Market / Lease-up Risk,2296.3,0.04,0.1424258132583876,0.0616,73.1558,0.00751,4.5402,0.07235,62.7546
2022-06-30,OC-OFFI-78,Office,Costa Mesa,145274,1966,0.81,2.8511,3.158,3.19,0.0625,0.327,5.3,0.503,0.5949,0.49,,Market / Lease-up Risk,3250.0,0.04,0.14722284713467323,0.0625,45.6176,0.00775,2.8732,0.07179,40.0234
2022-06-30,OC-OFFI-82,Office,Fullerton,179042,1964,0.87,2.9651,2.76,2.817,0.0713,0.395,6.8,0.014,1.125,0.332,,Market / Lease-up Risk,1500.0,0.04,0.11621118482931005,0.0713,41.5863,0.02321,3.0339,0.07291,41.6127
2022-06-30,OC-OFFI-86,Office,Anaheim,128830,1980,0.842,2.9501,3.416,3.519,0.0607,0.323,2.4,0.524,1.0328,0.693,,Market / Lease-up Risk,950.98,0.04,0.12359969750091404,0.0607,48.6013,0.01589,2.997,0.07265,41.2528
2022-06-30,OC-OFFI-90,Office,Irvine,189048,1999,0.776,2.7957,2.552,2.47,0.0746,0.365,6.6,0.469,0.9383,0.921,,Market / Lease-up Risk,1393.94,0.04,0.13470200985265315,0.0746,37.4759,0.00838,2.8191,0.07211,39.096
2022-06-30,OC-OFFI-94,Office,Newport Beach,187834,1970,0.883,3.4677,2.603,2.616,0.0622,0.317,3.2,0.431,1.6496,0.505,,Market / Lease-up Risk,5400.0,0.04,0.11880448953034461,0.0622,55.7508,-0.00418,3.4532,0.07178,48.1074
2022-06-30,OC-OFFI-98,Office,Orange,188512,1969,0.801,4.0144,3.549,3.621,0.0614,0.363,3.3,0.184,0.454,0.56,,Market / Lease-up Risk,1148.15,0.04,0.1323166190623485,0.0614,65.3811,0.04885,4.2105,0.07246,58.1051
2022-06-30,OC-RETA-04,Retail,Anaheim,128339,1975,0.91,2.7576,3.27,3.322,0.0669,0.386,5.1,0.243,0.5694,0.568,,Market / Lease-up Risk,950.98,0.04,0.07945062681922771,0.0669,41.2197,0.03337,2.8496,0.06564,43.4123
2022-06-30,OC-RETA-08,Retail,Irvine,76971,1983,0.918,1.5335,2.734,2.698,0.0687,0.325,4.6,0.08,0.2847,0.574,,Market / Lease-up Risk,1393.94,0.04,0.07810104078721877,0.0687,22.3217,0.01464,1.5559,0.0642,24.2346
2022-06-30,OC-RETA-100,Retail,Orange,109371,1995,0.889,1.9339,2.61,2.632,0.0633,0.352,5.9,0.15,1.0175,0.8,,Market / Lease-up Risk,1148.15,0.04,0.06435847879764414,0.0633,30.5513,0.01229,1.9577,0.06481,30.2075
2022-06-30,OC-RETA-104,Retail,Santa Ana,110132,1955,0.96,2.1223,3.167,3.05,0.0609,0.444,3.7,0.307,0.6133,0.14,,Market / Lease-up Risk,2296.3,0.04,0.04774808502428795,0.0609,34.8489,0.01915,2.163,0.06535,33.0955
2022-06-30,OC-RETA-108,Retail,Costa Mesa,47730,1966,0.93,0.6756,2.07,2.093,0.0592,0.355,5.9,0.293,0.166,0.455,,Market / Lease-up Risk,3250.0,0.04,0.06587714928597042,0.0592,11.4122,0.01358,0.6848,0.06525,10.4949
2022-06-30,OC-RETA-112,Retail,Fullerton,116383,1955,0.938,2.5954,3.305,3.313,0.0632,0.369,2.5,0.228,1.0683,0.066,,Market / Lease-up Risk,1500.0,0.04,0.07221275760835383,0.0632,41.0665,0.03229,2.6792,0.06502,41.2033
2022-06-30,OC-RETA-116,Retail,Anaheim,37887,1980,0.959,0.8367,3.226,3.101,0.067,0.393,4.1,0.098,0.2945,0.532,,Market / Lease-up Risk,950.98,0.04,0.07300099195664875,0.067,12.4881,-0.0061,0.8316,0.06606,12.5886
2022-06-30,OC-RETA-12,Retail,Newport Beach,62149,1984,0.943,1.0625,2.658,2.555,0.0659,0.42,3.5,0.792,0.389,0.724,,Market / Lease-up Risk,5400.0,0.04,0.06601376281951155,0.0659,16.1229,0.01655,1.0801,0.06435,16.7857
2022-06-30,OC-RETA-120,Retail,Irvine,141539,1977,0.95,2.8175,2.95,3.053,0.0591,0.396,5.2,0.368,0.9681,0.595,,Market / Lease-up Risk,1393.94,0.04,0.07220893364457943,0.0591,47.6734,0.0182,2.8688,0.06551,43.79
2022-06-30,OC-RETA-124,Retail,Newport Beach,40284,1982,0.958,0.8653,3.237,3.142,0.0596,0.411,5.3,0.18,0.501,0.698,,Market / Lease-up Risk,5400.0,0.04,0.0672227779358061,0.0596,14.5185,0.02938,0.8907,0.06478,13.751
2022-06-30,OC-RETA-128,Retail,Orange,60797,1971,0.902,1.4164,3.491,3.488,0.0667,0.351,3.3,0.055,0.6615,0.333,,Market / Lease-up Risk,1148.15,0.04,0.07248469797591538,0.0667,21.2354,0.00824,1.4281,0.06505,21.9546
2022-06-30,OC-RETA-132,Retail,Santa Ana,93144,1955,0.888,1.3368,2.457,2.425,0.063,0.423,4.4,0.145,0.6474,0.132,,Market / Lease-up Risk,2296.3,0.04,0.07469756449273231,0.063,21.219,0.05027,1.404,0.06494,21.62
2022-06-30,OC-RETA-136,Retail,Costa Mesa,53631,1970,0.92,1.3338,3.8,3.863,0.06,0.376,3.6,0.582,0.6901,0.479,,Market / Lease-up Risk,3250.0,0.04,0.057438495608213354,0.06,22.23,0.01385,1.3523,0.0658,20.5508
2022-06-30,OC-RETA-140,Retail,Fullerton,138702,1993,0.95,3.3097,3.091,3.121,0.0665,0.309,2.3,0.192,0.6943,0.924,,Market / Lease-up Risk,1500.0,0.04,0.04969608838995773,0.0665,49.7699,0.02137,3.3804,0.06498,52.0234
2022-06-30,OC-RETA-144,Retail,Anaheim,81234,1965,0.921,1.5758,2.666,2.607,0.0627,0.307,3.9,0.207,0.6926,0.464,,Market / Lease-up Risk,950.98,0.04,0.08089101612309055,0.0627,25.1324,0.02548,1.6159,0.06416,25.1874
2022-06-30,OC-RETA-148,Retail,Irvine,112728,1969,0.906,2.7935,4.18,4.341,0.0667,0.426,5.8,0.135,0.7929,0.301,,Market / Lease-up Risk,1393.94,0.04,0.05821715000207291,0.0667,41.8816,0.02374,2.8598,0.06453,44.3146
2022-06-30,OC-RETA-152,Retail,Newport Beach,149216,1980,0.945,3.8219,3.321,3.43,0.0596,0.306,2.6,0.024,0.5905,0.525,,Market / Lease-up Risk,5400.0,0.04,0.061525591725865095,0.0596,64.1258,0.02631,3.9225,0.06526,60.1084
2022-06-30,OC-RETA-156,Retail,Orange,61638,1968,0.911,1.369,3.535,3.565,0.0653,0.395,6.0,0.214,0.2487,0.348,,Market / Lease-up Risk,1148.15,0.04,0.06435525943320526,0.0653,20.9648,0.01697,1.3922,0.06551,21.2506
2022-06-30,OC-RETA-16,Retail,Orange,90068,1974,0.95,2.386,3.487,3.512,0.0639,0.32,5.2,0.048,0.3819,0.546,,Market / Lease-up Risk,1148.15,0.04,0.04862740154166806,0.0639,37.3396,-0.02878,2.3173,0.0656,35.3268
2022-06-30,OC-RETA-160,Retail,Santa Ana,150963,1976,0.951,2.8747,3.182,3.067,0.0623,0.448,4.7,0.015,0.3179,0.48,,Market / Lease-up Risk,2296.3,0.04,0.06493836178208806,0.0623,46.1429,0.05673,3.0378,0.06478,46.8957
2022-06-30,OC-RETA-164,Retail,Costa Mesa,108405,1963,0.91,1.9838,2.859,2.873,0.0626,0.383,3.2,0.087,0.2119,0.284,,Market / Lease-up Risk,3250.0,0.04,0.07246426231421958,0.0626,31.6901,0.01905,2.0216,0.06488,31.1572
2022-06-30,OC-RETA-168,Retail,Fullerton,143744,1958,0.943,2.3108,2.484,2.455,0.0685,0.398,2.6,0.273,0.986,0.291,,Market / Lease-up Risk,1500.0,0.04,0.04884251784085797,0.0685,33.7343,0.02898,2.3778,0.06471,36.7477
2022-06-30,OC-RETA-172,Retail,Anaheim,51611,1969,0.937,1.5578,4.119,4.237,0.0611,0.335,4.4,0.234,0.2538,0.561,,Market / Lease-up Risk,950.98,0.04,0.059481747460160474,0.0611,25.4959,0.03053,1.6054,0.06519,24.6261
2022-06-30,OC-RETA-176,Retail,Irvine,135633,1955,0.954,3.6975,4.116,3.975,0.0687,0.391,2.2,0.402,0.7728,0.211,,Market / Lease-up Risk,1393.94,0.04,0.056115349405070056,0.0687,53.821,0.0405,3.8472,0.06572,58.5437
2022-06-30,OC-RETA-180,Retail,Newport Beach,96757,1984,0.927,2.4581,4.11,4.267,0.0644,0.433,2.9,0.111,0.6936,0.72,,Market / Lease-up Risk,5400.0,0.04,0.06724602321086944,0.0644,38.1693,0.02008,2.5075,0.06578,38.1182
2022-06-30,OC-RETA-184,Retail,Orange,143932,1972,0.968,2.0214,2.235,2.262,0.0684,0.448,2.4,0.12,0.4606,0.611,,Market / Lease-up Risk,1148.15,0.04,0.0570488119667949,0.0684,29.5526,0.02609,2.0741,0.06537,31.7296
2022-06-30,OC-RETA-188,Retail,Santa Ana,63711,1972,0.924,1.3853,3.446,3.435,0.0629,0.401,2.7,0.403,0.3197,0.372,,Market / Lease-up Risk,2296.3,0.04,0.057407676259612093,0.0629,22.0238,0.02371,1.4181,0.0652,21.7502
2022-06-30,OC-RETA-192,Retail,Costa Mesa,141005,1955,0.956,3.4782,3.531,3.525,0.0648,0.359,5.5,0.219,0.4699,0.135,,Market / Lease-up Risk,3250.0,0.04,0.060810622959368704,0.0648,53.6759,0.04198,3.6242,0.06493,55.8169
2022-06-30,OC-RETA-196,Retail,Fullerton,93275,1964,0.91,2.2858,3.394,3.282,0.0674,0.304,2.4,0.53,0.5944,0.418,,Market / Lease-up Risk,1500.0,0.04,0.068560727358805,0.0674,33.9139,-0.00037,2.285,0.06545,34.9122
2022-06-30,OC-RETA-20,Retail,Santa Ana,30795,1956,0.914,0.3968,1.808,1.867,0.0629,0.316,6.0,0.165,0.1195,0.248,,Market / Lease-up Risk,2296.3,0.04,0.080836425098641,0.0629,6.3084,0.03487,0.4106,0.06469,6.3473
2022-06-30,OC-RETA-200,Retail,Anaheim,118576,1976,0.936,1.3857,1.749,1.728,0.0612,0.393,4.0,0.51,0.4731,0.514,,Market / Lease-up Risk,950.98,0.04,0.07911001615290779,0.0612,22.6422,0.02963,1.4268,0.06584,21.6709
2022-06-30,OC-RETA-204,Retail,Irvine,128040,1960,0.937,1.8053,2.056,1.978,0.0606,0.358,3.8,0.149,0.1532,0.305,,Market / Lease-up Risk,1393.94,0.04,0.04694943562769694,0.0606,29.7904,0.02145,1.844,0.06451,28.5834
2022-06-30,OC-RETA-208,Retail,Newport Beach,155160,1971,0.967,2.4738,2.274,2.351,0.0678,0.364,2.7,0.091,0.7957,0.395,,Market / Lease-up Risk,5400.0,0.04,0.07155066057481664,0.0678,36.4867,0.02262,2.5297,0.06558,38.5754
2022-06-30,OC-RETA-212,Retail,Orange,84124,1968,0.943,1.4244,2.665,2.669,0.067,0.409,5.9,0.413,0.7166,0.278,,Market / Lease-up Risk,1148.15,0.04,0.08104809464587566,0.067,21.2597,0.00788,1.4356,0.06515,22.0352
2022-06-30,OC-RETA-216,Retail,Santa Ana,126543,1969,0.956,1.5456,1.906,1.893,0.0656,0.43,2.1,0.101,0.1599,0.522,,Market / Lease-up Risk,2296.3,0.04,0.07590741532528303,0.0656,23.561,0.03752,1.6036,0.0654,24.5199
2022-06-30,OC-RETA-220,Retail,Costa Mesa,135080,1955,0.922,3.3466,3.518,3.438,0.0674,0.33,4.0,0.474,0.7847,0.128,,Market / Lease-up Risk,3250.0,0.04,0.07654408950070299,0.0674,49.6528,0.02424,3.4277,0.06424,53.3612
2022-06-30,OC-RETA-224,Retail,Fullerton,84415,1970,0.885,1.8926,3.44,3.374,0.0633,0.354,5.3,0.481,0.6949,0.331,,Market / Lease-up Risk,1500.0,0.04,0.06982560398807168,0.0633,29.8989,0.02077,1.9319,0.06528,29.5942
2022-06-30,OC-RETA-228,Retail,Anaheim,153380,1972,0.957,2.6097,2.717,2.651,0.0647,0.426,2.5,0.646,0.5083,0.458,,Market / Lease-up Risk,950.98,0.04,0.05424848782486846,0.0647,40.3354,0.03946,2.7127,0.06517,41.624
2022-06-30,OC-RETA-232,Retail,Irvine,47874,1996,0.89,1.0312,3.031,2.912,0.0593,0.321,5.0,0.004,0.5228,0.928,,Market / Lease-up Risk,1393.94,0.04,0.056912976602956994,0.0593,17.3895,0.05255,1.0854,0.06454,16.8162
2022-06-30,OC-RETA-236,Retail,Newport Beach,131985,1960,0.911,1.9663,2.067,2.096,0.064,0.306,3.3,0.062,0.3835,0.34,,Market / Lease-up Risk,5400.0,0.04,0.060459480443768344,0.064,30.7234,0.02664,2.0187,0.06499,31.0598
2022-06-30,OC-RETA-24,Retail,Costa Mesa,87345,1975,0.899,2.1848,3.905,4.002,0.0635,0.375,2.0,0.183,1.138,0.402,,Market / Lease-up Risk,3250.0,0.04,0.0865269906922779,0.0635,34.4063,0.03133,2.2532,0.0649,34.7212
2022-06-30,OC-RETA-240,Retail,Orange,135789,1968,0.887,2.2485,2.587,2.621,0.0674,0.367,3.2,0.036,1.0514,0.477,,Market / Lease-up Risk,1148.15,0.04,0.06698230119254081,0.0674,33.3605,0.04821,2.3569,0.06465,36.4573
2022-06-30,OC-RETA-244,Retail,Santa Ana,114361,1955,0.969,2.4171,2.749,2.69,0.0669,0.304,3.7,0.251,0.5897,0.117,,Market / Lease-up Risk,2296.3,0.04,0.061213856894822345,0.0669,36.13,0.01717,2.4586,0.06472,37.9883
2022-06-30,OC-RETA-248,Retail,Costa Mesa,131299,1999,0.913,2.9147,3.64,3.625,0.0596,0.432,2.5,0.328,0.9631,0.894,,Market / Lease-up Risk,3250.0,0.04,0.05809536990318273,0.0596,48.9044,0.02532,2.9885,0.06613,45.1939
2022-06-30,OC-RETA-252,Retail,Fullerton,156963,1978,0.951,2.5211,2.244,2.288,0.0667,0.36,3.5,0.406,0.5068,0.682,,Market / Lease-up Risk,1500.0,0.04,0.08008690661955009,0.0667,37.7976,0.01101,2.5488,0.06489,39.2818
2022-06-30,OC-RETA-256,Retail,Anaheim,44446,1988,0.97,0.9058,3.075,3.078,0.0619,0.419,6.0,0.087,0.2112,0.659,,Market / Lease-up Risk,950.98,0.04,0.041827530409702184,0.0619,14.6333,0.03261,0.9353,0.06555,14.2691
2022-06-30,OC-RETA-260,Retail,Irvine,67586,1969,0.912,0.7114,1.657,1.674,0.068,0.389,3.1,0.242,0.321,0.414,,Market / Lease-up Risk,1393.94,0.04,0.058544369424990146,0.068,10.4618,0.02768,0.7311,0.06467,11.3055
2022-06-30,OC-RETA-264,Retail,Newport Beach,51835,1967,0.95,1.2422,3.604,3.648,0.0601,0.386,3.4,0.168,0.6275,0.375,,Market / Lease-up Risk,5400.0,0.04,0.06922039053170019,0.0601,20.6689,0.03728,1.2885,0.0649,19.8536
2022-06-30,OC-RETA-268,Retail,Orange,48527,1961,0.898,0.9355,3.381,3.374,0.0665,0.443,5.8,0.584,0.35,0.353,,Market / Lease-up Risk,1148.15,0.04,0.060836353165896986,0.0665,14.0677,0.05458,0.9866,0.0644,15.3188
2022-06-30,OC-RETA-272,Retail,Santa Ana,142336,1959,0.918,2.4577,2.558,2.461,0.0661,0.355,5.7,0.358,0.6705,0.271,,Market / Lease-up Risk,2296.3,0.04,0.06303215807540191,0.0661,37.1815,0.01369,2.4913,0.06421,38.802
2022-06-30,OC-RETA-276,Retail,Costa Mesa,128087,1964,0.938,3.5055,3.82,3.748,0.0641,0.33,2.1,0.043,0.543,0.383,,Market / Lease-up Risk,3250.0,0.04,0.07120861253489195,0.0641,54.688,0.03661,3.6338,0.06489,56.0026
2022-06-30,OC-RETA-28,Retail,Fullerton,155280,1974,0.902,2.4879,2.189,2.211,0.0647,0.31,2.1,0.17,0.4104,0.657,,Market / Lease-up Risk,1500.0,0.04,0.056015972485303885,0.0647,38.4529,0.00763,2.5069,0.06537,38.348
2022-06-30,OC-RETA-280,Retail,Fullerton,138476,1981,0.883,1.9896,2.419,2.423,0.0687,0.428,4.6,0.325,0.7184,0.622,,Market / Lease-up Risk,1500.0,0.04,0.07072719315810538,0.0687,28.9607,0.06282,2.1146,0.06507,32.495
2022-06-30,OC-RETA-284,Retail,Anaheim,36298,1965,0.962,0.5825,2.387,2.439,0.0621,0.387,3.6,0.139,0.2961,0.214,,Market / Lease-up Risk,950.98,0.04,0.06637174793832996,0.0621,9.38,0.03445,0.6026,0.06452,9.3398
2022-06-30,OC-RETA-288,Retail,Irvine,138223,1976,0.969,3.4495,3.569,3.494,0.0604,0.367,4.9,0.136,1.7043,0.438,,Market / Lease-up Risk,1393.94,0.04,0.06889681134366926,0.0604,57.1109,0.01557,3.5032,0.06582,53.2234
2022-06-30,OC-RETA-292,Retail,Newport Beach,46239,1963,0.937,0.6626,2.048,2.081,0.0693,0.345,3.3,0.104,0.1619,0.311,,Market / Lease-up Risk,5400.0,0.04,0.07514100955175994,0.0693,9.5613,0.02078,0.6764,0.06508,10.3926
2022-06-30,OC-RETA-296,Retail,Orange,65091,1963,0.962,1.5138,3.218,3.313,0.0647,0.341,2.0,0.054,0.6135,0.371,,Market / Lease-up Risk,1148.15,0.04,0.09099509251006596,0.0647,23.3972,0.0239,1.55,0.06511,23.8069
2022-06-30,OC-RETA-300,Retail,Santa Ana,115401,1959,0.939,2.8321,3.74,3.785,0.0687,0.387,2.6,0.402,0.8458,0.104,,Market / Lease-up Risk,2296.3,0.04,0.06713132396277295,0.0687,41.2242,0.01642,2.8786,0.06388,45.0641
2022-06-30,OC-RETA-304,Retail,Costa Mesa,108799,1980,0.953,1.6492,2.328,2.342,0.0636,0.419,3.3,0.222,0.7112,0.59,,Market / Lease-up Risk,3250.0,0.04,0.06119768312555884,0.0636,25.9308,-0.00172,1.6464,0.06429,25.6102
2022-06-30,OC-RETA-308,Retail,Fullerton,86672,1965,0.911,1.7046,2.878,2.769,0.0689,0.342,2.2,0.216,0.5805,0.413,,Market / Lease-up Risk,1500.0,0.04,0.07329482044616537,0.0689,24.7402,0.01728,1.7341,0.06365,27.2423
2022-06-30,OC-RETA-312,Retail,Anaheim,126580,1987,0.922,2.1277,2.453,2.458,0.0622,0.368,5.7,0.276,0.6546,0.68,,Market / Lease-up Risk,950.98,0.04,0.06908585818655365,0.0622,34.2074,0.009,2.1469,0.06546,32.7942
2022-06-30,OC-RETA-316,Retail,Irvine,118401,1979,0.927,1.4981,2.008,2.001,0.0658,0.422,4.4,0.106,0.6655,0.63,,Market / Lease-up Risk,1393.94,0.04,0.05886460655962094,0.0658,22.7675,0.0221,1.5312,0.06545,23.3946
2022-06-30,OC-RETA-32,Retail,Anaheim,80778,1967,0.887,0.6669,1.42,1.401,0.0689,0.425,5.6,0.15,0.0893,0.439,,Market / Lease-up Risk,950.98,0.04,0.06231260469197552,0.0689,9.6792,0.03033,0.6871,0.06448,10.6557
2022-06-30,OC-RETA-320,Retail,Newport Beach,46594,1961,0.881,0.587,1.875,1.941,0.0646,0.331,4.5,0.137,0.0648,0.227,,Market / Lease-up Risk,5400.0,0.04,0.04049271352841115,0.0646,9.0867,0.00646,0.5908,0.06528,9.0507
2022-06-30,OC-RETA-324,Retail,Orange,136835,1970,0.924,2.8346,3.049,2.939,0.0603,0.355,5.2,0.088,1.0665,0.497,,Market / Lease-up Risk,1148.15,0.04,0.05745243075319252,0.0603,47.0083,0.02904,2.9169,0.06524,44.7073
2022-06-30,OC-RETA-328,Retail,Santa Ana,106349,1992,0.941,2.477,3.132,3.105,0.066,0.328,3.5,0.223,0.3491,0.818,,Market / Lease-up Risk,2296.3,0.04,0.07101289044761616,0.066,37.5303,0.0635,2.6343,0.06588,39.9847
2022-06-30,OC-RETA-332,Retail,Costa Mesa,50045,1975,0.963,1.3702,4.036,4.061,0.0601,0.401,5.0,0.286,0.3227,0.554,,Market / Lease-up Risk,3250.0,0.04,0.056868956770889906,0.0601,22.7987,0.03461,1.4176,0.06544,21.6632
2022-06-30,OC-RETA-336,Retail,Fullerton,111005,1973,0.904,2.2272,3.099,3.151,0.061,0.391,5.9,0.074,0.5128,0.541,,Market / Lease-up Risk,1500.0,0.04,0.07903178866076932,0.061,36.5115,0.02876,2.2913,0.0651,35.1936
2022-06-30,OC-RETA-340,Retail,Anaheim,99399,1969,0.905,1.1949,1.706,1.724,0.0627,0.317,5.9,0.354,0.5101,0.463,,Market / Lease-up Risk,950.98,0.04,0.059251555747026396,0.0627,19.0574,0.02938,1.23,0.06432,19.1231
2022-06-30,OC-RETA-344,Retail,Irvine,143509,1975,0.926,3.5879,3.583,3.558,0.0655,0.339,3.6,0.735,1.3825,0.416,,Market / Lease-up Risk,1393.94,0.04,0.04978643854272846,0.0655,54.7771,0.02195,3.6666,0.06504,56.374
2022-06-30,OC-RETA-348,Retail,Newport Beach,65130,1965,0.948,1.2922,2.891,2.814,0.0683,0.365,5.6,0.464,0.5428,0.332,,Market / Lease-up Risk,5400.0,0.04,0.07308184236580799,0.0683,18.9195,0.01592,1.3128,0.06539,20.0766
2022-06-30,OC-RETA-352,Retail,Orange,36066,1995,0.911,0.7372,2.986,2.903,0.0636,0.361,3.5,0.053,0.3358,0.869,,Market / Lease-up Risk,1148.15,0.04,0.05504128615506798,0.0636,11.5912,0.04688,0.7718,0.06503,11.8673
2022-06-30,OC-RETA-356,Retail,Santa Ana,76177,1970,0.941,1.7223,3.208,3.245,0.0654,0.343,4.8,0.02,0.5092,0.484,,Market / Lease-up Risk,2296.3,0.04,0.04126114785889164,0.0654,26.3349,0.04203,1.7947,0.06572,27.3083
2022-06-30,OC-RETA-36,Retail,Irvine,145060,1980,0.887,4.3183,4.136,4.058,0.0681,0.31,4.9,0.071,1.141,0.724,,Market / Lease-up Risk,1393.94,0.04,0.08280800465345806,0.0681,63.4112,-0.00036,4.3167,0.0648,66.613
2022-06-30,OC-RETA-360,Retail,Costa Mesa,159811,1955,0.927,3.7998,3.521,3.474,0.0676,0.361,2.5,0.037,1.419,0.221,,Market / Lease-up Risk,3250.0,0.04,0.05970139726813402,0.0676,56.2101,0.03393,3.9287,0.06514,60.3105
2022-06-30,OC-RETA-364,Retail,Fullerton,32819,1991,0.918,0.6224,2.829,2.894,0.0626,0.379,4.9,0.013,0.1572,0.77,,Market / Lease-up Risk,1500.0,0.04,0.08594525995155018,0.0626,9.9425,0.00467,0.6253,0.06535,9.5686
2022-06-30,OC-RETA-368,Retail,Anaheim,146630,1993,0.951,3.1422,2.769,2.804,0.0671,0.308,5.0,0.328,0.2618,0.75,,Market / Lease-up Risk,950.98,0.04,0.060845549757873874,0.0671,46.8286,0.05624,3.3189,0.06511,50.9725
2022-06-30,OC-RETA-372,Retail,Irvine,126004,1975,0.928,3.5047,4.296,4.396,0.0617,0.388,4.5,0.404,0.3328,0.435,,Market / Lease-up Risk,1393.94,0.04,0.07410276033335766,0.0617,56.8023,0.00336,3.5165,0.06418,54.7915
2022-06-30,OC-RETA-376,Retail,Newport Beach,112918,1965,0.953,1.7163,2.485,2.501,0.066,0.437,3.5,0.107,0.2667,0.469,,Market / Lease-up Risk,5400.0,0.04,0.07053291713952087,0.066,26.0045,0.0299,1.7676,0.06465,27.34
2022-06-30,OC-RETA-380,Retail,Orange,115547,1991,0.899,1.9904,2.771,2.821,0.0654,0.412,3.7,0.136,0.2813,0.799,,Market / Lease-up Risk,1148.15,0.04,0.04500753947207384,0.0654,30.4343,0.02394,2.0381,0.06416,31.767
2022-06-30,OC-RETA-384,Retail,Santa Ana,38646,1964,0.962,1.0253,3.834,3.914,0.066,0.369,2.1,0.104,0.3401,0.398,,Market / Lease-up Risk,2296.3,0.04,0.06267947994584068,0.066,15.5348,0.02919,1.0552,0.06406,16.4725
2022-06-30,OC-RETA-388,Retail,Costa Mesa,71395,1971,0.938,1.0939,2.171,2.098,0.0617,0.34,2.5,0.245,0.0965,0.365,,Market / Lease-up Risk,3250.0,0.04,0.07463475941641855,0.0617,17.7293,0.01541,1.1108,0.06467,17.1749
2022-06-30,OC-RETA-392,Retail,Fullerton,118470,1966,0.97,2.3454,3.014,3.025,0.0671,0.406,3.4,0.218,1.0121,0.45,,Market / Lease-up Risk,1500.0,0.04,0.06884761782794321,0.0671,34.9538,0.0121,2.3738,0.06517,36.4225
2022-06-30,OC-RETA-396,Retail,Anaheim,108699,1962,0.892,1.8515,2.663,2.568,0.0643,0.371,2.2,0.415,0.5395,0.199,,Market / Lease-up Risk,950.98,0.04,0.07112178326332612,0.0643,28.7947,0.03158,1.91,0.06557,29.1302
2022-06-30,OC-RETA-40,Retail,Newport Beach,142343,1994,0.949,3.6059,3.252,3.28,0.0635,0.302,5.1,0.156,1.9683,0.865,,Market / Lease-up Risk,5400.0,0.04,0.04990203282150961,0.0635,56.7858,-0.0089,3.5738,0.06564,54.4443
2022-06-30,OC-RETA-400,Retail,Irvine,86025,1965,0.962,1.6674,2.63,2.669,0.066,0.328,2.9,0.25,0.4345,0.205,,Market / Lease-up Risk,1393.94,0.04,0.06801670829699343,0.066,25.2636,0.02311,1.7059,0.0649,26.2847
2022-06-30,OC-RETA-44,Retail,Orange,131997,1999,0.927,3.1089,3.496,3.615,0.0606,0.382,2.4,0.084,1.002,0.898,,Market / Lease-up Risk,1148.15,0.04,0.06766888816256227,0.0606,51.302,0.02646,3.1912,0.0651,49.0225
2022-06-30,OC-RETA-48,Retail,Santa Ana,157217,1969,0.944,2.9732,2.585,2.501,0.065,0.341,3.0,0.08,0.8729,0.519,,Market / Lease-up Risk,2296.3,0.04,0.06607093981777308,0.065,45.7415,0.02671,3.0526,0.06447,47.3498
2022-06-30,OC-RETA-52,Retail,Costa Mesa,115251,1976,0.959,2.4915,2.762,2.744,0.0625,0.306,3.3,0.035,0.5844,0.626,,Market / Lease-up Risk,3250.0,0.04,0.06421593519835399,0.0625,39.864,0.03282,2.5733,0.06477,39.7291
2022-06-30,OC-RETA-56,Retail,Fullerton,135497,1990,0.909,2.8553,3.28,3.209,0.0651,0.399,5.2,0.042,0.3475,0.822,,Market / Lease-up Risk,1500.0,0.04,0.04472010722477497,0.0651,43.8602,0.03208,2.9469,0.0647,45.5458
2022-06-30,OC-RETA-60,Retail,Anaheim,131262,1957,0.934,2.2603,2.634,2.593,0.0624,0.386,3.0,0.196,0.4971,0.186,,Market / Lease-up Risk,950.98,0.04,0.07461490496263082,0.0624,36.2228,0.01673,2.2981,0.06587,34.8875
2022-06-30,OC-RETA-64,Retail,Irvine,98355,1992,0.925,2.4259,3.599,3.673,0.0673,0.37,5.2,0.047,1.0798,0.939,,Market / Lease-up Risk,1393.94,0.04,0.06348147300040409,0.0673,36.0461,0.05026,2.5478,0.06556,38.863
2022-06-30,OC-RETA-68,Retail,Newport Beach,132073,1975,0.887,3.1146,3.45,3.522,0.0661,0.324,5.0,0.061,0.6234,0.453,,Market / Lease-up Risk,5400.0,0.04,0.07974268285186499,0.0661,47.1195,0.03079,3.2105,0.06472,49.6088
2022-06-30,OC-RETA-72,Retail,Orange,126365,1962,0.969,2.8789,3.472,3.587,0.0679,0.406,4.8,0.172,0.4742,0.157,,Market / Lease-up Risk,1148.15,0.04,0.06536195027361202,0.0679,42.3991,0.02585,2.9533,0.06551,45.0789
2022-06-30,OC-RETA-76,Retail,Santa Ana,127050,1969,0.931,3.0642,3.48,3.381,0.0683,0.347,5.9,0.001,1.1892,0.482,,Market / Lease-up Risk,2296.3,0.04,0.057492000686227986,0.0683,44.8638,0.01786,3.1189,0.06512,47.8929
2022-06-30,OC-RETA-80,Retail,Costa Mesa,72845,1976,0.935,1.2516,2.315,2.228,0.0604,0.325,3.6,0.52,0.3469,0.557,,Market / Lease-up Risk,3250.0,0.04,0.07461946881438782,0.0604,20.7219,0.03431,1.2945,0.06526,19.8361
2022-06-30,OC-RETA-84,Retail,Fullerton,86599,1968,0.94,2.0922,3.345,3.454,0.0626,0.326,5.2,0.007,0.7538,0.293,,Market / Lease-up Risk,1500.0,0.04,0.07493551279698256,0.0626,33.4217,0.02983,2.1546,0.06454,33.3865
2022-06-30,OC-RETA-88,Retail,Anaheim,71933,1969,0.882,1.0602,2.312,2.27,0.0641,0.366,3.6,0.171,0.1718,0.314,,Market / Lease-up Risk,950.98,0.04,0.08040940680350005,0.0641,16.5398,0.00163,1.0619,0.06487,16.3701
2022-06-30,OC-RETA-92,Retail,Irvine,93987,1991,0.885,1.7711,3.038,2.979,0.0638,0.404,2.6,0.528,0.6368,0.786,,Market / Lease-up Risk,1393.94,0.04,0.06589038891037785,0.0638,27.7602,0.01818,1.8033,0.06468,27.8814
2022-06-30,OC-RETA-96,Retail,Newport Beach,132130,1997,0.933,1.5591,1.917,1.931,0.0661,0.439,5.1,0.191,0.7611,0.846,,Market / Lease-up Risk,5400.0,0.04,0.06884348390444217,0.0661,23.587,0.03146,1.6081,0.06461,24.8896
2023-06-30,OC-INDU-01,Industrial,Anaheim,119525,1968,0.968,1.0065,1.37,1.363,0.0573,0.443,6.5,0.049,0.2212,0.329,,Market / Lease-up Risk,950.98,0.042,0.060342013863804805,0.0573,17.5654,-0.00996,0.9965,0.05517,18.061
2023-06-30,OC-INDU-05,Industrial,Irvine,80430,1984,0.991,1.1099,1.694,1.753,0.0554,0.301,5.5,0.003,0.4993,0.787,,Market / Lease-up Risk,1393.94,0.042,0.0659136928706747,0.0554,20.0343,0.01059,1.1216,0.05534,20.2698
2023-06-30,OC-INDU-09,Industrial,Newport Beach,183843,1971,0.989,1.5715,1.247,1.219,0.0582,0.392,2.9,0.268,0.1373,0.463,,Market / Lease-up Risk,5400.0,0.042,0.04355458320689572,0.0582,27.0017,0.02896,1.617,0.05432,29.7672
2023-06-30,OC-INDU-101,Industrial,Santa Ana,179868,1960,0.941,2.2264,1.682,1.635,0.0571,0.314,4.1,0.065,0.367,0.156,,Market / Lease-up Risk,2296.3,0.042,0.03952723910974926,0.0571,38.9912,0.04299,2.3221,0.05562,41.753
2023-06-30,OC-INDU-105,Industrial,Costa Mesa,151421,1986,0.996,1.6007,1.458,1.407,0.0494,0.381,2.8,0.387,0.4668,0.708,,Market / Lease-up Risk,3250.0,0.042,0.027050884538591044,0.0494,32.4028,0.04353,1.6704,0.05505,30.3454
2023-06-30,OC-INDU-109,Industrial,Fullerton,90334,1969,0.952,0.9045,1.437,1.443,0.0563,0.358,4.6,0.26,0.3049,0.297,,Market / Lease-up Risk,1500.0,0.042,0.06006091906557412,0.0563,16.0657,0.01817,0.9209,0.05474,16.8232
2023-06-30,OC-INDU-113,Industrial,Anaheim,149166,1955,0.979,1.9069,1.641,1.688,0.0545,0.302,3.0,0.143,1.1566,0.275,,Market / Lease-up Risk,950.98,0.042,0.06474623563759196,0.0545,34.989,0.00947,1.925,0.05546,34.7102
2023-06-30,OC-INDU-117,Industrial,Irvine,117194,1967,0.958,0.9927,1.237,1.248,0.0591,0.373,7.3,0.449,0.1543,0.38,,Market / Lease-up Risk,1393.94,0.042,0.0407573937601481,0.0591,16.797,0.02846,1.0209,0.05512,18.5232
2023-06-30,OC-INDU-121,Industrial,Newport Beach,63931,1985,0.996,0.5527,1.179,1.146,0.0496,0.374,2.6,0.518,0.2803,0.709,,Market / Lease-up Risk,5400.0,0.042,0.04547097470605506,0.0496,11.1431,0.04004,0.5748,0.05451,10.5462
2023-06-30,OC-INDU-125,Industrial,Orange,196542,1988,0.97,2.2091,1.693,1.68,0.0529,0.418,5.4,0.422,0.7799,0.692,,Market / Lease-up Risk,1148.15,0.042,0.05839962759306913,0.0529,41.7599,0.04911,2.3176,0.05499,42.1457
2023-06-30,OC-INDU-129,Industrial,Santa Ana,154203,1981,0.981,1.5664,1.453,1.4,0.0544,0.394,6.0,0.347,0.2891,0.63,,Market / Lease-up Risk,2296.3,0.042,0.06318395591163957,0.0544,28.7941,0.06743,1.672,0.05524,30.2694
2023-06-30,OC-INDU-13,Industrial,Orange,165150,1969,0.952,1.7602,1.732,1.682,0.0548,0.433,2.0,0.289,0.431,0.417,,Market / Lease-up Risk,1148.15,0.042,0.06890727547745279,0.0548,32.1204,0.0118,1.781,0.05488,32.4547
2023-06-30,OC-INDU-133,Industrial,Costa Mesa,81695,1973,0.933,0.9705,1.607,1.559,0.0524,0.305,2.7,0.527,0.5379,0.401,,Market / Lease-up Risk,3250.0,0.042,0.056212590072400204,0.0524,18.521,0.03537,1.0048,0.05504,18.2563
2023-06-30,OC-INDU-137,Industrial,Fullerton,105353,1958,0.977,1.3559,1.775,1.829,0.0497,0.349,6.7,0.12,0.7067,0.197,,Market / Lease-up Risk,1500.0,0.042,0.05716959956274531,0.0497,27.2817,0.02097,1.3843,0.05451,25.3939
2023-06-30,OC-INDU-141,Industrial,Anaheim,118287,1968,0.949,1.2288,1.41,1.422,0.0537,0.319,3.6,0.498,0.7983,0.383,,Market / Lease-up Risk,950.98,0.042,0.042963531598084866,0.0537,22.8827,0.01771,1.2506,0.05512,22.689
2023-06-30,OC-INDU-145,Industrial,Irvine,128353,1975,0.975,1.1878,1.368,1.314,0.0493,0.41,6.4,0.019,0.4393,0.563,,Market / Lease-up Risk,1393.94,0.042,0.056220620031238365,0.0493,24.0933,0.0382,1.2332,0.0556,22.1775
2023-06-30,OC-INDU-149,Industrial,Newport Beach,87822,1955,0.999,0.9711,1.654,1.657,0.0588,0.413,2.9,0.721,0.4819,0.074,,Market / Lease-up Risk,5400.0,0.042,0.054199773166257556,0.0588,16.5153,0.04084,1.0108,0.05541,18.2406
2023-06-30,OC-INDU-153,Industrial,Orange,82948,1970,0.954,0.9773,1.773,1.713,0.052,0.389,5.0,0.432,0.1394,0.304,,Market / Lease-up Risk,1148.15,0.042,0.0708556596885397,0.052,18.7942,0.03639,1.0129,0.05542,18.2756
2023-06-30,OC-INDU-157,Industrial,Santa Ana,80498,1987,0.939,0.7538,1.247,1.257,0.0502,0.32,3.8,0.7,0.4739,0.842,,Market / Lease-up Risk,2296.3,0.042,0.06799462430726641,0.0502,15.0159,0.03462,0.7799,0.0541,14.4147
2023-06-30,OC-INDU-161,Industrial,Costa Mesa,139324,1955,0.957,1.8144,1.787,1.835,0.0568,0.332,4.8,0.284,0.2699,0.116,,Market / Lease-up Risk,3250.0,0.042,0.05142778907203141,0.0568,31.9437,0.02781,1.8649,0.05396,34.5602
2023-06-30,OC-INDU-165,Industrial,Fullerton,97000,1967,0.994,1.0169,1.387,1.342,0.0546,0.333,5.9,0.009,0.4263,0.246,,Market / Lease-up Risk,1500.0,0.042,0.03360507676891191,0.0546,18.6245,0.02691,1.0443,0.05467,19.1024
2023-06-30,OC-INDU-169,Industrial,Anaheim,167853,1955,0.94,1.186,1.055,1.028,0.0591,0.375,3.6,0.225,0.2604,0.095,,Market / Lease-up Risk,950.98,0.042,0.06391834205074376,0.0591,20.0677,0.05459,1.2507,0.05441,22.9857
2023-06-30,OC-INDU-17,Industrial,Santa Ana,153414,1989,0.932,1.9558,1.864,1.847,0.0525,0.376,6.4,0.065,0.9407,0.667,,Market / Lease-up Risk,2296.3,0.042,0.05990765146131608,0.0525,37.2533,0.05711,2.0675,0.05553,37.2318
2023-06-30,OC-INDU-173,Industrial,Irvine,128391,1967,0.941,1.302,1.428,1.456,0.05,0.338,5.2,0.163,0.5434,0.354,,Market / Lease-up Risk,1393.94,0.042,0.05012091679854662,0.05,26.04,0.02494,1.3345,0.05479,24.3569
2023-06-30,OC-INDU-177,Industrial,Newport Beach,213518,1969,0.936,2.0136,1.473,1.457,0.0576,0.4,2.8,0.197,0.8659,0.324,,Market / Lease-up Risk,5400.0,0.042,0.0580255027831942,0.0576,34.9583,0.03575,2.0856,0.05472,38.1161
2023-06-30,OC-INDU-181,Industrial,Orange,202186,1961,0.988,2.168,1.543,1.584,0.0501,0.383,6.9,0.149,0.7615,0.401,,Market / Lease-up Risk,1148.15,0.042,0.06897369455334926,0.0501,43.2735,0.02154,2.2147,0.05505,40.2299
2023-06-30,OC-INDU-185,Industrial,Santa Ana,116144,1978,0.935,1.0476,1.407,1.393,0.0537,0.417,4.2,0.415,0.5031,0.563,,Market / Lease-up Risk,2296.3,0.042,0.05816366255484042,0.0537,19.5084,0.0087,1.0567,0.05431,19.4562
2023-06-30,OC-INDU-189,Industrial,Costa Mesa,61123,1955,0.951,0.6062,1.605,1.657,0.0526,0.43,4.8,0.41,0.2413,0.267,,Market / Lease-up Risk,3250.0,0.042,0.05974235444566843,0.0526,11.5247,0.04853,0.6356,0.05502,11.5527
2023-06-30,OC-INDU-193,Industrial,Fullerton,102566,1976,0.951,1.2806,2.042,2.064,0.0543,0.436,7.2,0.067,0.6177,0.478,,Market / Lease-up Risk,1500.0,0.042,0.05550966537704327,0.0543,23.5838,0.03815,1.3295,0.05512,24.1211
2023-06-30,OC-INDU-197,Industrial,Anaheim,71048,1990,0.985,0.8118,1.617,1.665,0.053,0.39,5.6,0.405,0.1582,0.751,,Market / Lease-up Risk,950.98,0.042,0.06562318893384159,0.053,15.317,0.01936,0.8275,0.05526,14.9745
2023-06-30,OC-INDU-201,Industrial,Irvine,199354,1955,0.996,2.1741,1.688,1.735,0.0537,0.431,7.5,0.271,1.3194,0.228,,Market / Lease-up Risk,1393.94,0.042,0.05666270530840575,0.0537,40.486,0.0397,2.2604,0.05532,40.8625
2023-06-30,OC-INDU-205,Industrial,Newport Beach,66394,1962,0.951,0.6689,1.541,1.567,0.0544,0.397,7.3,0.005,0.301,0.316,,Market / Lease-up Risk,5400.0,0.042,0.07420240108292009,0.0544,12.296,0.02936,0.6885,0.05537,12.4356
2023-06-30,OC-INDU-209,Industrial,Orange,108013,1972,0.965,1.0381,1.281,1.326,0.0521,0.318,7.8,0.042,0.1508,0.482,,Market / Lease-up Risk,1148.15,0.042,0.06132278754092632,0.0521,19.9251,0.02203,1.061,0.05517,19.2322
2023-06-30,OC-INDU-21,Industrial,Costa Mesa,189321,1962,0.962,2.1151,1.507,1.472,0.0496,0.324,3.8,0.254,0.6651,0.349,,Market / Lease-up Risk,3250.0,0.042,0.04979439893402762,0.0496,42.6431,0.01096,2.1383,0.0549,38.95
2023-06-30,OC-INDU-213,Industrial,Santa Ana,114145,1978,0.984,1.0744,1.312,1.333,0.0529,0.38,3.9,0.541,0.5263,0.512,,Market / Lease-up Risk,2296.3,0.042,0.054761215609600886,0.0529,20.31,0.01921,1.095,0.0548,19.9812
2023-06-30,OC-INDU-217,Industrial,Costa Mesa,80629,1980,0.945,0.6798,1.288,1.297,0.0553,0.411,6.2,0.082,0.3406,0.633,,Market / Lease-up Risk,3250.0,0.042,0.06680337865245686,0.0553,12.2929,0.02511,0.6969,0.05556,12.5433
2023-06-30,OC-INDU-221,Industrial,Fullerton,79971,1961,0.976,0.7209,1.311,1.311,0.0554,0.382,6.0,0.38,0.1521,0.351,,Market / Lease-up Risk,1500.0,0.042,0.07423492602385318,0.0554,13.0126,0.02621,0.7398,0.05484,13.4889
2023-06-30,OC-INDU-225,Industrial,Anaheim,72416,1968,0.974,0.8261,1.769,1.753,0.0503,0.437,6.2,0.146,0.4264,0.532,,Market / Lease-up Risk,950.98,0.042,0.05645170680492285,0.0503,16.4235,0.02682,0.8483,0.05548,15.2882
2023-06-30,OC-INDU-229,Industrial,Irvine,219853,1955,0.969,2.3101,1.45,1.424,0.0587,0.344,5.0,0.019,0.7718,0.2,,Market / Lease-up Risk,1393.94,0.042,0.05716856480967949,0.0587,39.3543,0.0267,2.3718,0.05517,42.9909
2023-06-30,OC-INDU-233,Industrial,Newport Beach,126272,1973,0.989,1.5857,1.638,1.622,0.0509,0.32,4.6,0.03,1.0226,0.4,,Market / Lease-up Risk,5400.0,0.042,0.06262084701488416,0.0509,31.1532,0.04449,1.6562,0.05504,30.0943
2023-06-30,OC-INDU-237,Industrial,Orange,114843,1997,0.937,0.7225,1.038,1.021,0.0551,0.45,6.8,0.553,0.2014,0.933,,Market / Lease-up Risk,1148.15,0.042,0.06725595221285625,0.0551,13.1125,0.04588,0.7557,0.05574,13.556
2023-06-30,OC-INDU-241,Industrial,Santa Ana,88124,1969,0.989,0.7147,1.185,1.138,0.051,0.393,6.8,0.231,0.3713,0.379,,Market / Lease-up Risk,2296.3,0.042,0.06776820988263449,0.051,14.0137,0.04586,0.7475,0.05458,13.694
2023-06-30,OC-INDU-245,Industrial,Costa Mesa,174738,1984,0.936,2.5445,1.898,1.959,0.0558,0.303,6.6,0.11,1.2518,0.623,,Market / Lease-up Risk,3250.0,0.042,0.05598407412666768,0.0558,45.6004,0.02612,2.611,0.05469,47.7439
2023-06-30,OC-INDU-249,Industrial,Fullerton,203384,1973,0.983,2.0066,1.27,1.255,0.0529,0.328,5.6,0.372,0.676,0.598,,Market / Lease-up Risk,1500.0,0.042,0.07400158066829787,0.0529,37.9319,0.01532,2.0373,0.05474,37.2195
2023-06-30,OC-INDU-25,Industrial,Fullerton,180291,1955,0.98,2.069,1.595,1.54,0.0563,0.356,6.8,0.317,1.1401,0.142,,Market / Lease-up Risk,1500.0,0.042,0.060156925125311005,0.0563,36.7496,0.03012,2.1313,0.05449,39.1104
2023-06-30,OC-INDU-253,Industrial,Anaheim,156820,1978,0.989,1.8232,1.628,1.689,0.0509,0.386,7.1,0.38,0.4819,0.526,,Market / Lease-up Risk,950.98,0.042,0.06259889812230378,0.0509,35.8193,0.03401,1.8852,0.05457,34.5445
2023-06-30,OC-INDU-257,Industrial,Irvine,101900,1958,0.961,1.2798,1.676,1.729,0.0514,0.316,7.1,0.184,0.201,0.35,,Market / Lease-up Risk,1393.94,0.042,0.07065886993679858,0.0514,24.8988,0.01492,1.2989,0.05451,23.8298
2023-06-30,OC-INDU-261,Industrial,Newport Beach,195243,1958,0.978,2.2057,1.839,1.814,0.0581,0.449,4.6,0.175,0.7425,0.267,,Market / Lease-up Risk,5400.0,0.042,0.0740220559778835,0.0581,37.9639,0.0172,2.2436,0.05513,40.6983
2023-06-30,OC-INDU-265,Industrial,Orange,182729,1975,0.942,1.6274,1.358,1.321,0.0561,0.408,4.9,0.261,0.5526,0.641,,Market / Lease-up Risk,1148.15,0.042,0.07475110118418839,0.0561,29.0089,0.01419,1.6505,0.05557,29.701
2023-06-30,OC-INDU-269,Industrial,Santa Ana,130651,1965,0.971,1.8307,1.895,1.841,0.0497,0.332,7.7,0.037,0.239,0.425,,Market / Lease-up Risk,2296.3,0.042,0.06348096315953292,0.0497,36.835,0.05905,1.9388,0.05516,35.1463
2023-06-30,OC-INDU-273,Industrial,Costa Mesa,89090,1962,0.93,0.7237,1.349,1.302,0.0575,0.432,2.2,0.497,0.2426,0.183,,Market / Lease-up Risk,3250.0,0.042,0.05883251247053422,0.0575,12.5861,0.00704,0.7288,0.05442,13.3915
2023-06-30,OC-INDU-277,Industrial,Fullerton,216212,1955,0.994,2.6846,1.731,1.76,0.0531,0.367,5.1,0.31,0.4721,0.145,,Market / Lease-up Risk,1500.0,0.042,0.05021507142314923,0.0531,50.5574,0.06083,2.8479,0.05415,52.5892
2023-06-30,OC-INDU-281,Industrial,Anaheim,139969,1957,1.0,1.5142,1.451,1.434,0.0541,0.346,3.1,0.18,0.1734,0.124,,Market / Lease-up Risk,950.98,0.042,0.05474036580135935,0.0541,27.9889,0.01421,1.5357,0.05529,27.7738
2023-06-30,OC-INDU-285,Industrial,Irvine,206483,1958,0.937,2.0774,1.449,1.497,0.0541,0.35,5.1,0.367,1.1547,0.094,,Market / Lease-up Risk,1393.94,0.042,0.04604821821047635,0.0541,38.3993,0.01492,2.1084,0.05445,38.7183
2023-06-30,OC-INDU-289,Industrial,Newport Beach,140844,1972,0.988,1.6764,1.582,1.535,0.0586,0.332,3.9,0.652,0.7289,0.457,,Market / Lease-up Risk,5400.0,0.042,0.07020989329177152,0.0586,28.6075,0.04281,1.7482,0.05386,32.4565
2023-06-30,OC-INDU-29,Industrial,Anaheim,123319,1959,0.955,1.2356,1.438,1.46,0.0522,0.36,7.8,0.462,0.508,0.248,,Market / Lease-up Risk,950.98,0.042,0.05633773677634024,0.0522,23.6705,0.05169,1.2995,0.05503,23.6124
2023-06-30,OC-INDU-293,Industrial,Orange,193093,1977,0.987,2.0037,1.495,1.457,0.0531,0.402,4.3,0.295,0.6682,0.677,,Market / Lease-up Risk,1148.15,0.042,0.04845650418195691,0.0531,37.7345,0.05153,2.107,0.05567,37.8478
2023-06-30,OC-INDU-297,Industrial,Santa Ana,138697,1977,0.975,1.6299,1.665,1.643,0.0572,0.365,6.5,0.204,0.508,0.451,,Market / Lease-up Risk,2296.3,0.042,0.06464473182667277,0.0572,28.4948,0.01362,1.6521,0.05538,29.832
2023-06-30,OC-INDU-301,Industrial,Costa Mesa,183101,1991,0.986,2.6307,1.933,1.932,0.0515,0.359,6.2,0.272,1.4053,0.755,,Market / Lease-up Risk,3250.0,0.042,0.04519434489024456,0.0515,51.0816,0.01932,2.6815,0.05559,48.2415
2023-06-30,OC-INDU-305,Industrial,Fullerton,69602,1977,0.93,0.4402,1.042,1.007,0.0554,0.445,5.6,0.179,0.218,0.693,,Market / Lease-up Risk,1500.0,0.042,0.049910320689991024,0.0554,7.9458,0.02059,0.4493,0.05509,8.1554
2023-06-30,OC-INDU-309,Industrial,Anaheim,172787,1971,0.94,1.7037,1.646,1.677,0.0541,0.441,6.2,0.581,1.0893,0.445,,Market / Lease-up Risk,950.98,0.042,0.05142921892090354,0.0541,31.4917,0.02123,1.7399,0.05457,31.8835
2023-06-30,OC-INDU-313,Industrial,Irvine,80616,1984,0.952,0.7503,1.328,1.284,0.0498,0.374,5.3,0.225,0.3145,0.586,,Market / Lease-up Risk,1393.94,0.042,0.05064948028620178,0.0498,15.0663,0.04152,0.7815,0.05544,14.0951
2023-06-30,OC-INDU-317,Industrial,Newport Beach,106162,1962,0.96,1.7029,2.112,2.186,0.053,0.306,4.1,0.233,0.3151,0.215,,Market / Lease-up Risk,5400.0,0.042,0.055514383875354394,0.053,32.1302,0.0309,1.7555,0.05435,32.3015
2023-06-30,OC-INDU-321,Industrial,Orange,91705,1955,0.976,0.9353,1.358,1.371,0.0515,0.325,6.7,0.629,0.1078,0.116,,Market / Lease-up Risk,1148.15,0.042,0.030879929532782166,0.0515,18.1612,0.02544,0.9591,0.05516,17.3864
2023-06-30,OC-INDU-325,Industrial,Santa Ana,66038,2000,0.974,0.8223,1.821,1.866,0.0498,0.403,4.8,0.345,0.3993,0.925,,Market / Lease-up Risk,2296.3,0.042,0.05762497821767644,0.0498,16.512,0.03367,0.85,0.0552,15.3989
2023-06-30,OC-INDU-329,Industrial,Costa Mesa,130106,1966,0.95,1.274,1.463,1.495,0.0515,0.382,2.9,0.523,0.3044,0.306,,Market / Lease-up Risk,3250.0,0.042,0.0453303968835706,0.0515,24.7379,0.03269,1.3157,0.05456,24.1154
2023-06-30,OC-INDU-33,Industrial,Irvine,205851,1971,0.985,1.7755,1.332,1.294,0.0562,0.441,4.7,0.041,0.8867,0.549,,Market / Lease-up Risk,1393.94,0.042,0.037797338620377596,0.0562,31.5925,0.02634,1.8223,0.05498,33.1444
2023-06-30,OC-INDU-333,Industrial,Fullerton,217769,1962,0.953,1.9149,1.415,1.443,0.0497,0.428,7.9,0.074,1.0338,0.341,,Market / Lease-up Risk,1500.0,0.042,0.06334211596126879,0.0497,38.5292,0.02832,1.9691,0.05509,35.7415
2023-06-30,OC-INDU-337,Industrial,Anaheim,187627,1976,0.935,1.8043,1.495,1.438,0.0494,0.415,7.8,0.075,0.8261,0.629,,Market / Lease-up Risk,950.98,0.042,0.0753513716777224,0.0494,36.5243,0.01875,1.8381,0.0545,33.7264
2023-06-30,OC-INDU-341,Industrial,Irvine,162820,1959,0.966,1.814,1.778,1.755,0.0532,0.431,2.6,0.038,0.9534,0.089,,Market / Lease-up Risk,1393.94,0.042,0.05041790399749496,0.0532,34.0977,0.02884,1.8663,0.05488,34.0086
2023-06-30,OC-INDU-345,Industrial,Newport Beach,67290,1974,0.983,0.6211,1.335,1.291,0.0516,0.383,7.0,0.425,0.2711,0.495,,Market / Lease-up Risk,5400.0,0.042,0.04342620578766939,0.0516,12.0368,0.03136,0.6406,0.05472,11.7063
2023-06-30,OC-INDU-349,Industrial,Orange,164657,1973,0.988,1.7953,1.36,1.348,0.0561,0.31,7.4,0.386,1.0921,0.542,,Market / Lease-up Risk,1148.15,0.042,0.07023972442611526,0.0561,32.0018,0.02668,1.8432,0.05479,33.6417
2023-06-30,OC-INDU-353,Industrial,Santa Ana,153805,1996,0.973,2.2031,1.92,1.853,0.0535,0.348,6.2,0.079,0.5931,0.848,,Market / Lease-up Risk,2296.3,0.042,0.05006033978756392,0.0535,41.1794,0.04299,2.2978,0.05495,41.817
2023-06-30,OC-INDU-357,Industrial,Costa Mesa,219121,1970,0.96,2.7924,1.66,1.716,0.0497,0.32,3.7,0.236,0.9716,0.576,,Market / Lease-up Risk,3250.0,0.042,0.05776757499625392,0.0497,56.1851,0.04151,2.9083,0.05444,53.4215
2023-06-30,OC-INDU-361,Industrial,Fullerton,189625,1957,0.932,1.8583,1.448,1.472,0.0532,0.363,2.4,0.188,0.8031,0.303,,Market / Lease-up Risk,1500.0,0.042,0.0545624756781849,0.0532,34.9305,0.02119,1.8977,0.05519,34.3844
2023-06-30,OC-INDU-365,Industrial,Anaheim,155651,1976,0.936,1.4044,1.485,1.49,0.0557,0.448,3.4,0.008,0.3793,0.538,,Market / Lease-up Risk,950.98,0.042,0.07165628442116528,0.0557,25.2136,0.04869,1.4728,0.05583,26.382
2023-06-30,OC-INDU-369,Industrial,Irvine,123273,1972,0.976,1.318,1.378,1.353,0.0582,0.324,5.5,0.452,0.7401,0.551,,Market / Lease-up Risk,1393.94,0.042,0.043752906476084444,0.0582,22.646,0.03468,1.3637,0.0554,24.6148
2023-06-30,OC-INDU-37,Industrial,Newport Beach,219516,1966,0.948,1.7976,1.334,1.376,0.0511,0.432,2.5,0.221,0.6092,0.242,,Market / Lease-up Risk,5400.0,0.042,0.05301048277465593,0.0511,35.1781,0.03244,1.8559,0.05557,33.3995
2023-06-30,OC-INDU-373,Industrial,Newport Beach,87156,1975,0.985,1.2122,2.042,2.013,0.0517,0.412,6.9,0.043,0.7233,0.55,,Market / Lease-up Risk,5400.0,0.042,0.05159288018913687,0.0517,23.4468,0.01556,1.2311,0.05498,22.3908
2023-06-30,OC-INDU-377,Industrial,Orange,97064,1962,0.931,0.9214,1.347,1.387,0.05,0.336,5.1,0.463,0.501,0.299,,Market / Lease-up Risk,1148.15,0.042,0.05368818141443222,0.05,18.428,-0.00163,0.9199,0.05475,16.8007
2023-06-30,OC-INDU-381,Industrial,Santa Ana,164715,1973,0.956,1.4137,1.378,1.348,0.0524,0.446,7.4,0.187,0.8096,0.583,,Market / Lease-up Risk,2296.3,0.042,0.036743658861841555,0.0524,26.979,0.02596,1.4504,0.05559,26.0909
2023-06-30,OC-INDU-385,Industrial,Costa Mesa,200975,1960,0.991,1.9676,1.553,1.534,0.0551,0.442,2.1,0.014,0.2528,0.333,,Market / Lease-up Risk,3250.0,0.042,0.0803785364328122,0.0551,35.7096,0.02932,2.0253,0.055,36.8242
2023-06-30,OC-INDU-389,Industrial,Fullerton,113601,1966,0.956,1.2957,1.53,1.578,0.0501,0.316,7.2,0.179,0.5071,0.302,,Market / Lease-up Risk,1500.0,0.042,0.03972701197159832,0.0501,25.8623,0.00836,1.3065,0.05505,23.7326
2023-06-30,OC-INDU-393,Industrial,Anaheim,210045,1973,0.948,2.273,1.438,1.395,0.0507,0.325,5.6,0.145,0.8145,0.627,,Market / Lease-up Risk,950.98,0.042,0.0638901682447551,0.0507,44.8323,0.02651,2.3333,0.05505,42.3819
2023-06-30,OC-INDU-397,Industrial,Irvine,84081,1955,0.965,0.7103,1.364,1.336,0.0512,0.437,7.3,0.348,0.1647,0.181,,Market / Lease-up Risk,1393.94,0.042,0.06171279368173982,0.0512,13.873,0.03878,0.7378,0.05499,13.4181
2023-06-30,OC-INDU-41,Industrial,Orange,191562,1962,0.986,1.5478,1.248,1.246,0.0544,0.424,5.7,0.196,0.3421,0.177,,Market / Lease-up Risk,1148.15,0.042,0.06039899093682895,0.0544,28.4522,-0.01278,1.528,0.05538,27.5936
2023-06-30,OC-INDU-45,Industrial,Santa Ana,82469,1955,0.976,0.6745,1.315,1.361,0.05,0.441,5.1,0.198,0.3661,0.232,,Market / Lease-up Risk,2296.3,0.042,0.06363355916355493,0.05,13.49,0.01808,0.6867,0.05545,12.383
2023-06-30,OC-INDU-49,Industrial,Costa Mesa,129602,1955,0.975,1.6049,1.76,1.694,0.0565,0.367,2.4,0.265,0.215,0.073,,Market / Lease-up Risk,3250.0,0.042,0.04915849457941749,0.0565,28.4053,0.04015,1.6693,0.0556,30.0263
2023-06-30,OC-INDU-53,Industrial,Fullerton,61332,1978,0.951,0.7411,1.615,1.587,0.0581,0.331,8.0,0.288,0.0859,0.505,,Market / Lease-up Risk,1500.0,0.042,0.06492871232736375,0.0581,12.7556,0.02347,0.7585,0.05483,13.8347
2023-06-30,OC-INDU-57,Industrial,Anaheim,162440,1955,0.939,2.0951,1.785,1.779,0.0508,0.325,7.4,0.092,0.8978,0.273,,Market / Lease-up Risk,950.98,0.042,0.06677254585969357,0.0508,41.2421,0.02687,2.1514,0.05501,39.1088
2023-06-30,OC-INDU-61,Industrial,Irvine,123054,1963,0.966,1.4077,1.539,1.595,0.05,0.325,3.0,0.17,0.8351,0.325,,Market / Lease-up Risk,1393.94,0.042,0.054278840144748555,0.05,28.154,0.02548,1.4436,0.05449,26.4947
2023-06-30,OC-INDU-65,Industrial,Newport Beach,182814,1969,0.977,2.5907,1.922,1.901,0.0587,0.338,3.1,0.502,1.4006,0.328,,Market / Lease-up Risk,5400.0,0.042,0.05313570294538607,0.0587,44.1346,0.02422,2.6534,0.05431,48.8557
2023-06-30,OC-INDU-69,Industrial,Orange,143245,1971,0.969,1.7584,1.804,1.831,0.0513,0.384,2.0,0.032,0.4238,0.459,,Market / Lease-up Risk,1148.15,0.042,0.07888287749725381,0.0513,34.2768,0.02517,1.8027,0.05544,32.5157
2023-06-30,OC-INDU-73,Industrial,Santa Ana,124834,1980,0.982,1.3676,1.363,1.392,0.0496,0.304,4.6,0.673,0.3329,0.703,,Market / Lease-up Risk,2296.3,0.042,0.05901730939942222,0.0496,27.5726,0.05937,1.4488,0.05488,26.4
2023-06-30,OC-INDU-77,Industrial,Costa Mesa,88156,1969,0.941,0.6921,1.171,1.132,0.0495,0.375,2.2,0.022,0.377,0.351,,Market / Lease-up Risk,3250.0,0.042,0.054511901424422755,0.0495,13.9818,0.06342,0.736,0.05469,13.4573
2023-06-30,OC-INDU-81,Industrial,Fullerton,141940,1979,0.984,1.4674,1.441,1.464,0.0543,0.38,4.0,0.334,0.5689,0.524,,Market / Lease-up Risk,1500.0,0.042,0.05342734708460769,0.0543,27.0239,0.01226,1.4854,0.05464,27.1849
2023-06-30,OC-INDU-85,Industrial,Anaheim,160714,1964,0.948,1.3268,1.147,1.191,0.0532,0.334,5.3,0.11,0.5186,0.415,,Market / Lease-up Risk,950.98,0.042,0.05227274408837111,0.0532,24.9398,0.05313,1.3973,0.05531,25.2614
2023-06-30,OC-INDU-89,Industrial,Irvine,95925,1974,0.937,0.8964,1.501,1.49,0.0555,0.435,7.7,0.079,0.5206,0.539,,Market / Lease-up Risk,1393.94,0.042,0.06087121292686333,0.0555,16.1514,0.06268,0.9526,0.05509,17.2913
2023-06-30,OC-INDU-93,Industrial,Newport Beach,147678,1976,0.949,1.4911,1.518,1.563,0.0488,0.404,2.9,0.066,0.5453,0.623,,Market / Lease-up Risk,5400.0,0.042,0.05474139582873177,0.0488,30.5553,0.03256,1.5397,0.05566,27.6638
2023-06-30,OC-INDU-97,Industrial,Orange,149188,1977,0.962,1.7569,1.556,1.618,0.0549,0.331,5.2,0.169,0.3615,0.559,,Market / Lease-up Risk,1148.15,0.042,0.05551999049442055,0.0549,32.0018,0.0112,1.7766,0.05514,32.2185
2023-06-30,OC-MULT-03,Multifamily,Anaheim,47600,1985,0.951,0.8436,3114.58,3205.206,0.0533,0.308,1.1,0.178,0.2491,0.739,35.0,Market / Lease-up Risk,950.98,0.042,0.023588461428988114,0.0533,15.8274,0.02005,0.8605,0.05224,16.4729
2023-06-30,OC-MULT-07,Multifamily,Irvine,53124,1977,0.946,1.0612,2450.32,2509.624,0.0539,0.317,1.0,0.374,0.6669,0.692,57.0,Market / Lease-up Risk,1393.94,0.042,0.031356628504914795,0.0539,19.6883,0.02057,1.083,0.05105,21.216
2023-06-30,OC-MULT-103,Multifamily,Santa Ana,32688,1973,0.972,0.85,3313.9,3298.036,0.0484,0.357,1.1,0.161,0.4852,0.49,36.0,Market / Lease-up Risk,2296.3,0.042,0.044185028499010875,0.0484,17.562,0.01646,0.864,0.05196,16.628
2023-06-30,OC-MULT-107,Multifamily,Costa Mesa,31314,1964,0.941,0.6516,3017.93,3096.698,0.0548,0.408,1.1,0.441,0.2109,0.46,34.0,Market / Lease-up Risk,3250.0,0.042,0.05123514726299605,0.0548,11.8905,0.01769,0.6631,0.05163,12.8434
2023-06-30,OC-MULT-11,Multifamily,Newport Beach,24206,1969,0.926,0.4464,3752.32,3662.76,0.0531,0.425,1.4,0.604,0.1787,0.522,19.0,Market / Lease-up Risk,5400.0,0.042,0.039089603581511784,0.0531,8.4068,0.0581,0.4723,0.05193,9.0954
2023-06-30,OC-MULT-111,Multifamily,Fullerton,38658,1966,0.941,0.6048,2750.11,2679.01,0.0504,0.397,0.9,0.037,0.272,0.39,34.0,Market / Lease-up Risk,1500.0,0.042,0.026805826633492163,0.0504,12.0,0.04103,0.6296,0.05252,11.9881
2023-06-30,OC-MULT-115,Multifamily,Anaheim,49200,1962,0.949,0.8097,3169.02,3193.666,0.0536,0.424,1.2,0.105,0.4778,0.311,41.0,Market / Lease-up Risk,950.98,0.042,0.029229782035359492,0.0536,15.1063,0.05663,0.8556,0.05248,16.3023
2023-06-30,OC-MULT-119,Multifamily,Irvine,27000,1978,0.976,0.5074,3830.53,3884.896,0.0529,0.423,1.2,0.176,0.1691,0.51,20.0,Market / Lease-up Risk,1393.94,0.042,0.02899945035159171,0.0529,9.5917,0.04924,0.5324,0.05218,10.2028
2023-06-30,OC-MULT-123,Multifamily,Newport Beach,76314,1971,0.975,1.7848,3504.77,3434.132,0.0551,0.336,0.9,0.023,0.5015,0.491,69.0,Market / Lease-up Risk,5400.0,0.042,0.044940468762883934,0.0551,32.392,0.05248,1.8785,0.05285,35.5423
2023-06-30,OC-MULT-127,Multifamily,Orange,83616,1975,0.925,1.3602,2895.18,2833.578,0.0541,0.335,1.1,0.276,0.2121,0.415,67.0,Market / Lease-up Risk,1148.15,0.042,0.045591797823330726,0.0541,25.1423,0.02221,1.3904,0.0518,26.8437
2023-06-30,OC-MULT-131,Multifamily,Santa Ana,69368,1974,0.972,1.5612,3604.01,3474.02,0.0541,0.326,1.2,0.222,0.8479,0.436,58.0,Market / Lease-up Risk,2296.3,0.042,0.04494281898564177,0.0541,28.8577,-0.00479,1.5537,0.05221,29.7564
2023-06-30,OC-MULT-135,Multifamily,Costa Mesa,80160,1986,0.925,1.456,3711.91,3698.405,0.0555,0.399,1.4,0.052,0.6033,0.659,60.0,Market / Lease-up Risk,3250.0,0.042,0.03608665602712935,0.0555,26.2342,0.04335,1.5191,0.05202,29.2023
2023-06-30,OC-MULT-139,Multifamily,Fullerton,23280,1984,0.969,0.3689,2362.86,2348.297,0.0522,0.315,0.9,0.011,0.1553,0.626,20.0,Market / Lease-up Risk,1500.0,0.042,0.02239070703142252,0.0522,7.067,0.02177,0.3769,0.05154,7.3134
2023-06-30,OC-MULT-143,Multifamily,Anaheim,72769,1989,0.946,1.5475,4088.0,4226.315,0.0523,0.358,1.0,0.188,0.7319,0.77,53.0,Market / Lease-up Risk,950.98,0.042,0.033257857154810055,0.0523,29.5889,0.01965,1.5779,0.05094,30.9762
2023-06-30,OC-MULT-147,Multifamily,Irvine,56358,1958,0.922,1.3384,3270.44,3274.306,0.0524,0.372,1.0,0.225,0.8482,0.091,62.0,Market / Lease-up Risk,1393.94,0.042,0.04876701992571083,0.0524,25.542,0.02877,1.3769,0.05215,26.4017
2023-06-30,OC-MULT-15,Multifamily,Orange,59708,1966,0.933,1.261,2916.36,2980.979,0.0534,0.311,1.4,0.352,0.3513,0.339,59.0,Market / Lease-up Risk,1148.15,0.042,0.02995507497373661,0.0534,23.6142,0.04914,1.323,0.05105,25.913
2023-06-30,OC-MULT-151,Multifamily,Newport Beach,67575,1964,0.935,0.7443,2136.1,2193.184,0.0562,0.359,1.3,0.519,0.3008,0.372,51.0,Market / Lease-up Risk,5400.0,0.042,0.04327484311527416,0.0562,13.2438,0.01187,0.7531,0.05234,14.3883
2023-06-30,OC-MULT-155,Multifamily,Orange,61714,1955,0.942,1.5724,3902.15,4024.984,0.051,0.364,1.4,0.084,0.4423,0.101,59.0,Market / Lease-up Risk,1148.15,0.042,0.01,0.051,30.8314,0.0401,1.6355,0.05266,31.0582
2023-06-30,OC-MULT-159,Multifamily,Santa Ana,65450,1973,0.966,1.1075,2920.86,3006.32,0.0476,0.374,1.0,0.162,0.3738,0.366,55.0,Market / Lease-up Risk,2296.3,0.042,0.0158040286049844,0.0476,23.2668,0.02064,1.1304,0.05211,21.6915
2023-06-30,OC-MULT-163,Multifamily,Costa Mesa,46360,1990,0.967,0.8337,2868.11,2957.019,0.0491,0.361,1.3,0.473,0.4021,0.825,40.0,Market / Lease-up Risk,3250.0,0.042,0.02042476036978714,0.0491,16.9796,0.03322,0.8614,0.05174,16.6498
2023-06-30,OC-MULT-167,Multifamily,Fullerton,23112,1975,0.954,0.3235,2627.5,2670.547,0.0487,0.371,0.8,0.388,0.0673,0.471,18.0,Market / Lease-up Risk,1500.0,0.042,0.03367144724472786,0.0487,6.6427,0.0513,0.3401,0.05183,6.5616
2023-06-30,OC-MULT-171,Multifamily,Anaheim,18580,1959,0.95,0.3694,2690.08,2669.911,0.0522,0.366,1.3,0.125,0.1533,0.087,20.0,Market / Lease-up Risk,950.98,0.042,0.054428548603272855,0.0522,7.0766,0.03974,0.3841,0.05222,7.3555
2023-06-30,OC-MULT-175,Multifamily,Irvine,46092,1974,0.977,0.8227,2809.67,2861.139,0.0504,0.446,0.9,0.104,0.3092,0.63,46.0,Market / Lease-up Risk,1393.94,0.042,0.03955271872238118,0.0504,16.3234,0.01558,0.8355,0.05179,16.1327
2023-06-30,OC-MULT-179,Multifamily,Newport Beach,35952,1980,0.958,0.8262,4004.95,3922.721,0.0503,0.346,0.9,0.131,0.3977,0.65,28.0,Market / Lease-up Risk,5400.0,0.042,0.019018915267039464,0.0503,16.4254,0.03746,0.8572,0.05183,16.5382
2023-06-30,OC-MULT-183,Multifamily,Orange,52704,1958,0.953,1.0503,2561.15,2483.3,0.054,0.301,1.2,0.052,0.4059,0.124,54.0,Market / Lease-up Risk,1148.15,0.042,0.04394692219037391,0.054,19.45,0.0488,1.1016,0.0517,21.3054
2023-06-30,OC-MULT-187,Multifamily,Santa Ana,69418,1955,0.933,0.9418,2407.31,2494.38,0.0572,0.397,1.1,0.044,0.2041,0.054,61.0,Market / Lease-up Risk,2296.3,0.042,0.039164686015035345,0.0572,16.465,0.05798,0.9964,0.05174,19.2579
2023-06-30,OC-MULT-19,Multifamily,Santa Ana,25460,1990,0.922,0.2955,2460.19,2486.295,0.0528,0.417,1.1,0.537,0.1431,0.762,19.0,Market / Lease-up Risk,2296.3,0.042,0.027299506943063018,0.0528,5.5966,0.03358,0.3054,0.05264,5.8019
2023-06-30,OC-MULT-191,Multifamily,Costa Mesa,58800,1991,0.956,0.9062,2532.95,2512.818,0.0471,0.337,1.0,0.2,0.2599,0.941,48.0,Market / Lease-up Risk,3250.0,0.042,0.040557871194529756,0.0471,19.2399,0.02597,0.9297,0.05149,18.0579
2023-06-30,OC-MULT-195,Multifamily,Fullerton,26208,1963,0.957,0.3044,2004.03,1992.13,0.0496,0.337,1.4,0.116,0.2128,0.197,21.0,Market / Lease-up Risk,1500.0,0.042,0.040971667060325206,0.0496,6.1371,0.006,0.3062,0.05148,5.9487
2023-06-30,OC-MULT-199,Multifamily,Anaheim,62010,1970,0.93,1.0172,2776.79,2711.644,0.0545,0.368,1.0,0.408,0.3553,0.565,53.0,Market / Lease-up Risk,950.98,0.042,0.055909726577480424,0.0545,18.6642,0.04266,1.0606,0.0516,20.5542
2023-06-30,OC-MULT-203,Multifamily,Irvine,18160,1996,0.975,0.5286,3748.3,3706.426,0.0502,0.385,1.2,0.004,0.0767,0.803,20.0,Market / Lease-up Risk,1393.94,0.042,0.02614503922293613,0.0502,10.5299,0.02596,0.5423,0.05124,10.5837
2023-06-30,OC-MULT-207,Multifamily,Newport Beach,52221,1977,0.925,0.8094,3462.57,3596.217,0.0529,0.449,1.0,0.043,0.3812,0.72,39.0,Market / Lease-up Risk,5400.0,0.042,0.02694699423270732,0.0529,15.3006,0.06038,0.8583,0.05242,16.374
2023-06-30,OC-MULT-211,Multifamily,Orange,81837,1985,0.97,1.1467,2497.06,2465.611,0.0526,0.361,1.3,0.274,0.3758,0.677,63.0,Market / Lease-up Risk,1148.15,0.042,0.04978453461482073,0.0526,21.8004,0.0388,1.1912,0.05144,23.1576
2023-06-30,OC-MULT-215,Multifamily,Santa Ana,22484,1977,0.943,0.3506,2494.98,2460.693,0.0503,0.424,1.0,0.439,0.1821,0.579,22.0,Market / Lease-up Risk,2296.3,0.042,0.04283959002047146,0.0503,6.9702,0.04821,0.3675,0.05239,7.0143
2023-06-30,OC-MULT-219,Multifamily,Costa Mesa,29348,1958,0.937,0.5895,3462.61,3543.544,0.055,0.307,0.9,0.092,0.3508,0.146,23.0,Market / Lease-up Risk,3250.0,0.042,0.05397640061362007,0.055,10.7182,0.03521,0.6103,0.05203,11.7299
2023-06-30,OC-MULT-223,Multifamily,Fullerton,25179,2002,0.974,0.48,3032.88,2998.627,0.0494,0.342,1.2,0.225,0.263,0.914,21.0,Market / Lease-up Risk,1500.0,0.042,0.026496568688902218,0.0494,9.7166,0.03555,0.4971,0.05219,9.5236
2023-06-30,OC-MULT-227,Multifamily,Anaheim,76095,1959,0.966,1.3461,3314.58,3352.779,0.0494,0.353,1.1,0.04,0.4676,0.301,57.0,Market / Lease-up Risk,950.98,0.042,0.028947563747577367,0.0494,27.249,0.04381,1.4051,0.05192,27.0618
2023-06-30,OC-MULT-23,Multifamily,Costa Mesa,26854,1960,0.98,0.7617,3572.75,3707.333,0.0519,0.342,0.9,0.496,0.3552,0.236,29.0,Market / Lease-up Risk,3250.0,0.042,0.03285750786982158,0.0519,14.6763,0.0343,0.7878,0.05209,15.1246
2023-06-30,OC-MULT-231,Multifamily,Irvine,42699,1983,0.954,0.5802,2045.43,2018.308,0.0497,0.412,1.4,0.109,0.2512,0.725,43.0,Market / Lease-up Risk,1393.94,0.042,0.052279590891677455,0.0497,11.674,0.01551,0.5892,0.05267,11.1865
2023-06-30,OC-MULT-235,Multifamily,Newport Beach,52430,1974,0.971,0.6788,2262.94,2209.06,0.054,0.447,1.0,0.176,0.4097,0.412,49.0,Market / Lease-up Risk,5400.0,0.042,0.04646830223781009,0.054,12.5704,0.0146,0.6887,0.0523,13.1683
2023-06-30,OC-MULT-239,Multifamily,Orange,27786,1974,0.972,0.4649,2776.15,2727.095,0.0489,0.313,1.1,0.349,0.2757,0.375,22.0,Market / Lease-up Risk,1148.15,0.042,0.054075690745192896,0.0489,9.5072,0.00272,0.4662,0.05131,9.0845
2023-06-30,OC-MULT-243,Multifamily,Santa Ana,72240,1979,0.933,1.333,2964.62,2848.059,0.0561,0.317,1.4,0.148,0.5517,0.599,60.0,Market / Lease-up Risk,2296.3,0.042,0.0308150182249668,0.0561,23.7611,0.04428,1.392,0.05132,27.1218
2023-06-30,OC-MULT-247,Multifamily,Costa Mesa,57857,1969,0.928,0.9804,3319.55,3313.76,0.0506,0.406,0.9,0.339,0.5837,0.482,47.0,Market / Lease-up Risk,3250.0,0.042,0.04144839605021568,0.0506,19.3755,0.05661,1.0359,0.05207,19.8932
2023-06-30,OC-MULT-251,Multifamily,Fullerton,58026,1968,0.931,1.1366,3095.16,2993.609,0.0562,0.393,1.1,0.054,0.5179,0.399,57.0,Market / Lease-up Risk,1500.0,0.042,0.021020179414670638,0.0562,20.2242,0.03601,1.1775,0.05095,23.1095
2023-06-30,OC-MULT-255,Multifamily,Anaheim,48283,1969,0.957,0.9319,2765.11,2855.049,0.0538,0.435,0.8,0.011,0.1,0.552,53.0,Market / Lease-up Risk,950.98,0.042,0.05941801267790979,0.0538,17.3216,0.01485,0.9457,0.05249,18.017
2023-06-30,OC-MULT-259,Multifamily,Irvine,27300,1960,0.932,0.5897,2927.29,2861.263,0.0561,0.368,1.0,0.297,0.0871,0.173,30.0,Market / Lease-up Risk,1393.94,0.042,0.05364740491397003,0.0561,10.5116,0.02431,0.604,0.05238,11.5327
2023-06-30,OC-MULT-263,Multifamily,Newport Beach,63744,1976,0.956,0.7854,2445.1,2372.971,0.0507,0.386,1.0,0.005,0.501,0.47,48.0,Market / Lease-up Risk,5400.0,0.042,0.03796196535074321,0.0507,15.4911,0.05109,0.8255,0.05141,16.0562
2023-06-30,OC-MULT-267,Multifamily,Orange,60390,1973,0.958,1.3847,4046.28,3932.575,0.0541,0.325,1.5,0.677,0.5408,0.509,45.0,Market / Lease-up Risk,1148.15,0.042,0.028043978107008358,0.0541,25.5952,0.01544,1.4061,0.0515,27.3037
2023-06-30,OC-MULT-27,Multifamily,Fullerton,18525,1976,0.963,0.3208,2209.04,2183.87,0.056,0.325,1.1,0.079,0.0952,0.51,19.0,Market / Lease-up Risk,1500.0,0.042,0.01860468971973223,0.056,5.7286,0.03494,0.332,0.05248,6.3259
2023-06-30,OC-MULT-271,Multifamily,Santa Ana,54936,1973,0.925,0.6143,2021.98,2067.992,0.0492,0.335,1.1,0.66,0.1675,0.584,42.0,Market / Lease-up Risk,2296.3,0.042,0.03248732636911005,0.0492,12.4858,0.04259,0.6405,0.05134,12.476
2023-06-30,OC-MULT-275,Multifamily,Costa Mesa,43734,1965,0.969,0.7235,2584.27,2563.018,0.0504,0.315,1.3,0.317,0.2176,0.415,37.0,Market / Lease-up Risk,3250.0,0.042,0.044288021975266795,0.0504,14.3552,0.03499,0.7488,0.05241,14.2876
2023-06-30,OC-MULT-279,Multifamily,Fullerton,38077,2001,0.955,0.4936,2460.46,2366.8,0.0463,0.384,1.1,0.094,0.1934,0.926,29.0,Market / Lease-up Risk,1500.0,0.042,0.029707909659335126,0.0463,10.6609,0.02093,0.5039,0.05194,9.7014
2023-06-30,OC-MULT-283,Multifamily,Anaheim,46795,1977,0.956,1.1894,3271.44,3171.331,0.0553,0.34,0.8,0.303,0.5682,0.687,49.0,Market / Lease-up Risk,950.98,0.042,0.042174368031513004,0.0553,21.5081,0.03615,1.2324,0.0518,23.7928
2023-06-30,OC-MULT-287,Multifamily,Irvine,27669,1966,0.954,0.3971,2804.53,2913.762,0.0535,0.434,1.2,0.071,0.1405,0.423,23.0,Market / Lease-up Risk,1393.94,0.042,0.03284548040434081,0.0535,7.4224,0.03202,0.4098,0.05152,7.9541
2023-06-30,OC-MULT-291,Multifamily,Newport Beach,19424,1986,0.935,0.4521,3929.28,3911.558,0.052,0.346,1.4,0.29,0.1134,0.678,16.0,Market / Lease-up Risk,5400.0,0.042,0.049174789689279484,0.052,8.6942,0.01147,0.4573,0.05231,8.7425
2023-06-30,OC-MULT-295,Multifamily,Orange,44892,1988,0.958,0.5846,1933.74,1873.696,0.0503,0.376,1.0,0.467,0.3814,0.75,43.0,Market / Lease-up Risk,1148.15,0.042,0.016010219701135336,0.0503,11.6223,0.0046,0.5873,0.05226,11.2377
2023-06-30,OC-MULT-299,Multifamily,Santa Ana,55640,1973,0.94,0.769,3147.58,3246.7,0.0497,0.43,1.4,0.147,0.3958,0.479,40.0,Market / Lease-up Risk,2296.3,0.042,0.05976508033676083,0.0497,15.4728,0.01956,0.784,0.0521,15.0476
2023-06-30,OC-MULT-303,Multifamily,Costa Mesa,69500,1980,0.95,1.0781,3254.62,3244.664,0.0539,0.407,1.5,0.449,0.1391,0.64,50.0,Market / Lease-up Risk,3250.0,0.042,0.04483038938109584,0.0539,20.0019,0.02734,1.1076,0.05218,21.2266
2023-06-30,OC-MULT-307,Multifamily,Fullerton,83570,1981,0.93,1.1994,2774.49,2735.002,0.0482,0.352,1.3,0.115,0.624,0.648,61.0,Market / Lease-up Risk,1500.0,0.042,0.03178101879346355,0.0482,24.8838,0.02927,1.2345,0.05111,24.1551
2023-06-30,OC-MULT-31,Multifamily,Anaheim,22416,1955,0.951,0.788,4395.56,4235.118,0.0572,0.311,1.3,0.148,0.22,0.092,24.0,Market / Lease-up Risk,950.98,0.042,0.03919447708924703,0.0572,13.7762,0.02859,0.8105,0.0516,15.7085
2023-06-30,OC-MULT-311,Multifamily,Anaheim,68208,1962,0.971,0.8191,2696.59,2748.612,0.0528,0.44,1.1,0.127,0.1938,0.407,49.0,Market / Lease-up Risk,950.98,0.042,0.0455556397623524,0.0528,15.5133,0.03756,0.8499,0.05217,16.2902
2023-06-30,OC-MULT-315,Multifamily,Irvine,29316,1958,0.923,0.5605,3139.39,3065.969,0.0561,0.394,1.1,0.66,0.2041,0.114,28.0,Market / Lease-up Risk,1393.94,0.042,0.03182680444112952,0.0561,9.9911,0.02569,0.5749,0.05179,11.1009
2023-06-30,OC-MULT-319,Multifamily,Newport Beach,30914,1965,0.956,0.5615,2912.58,2942.401,0.0568,0.39,1.2,0.102,0.2622,0.327,29.0,Market / Lease-up Risk,5400.0,0.042,0.04166008452923926,0.0568,9.8856,0.0269,0.5766,0.05145,11.2071
2023-06-30,OC-MULT-323,Multifamily,Orange,61364,1966,0.923,0.9784,3203.59,3287.239,0.0511,0.369,1.4,0.644,0.5211,0.433,46.0,Market / Lease-up Risk,1148.15,0.042,0.042083816858740096,0.0511,19.1468,-0.003,0.9755,0.05252,18.5748
2023-06-30,OC-MULT-327,Multifamily,Santa Ana,86229,1999,0.979,1.7915,3380.69,3245.718,0.0493,0.313,1.4,0.212,0.8679,0.858,67.0,Market / Lease-up Risk,2296.3,0.042,0.03362267269221679,0.0493,36.3387,0.02921,1.8438,0.05248,35.1338
2023-06-30,OC-MULT-331,Multifamily,Costa Mesa,54010,1997,0.963,1.0626,2512.38,2415.07,0.0503,0.321,1.2,0.102,0.5341,0.827,55.0,Market / Lease-up Risk,3250.0,0.042,0.04190840401646389,0.0503,21.1252,0.01174,1.0751,0.05189,20.7171
2023-06-30,OC-MULT-335,Multifamily,Fullerton,69972,1979,0.923,1.171,2657.54,2582.872,0.0536,0.403,1.1,0.311,0.5018,0.527,68.0,Market / Lease-up Risk,1500.0,0.042,0.04063871157250831,0.0536,21.847,0.03144,1.2078,0.05257,22.976
2023-06-30,OC-MULT-339,Multifamily,Anaheim,32076,1969,0.933,0.4379,2265.75,2325.631,0.0553,0.327,0.9,0.158,0.2374,0.3,27.0,Market / Lease-up Risk,950.98,0.042,0.03740847975071278,0.0553,7.9186,0.04421,0.4573,0.05151,8.8775
2023-06-30,OC-MULT-343,Multifamily,Irvine,69900,1985,0.954,1.6238,4137.6,4208.193,0.0554,0.417,0.8,0.53,0.9466,0.825,60.0,Market / Lease-up Risk,1393.94,0.042,0.04292062884608956,0.0554,29.3105,0.05366,1.7109,0.05216,32.8023
2023-06-30,OC-MULT-347,Multifamily,Newport Beach,50439,1996,0.964,0.8898,2709.41,2720.575,0.0488,0.432,1.2,0.009,0.1642,0.916,51.0,Market / Lease-up Risk,5400.0,0.042,0.014644850112675231,0.0488,18.2336,0.01751,0.9054,0.05282,17.1423
2023-06-30,OC-MULT-35,Multifamily,Irvine,24822,1965,0.96,0.5449,3965.05,3898.583,0.0543,0.402,1.2,0.368,0.324,0.446,21.0,Market / Lease-up Risk,1393.94,0.042,0.03908452649167498,0.0543,10.035,0.0368,0.565,0.05238,10.7854
2023-06-30,OC-MULT-351,Multifamily,Orange,61551,1988,0.953,1.458,3231.51,3343.15,0.0513,0.361,0.9,0.331,0.5374,0.875,63.0,Market / Lease-up Risk,1148.15,0.042,0.056067411173259446,0.0513,28.4211,0.05414,1.5369,0.05173,29.7106
2023-06-30,OC-MULT-355,Multifamily,Santa Ana,26040,1979,0.94,0.2517,1754.32,1744.805,0.052,0.382,1.0,0.273,0.1509,0.538,21.0,Market / Lease-up Risk,2296.3,0.042,0.04657237718413801,0.052,4.8404,0.02584,0.2582,0.05183,4.9822
2023-06-30,OC-MULT-359,Multifamily,Costa Mesa,57820,1972,0.937,0.73,2064.66,2135.557,0.0545,0.439,1.2,0.071,0.1566,0.428,59.0,Market / Lease-up Risk,3250.0,0.042,0.033461394664528556,0.0545,13.3945,0.02531,0.7485,0.0516,14.5045
2023-06-30,OC-MULT-363,Multifamily,Fullerton,69077,1964,0.947,1.2925,2774.64,2763.951,0.0502,0.356,1.3,0.219,0.1639,0.435,67.0,Market / Lease-up Risk,1500.0,0.042,0.04446417871185772,0.0502,25.747,0.0176,1.3152,0.0513,25.6397
2023-06-30,OC-MULT-367,Multifamily,Anaheim,39435,1969,0.93,0.7484,3122.85,3025.165,0.0547,0.315,1.0,0.122,0.1926,0.442,33.0,Market / Lease-up Risk,950.98,0.042,0.04454650385812414,0.0547,13.6819,0.00142,0.7495,0.05318,14.0941
2023-06-30,OC-MULT-371,Multifamily,Irvine,40832,1989,0.967,0.645,2891.37,2995.297,0.0472,0.387,0.9,0.315,0.1242,0.864,32.0,Market / Lease-up Risk,1393.94,0.042,0.028625115741546848,0.0472,13.6653,0.01734,0.6562,0.05249,12.5001
2023-06-30,OC-MULT-375,Multifamily,Newport Beach,20383,1962,0.96,0.3369,2807.61,2734.24,0.0527,0.355,0.9,0.371,0.2173,0.248,17.0,Market / Lease-up Risk,5400.0,0.042,0.05086972541777041,0.0527,6.3928,0.0289,0.3466,0.05204,6.6608
2023-06-30,OC-MULT-379,Multifamily,Orange,50960,1975,0.976,1.0347,2986.61,2903.653,0.0543,0.384,1.1,0.311,0.1256,0.581,49.0,Market / Lease-up Risk,1148.15,0.042,0.027394318849376688,0.0543,19.0552,0.02192,1.0574,0.05252,20.1327
2023-06-30,OC-MULT-383,Multifamily,Santa Ana,68266,1962,0.945,1.3747,3288.54,3404.374,0.0487,0.331,1.0,0.099,0.7564,0.266,58.0,Market / Lease-up Risk,2296.3,0.042,0.025838867764700915,0.0487,28.2279,0.02726,1.4122,0.05193,27.1946
2023-06-30,OC-MULT-387,Multifamily,Costa Mesa,93462,1964,0.964,1.6072,3012.62,2962.055,0.0564,0.344,1.1,0.189,0.9175,0.442,74.0,Market / Lease-up Risk,3250.0,0.042,0.0553701782217641,0.0564,28.4965,0.03673,1.6662,0.05165,32.2569
2023-06-30,OC-MULT-39,Multifamily,Newport Beach,78411,1955,0.948,0.9918,2822.96,2713.454,0.0501,0.449,1.5,0.117,0.3936,0.132,59.0,Market / Lease-up Risk,5400.0,0.042,0.06482723644565493,0.0501,19.7964,0.01378,1.0055,0.05264,19.1004
2023-06-30,OC-MULT-391,Multifamily,Fullerton,92805,1967,0.924,1.85,3880.16,3974.39,0.052,0.344,0.9,0.514,1.1414,0.399,69.0,Market / Lease-up Risk,1500.0,0.042,0.025797629836817694,0.052,35.5769,0.02538,1.8969,0.05206,36.4404
2023-06-30,OC-MULT-395,Multifamily,Anaheim,44976,1976,0.94,1.0884,3062.31,3140.209,0.0512,0.309,1.2,0.135,0.698,0.414,48.0,Market / Lease-up Risk,950.98,0.042,0.03341252302504783,0.0512,21.2578,0.02586,1.1165,0.05168,21.604
2023-06-30,OC-MULT-399,Multifamily,Irvine,53956,1994,0.938,0.7574,2170.8,2205.998,0.0494,0.327,1.4,0.332,0.1097,0.841,47.0,Market / Lease-up Risk,1393.94,0.042,0.041411082699035505,0.0494,15.332,0.04128,0.7887,0.05164,15.2737
2023-06-30,OC-MULT-43,Multifamily,Orange,49932,1965,0.928,0.7202,3425.96,3500.091,0.0531,0.448,1.0,0.43,0.1039,0.371,36.0,Market / Lease-up Risk,1148.15,0.042,0.013864346081094634,0.0531,13.5631,0.07321,0.7729,0.05215,14.8214
2023-06-30,OC-MULT-47,Multifamily,Santa Ana,48462,1962,0.949,0.638,2573.22,2566.309,0.0556,0.441,1.5,0.201,0.1263,0.384,41.0,Market / Lease-up Risk,2296.3,0.042,0.023201425878168713,0.0556,11.4748,0.01883,0.65,0.05114,12.7093
2023-06-30,OC-MULT-51,Multifamily,Costa Mesa,87770,1961,0.979,0.8086,1733.04,1687.642,0.0546,0.376,1.4,0.621,0.4119,0.264,67.0,Market / Lease-up Risk,3250.0,0.042,0.01,0.0546,14.8095,0.00603,0.8135,0.05129,15.8588
2023-06-30,OC-MULT-55,Multifamily,Fullerton,39480,1970,0.934,0.4362,2231.34,2285.773,0.056,0.388,1.1,0.256,0.2643,0.304,30.0,Market / Lease-up Risk,1500.0,0.042,0.034269149090078554,0.056,7.7893,0.01687,0.4436,0.05157,8.6018
2023-06-30,OC-MULT-59,Multifamily,Anaheim,25800,1981,0.971,0.537,3048.82,3142.261,0.0549,0.383,1.3,0.088,0.2613,0.718,25.0,Market / Lease-up Risk,950.98,0.042,0.041979472073619364,0.0549,9.7814,0.03272,0.5546,0.05179,10.7074
2023-06-30,OC-MULT-63,Multifamily,Irvine,60912,1955,0.966,0.8465,2345.11,2255.986,0.0566,0.393,0.9,0.648,0.2239,0.18,54.0,Market / Lease-up Risk,1393.94,0.042,0.059308028512855,0.0566,14.9558,0.02592,0.8684,0.05256,16.5241
2023-06-30,OC-MULT-67,Multifamily,Newport Beach,36140,1977,0.938,0.5302,3147.17,3081.077,0.0515,0.394,1.1,0.212,0.1058,0.488,26.0,Market / Lease-up Risk,5400.0,0.042,0.03117333397776172,0.0515,10.2951,0.03806,0.5504,0.05224,10.5351
2023-06-30,OC-MULT-71,Multifamily,Orange,26400,1955,0.949,0.5225,3773.23,3768.099,0.0528,0.36,1.0,0.643,0.2908,0.161,20.0,Market / Lease-up Risk,1148.15,0.042,0.022000223553549164,0.0528,9.8958,0.04251,0.5447,0.05154,10.5681
2023-06-30,OC-MULT-75,Multifamily,Santa Ana,84419,1988,0.936,1.2448,2839.28,2808.788,0.052,0.439,1.4,0.315,0.2058,0.792,71.0,Market / Lease-up Risk,2296.3,0.042,0.01025739206700893,0.052,23.9385,0.01627,1.2651,0.05175,24.4478
2023-06-30,OC-MULT-79,Multifamily,Costa Mesa,22793,1966,0.928,0.4128,3035.14,3061.16,0.0495,0.441,1.1,0.389,0.108,0.461,23.0,Market / Lease-up Risk,3250.0,0.042,0.03437812485734869,0.0495,8.3394,0.03119,0.4257,0.05171,8.2327
2023-06-30,OC-MULT-83,Multifamily,Fullerton,38284,1996,0.965,0.8766,3724.23,3637.085,0.0534,0.39,1.4,0.002,0.5306,0.896,34.0,Market / Lease-up Risk,1500.0,0.042,0.04674387905523454,0.0534,16.4157,0.04916,0.9197,0.05253,17.5064
2023-06-30,OC-MULT-87,Multifamily,Anaheim,33460,1961,0.972,0.4509,2321.56,2377.296,0.0502,0.374,0.8,0.222,0.275,0.146,28.0,Market / Lease-up Risk,950.98,0.042,0.03187885606847576,0.0502,8.9821,0.03922,0.4686,0.05231,8.9574
2023-06-30,OC-MULT-91,Multifamily,Irvine,92160,1980,0.975,1.5863,3129.56,3094.959,0.0511,0.386,1.2,0.065,0.907,0.567,72.0,Market / Lease-up Risk,1393.94,0.042,0.029556756457170725,0.0511,31.0431,0.00393,1.5925,0.05303,30.0287
2023-06-30,OC-MULT-95,Multifamily,Newport Beach,43838,1984,0.927,0.8893,2960.52,2994.292,0.0516,0.401,1.4,0.167,0.4013,0.687,46.0,Market / Lease-up Risk,5400.0,0.042,0.04696646610323962,0.0516,17.2345,0.01057,0.8987,0.05226,17.1968
2023-06-30,OC-MULT-99,Multifamily,Orange,45640,1968,0.964,0.9412,3660.51,3760.173,0.049,0.352,1.2,0.76,0.4048,0.53,35.0,Market / Lease-up Risk,1148.15,0.042,0.04199046546788402,0.049,19.2082,0.0404,0.9792,0.05257,18.6253
2023-06-30,OC-OFFI-02,Office,Anaheim,146899,1962,0.84,2.3618,2.682,2.75,0.0671,0.374,2.6,0.269,0.7307,0.235,,Market / Lease-up Risk,950.98,0.042,0.11534342050206943,0.0671,35.1982,0.03727,2.4498,0.07204,34.0059
2023-06-30,OC-OFFI-06,Office,Irvine,105651,1987,0.77,1.6961,3.01,2.982,0.0697,0.411,5.0,0.048,0.2977,0.797,,Market / Lease-up Risk,1393.94,0.042,0.1521370056928902,0.0697,24.3343,0.01496,1.7215,0.0729,23.6148
2023-06-30,OC-OFFI-10,Office,Newport Beach,161462,1980,0.919,4.3779,3.615,3.669,0.065,0.306,4.6,0.217,1.2796,0.728,,Market / Lease-up Risk,5400.0,0.042,0.14122310868068536,0.065,67.3523,0.03737,4.5415,0.07182,63.234
2023-06-30,OC-OFFI-102,Office,Santa Ana,167549,1980,0.766,2.4014,2.316,2.261,0.0632,0.313,6.6,0.053,0.1909,0.735,,Market / Lease-up Risk,2296.3,0.042,0.15320260894369755,0.0632,37.9968,0.00269,2.4079,0.07202,33.4332
2023-06-30,OC-OFFI-106,Office,Costa Mesa,129299,1975,0.8,1.504,2.154,2.08,0.0622,0.426,5.2,0.627,0.2318,0.633,,Market / Lease-up Risk,3250.0,0.042,0.13599655795701757,0.0622,24.1801,0.04755,1.5755,0.07195,21.8966
2023-06-30,OC-OFFI-110,Office,Fullerton,258294,1976,0.88,2.4656,1.495,1.456,0.0743,0.383,2.7,0.211,0.8416,0.55,,Market / Lease-up Risk,1500.0,0.042,0.11635879724677284,0.0743,33.1844,0.01811,2.5103,0.07208,34.8255
2023-06-30,OC-OFFI-114,Office,Anaheim,105746,1981,0.919,1.8686,2.776,2.836,0.0645,0.411,5.6,0.114,0.9527,0.667,,Market / Lease-up Risk,950.98,0.042,0.12743505013343176,0.0645,28.9705,0.02715,1.9193,0.07148,26.8512
2023-06-30,OC-OFFI-118,Office,Irvine,230126,1980,0.753,2.6308,2.293,2.338,0.0651,0.437,6.6,0.207,0.5665,0.748,,Market / Lease-up Risk,1393.94,0.042,0.1354249903522699,0.0651,40.4117,0.00483,2.6435,0.07215,36.6386
2023-06-30,OC-OFFI-122,Office,Newport Beach,150013,1971,0.877,3.0946,3.021,3.035,0.0715,0.317,5.8,0.512,0.8802,0.458,,Market / Lease-up Risk,5400.0,0.042,0.13098559263776796,0.0715,43.2811,0.04773,3.2423,0.07146,45.3695
2023-06-30,OC-OFFI-126,Office,Orange,231982,1956,0.904,4.7057,3.211,3.316,0.0758,0.387,4.2,0.023,1.1263,0.266,,Market / Lease-up Risk,1148.15,0.042,0.14438412005771667,0.0758,62.0805,0.00938,4.7498,0.07176,66.1948
2023-06-30,OC-OFFI-130,Office,Santa Ana,148405,1967,0.774,3.0631,3.481,3.441,0.0762,0.328,3.9,0.161,0.8049,0.294,,Market / Lease-up Risk,2296.3,0.042,0.15235768820951825,0.0762,40.1982,0.0184,3.1194,0.07226,43.1672
2023-06-30,OC-OFFI-134,Office,Costa Mesa,138994,1965,0.876,3.412,3.599,3.487,0.0644,0.317,5.3,0.063,0.4218,0.48,,Market / Lease-up Risk,3250.0,0.042,0.13705614697370777,0.0644,52.9814,0.0114,3.4509,0.07154,48.2361
2023-06-30,OC-OFFI-138,Office,Fullerton,216641,1973,0.865,2.5716,2.114,2.147,0.0615,0.448,2.5,0.549,1.2434,0.63,,Market / Lease-up Risk,1500.0,0.042,0.1368838088004412,0.0615,41.8146,0.03132,2.6521,0.07146,37.1155
2023-06-30,OC-OFFI-14,Office,Orange,142156,1970,0.9,2.4952,2.965,3.04,0.0746,0.423,3.4,0.102,0.6144,0.34,,Market / Lease-up Risk,1148.15,0.042,0.12796827254779902,0.0746,33.4477,0.00966,2.5193,0.07268,34.6634
2023-06-30,OC-OFFI-142,Office,Anaheim,145340,1985,0.872,2.5083,2.642,2.693,0.0732,0.363,5.8,0.704,0.6723,0.687,,Market / Lease-up Risk,950.98,0.042,0.11602593831787503,0.0732,34.2664,0.03753,2.6024,0.07276,35.7681
2023-06-30,OC-OFFI-146,Office,Irvine,211532,1971,0.89,4.6959,3.161,3.224,0.0646,0.329,3.1,0.027,1.5644,0.549,,Market / Lease-up Risk,1393.94,0.042,0.13492930023859304,0.0646,72.692,0.02151,4.7969,0.0714,67.1878
2023-06-30,OC-OFFI-150,Office,Newport Beach,225265,1979,0.885,3.7463,2.65,2.749,0.067,0.397,5.1,0.065,1.1439,0.728,,Market / Lease-up Risk,5400.0,0.042,0.12919393675583096,0.067,55.9149,-0.00037,3.7449,0.07092,52.8072
2023-06-30,OC-OFFI-154,Office,Orange,114116,1998,0.895,2.0667,2.977,2.988,0.0753,0.422,6.9,0.739,0.8443,0.923,,Market / Lease-up Risk,1148.15,0.042,0.1353494844886353,0.0753,27.4462,0.02659,2.1217,0.07159,29.6368
2023-06-30,OC-OFFI-158,Office,Santa Ana,97085,1964,0.885,1.8964,3.476,3.395,0.0717,0.443,2.5,0.112,0.8376,0.384,,Market / Lease-up Risk,2296.3,0.042,0.12917529368530045,0.0717,26.4491,0.02705,1.9477,0.07198,27.0597
2023-06-30,OC-OFFI-162,Office,Costa Mesa,244255,1980,0.854,3.4411,2.033,2.079,0.0674,0.31,3.9,0.199,1.1442,0.541,,Market / Lease-up Risk,3250.0,0.042,0.12094018476545099,0.0674,51.0549,0.01276,3.485,0.07165,48.636
2023-06-30,OC-OFFI-166,Office,Fullerton,127068,1979,0.762,2.2798,3.178,3.089,0.0693,0.37,2.9,0.042,0.929,0.747,,Market / Lease-up Risk,1500.0,0.042,0.1299066774853139,0.0693,32.8975,0.05124,2.3966,0.07202,33.2756
2023-06-30,OC-OFFI-170,Office,Anaheim,237278,1975,0.827,3.5016,2.751,2.721,0.071,0.431,5.0,0.195,1.0777,0.423,,Market / Lease-up Risk,950.98,0.042,0.13848479717825543,0.071,49.3183,0.02064,3.5739,0.07184,49.7499
2023-06-30,OC-OFFI-174,Office,Irvine,168606,1956,0.896,2.847,2.746,2.733,0.0668,0.398,2.4,0.071,1.3169,0.12,,Market / Lease-up Risk,1393.94,0.042,0.13777685660204453,0.0668,42.6198,0.03598,2.9494,0.07236,40.7629
2023-06-30,OC-OFFI-178,Office,Newport Beach,254259,1969,0.802,3.9346,2.616,2.526,0.0727,0.353,4.9,0.374,1.4158,0.356,,Market / Lease-up Risk,5400.0,0.042,0.14450451363428057,0.0727,54.121,0.01152,3.9799,0.07258,54.8326
2023-06-30,OC-OFFI-18,Office,Santa Ana,237680,1972,0.831,5.1923,3.526,3.446,0.0677,0.346,6.6,0.288,1.0801,0.383,,Market / Lease-up Risk,2296.3,0.042,0.13599555297456112,0.0677,76.6957,0.01975,5.2948,0.07222,73.319
2023-06-30,OC-OFFI-182,Office,Orange,209745,1982,0.88,3.7705,2.652,2.634,0.0618,0.345,4.3,0.196,1.9649,0.637,,Market / Lease-up Risk,1148.15,0.042,0.1407724047415422,0.0618,61.0113,0.02257,3.8556,0.07254,53.1498
2023-06-30,OC-OFFI-186,Office,Santa Ana,105312,1990,0.898,1.9687,2.902,2.899,0.0657,0.39,3.3,0.151,0.9248,0.92,,Market / Lease-up Risk,2296.3,0.042,0.11535995552268957,0.0657,29.965,0.013,1.9943,0.07134,27.9561
2023-06-30,OC-OFFI-190,Office,Costa Mesa,98480,1975,0.894,2.0093,3.11,3.165,0.0692,0.376,6.4,0.308,0.4487,0.627,,Market / Lease-up Risk,3250.0,0.042,0.13480813871079006,0.0692,29.0361,0.04172,2.0931,0.07181,29.1487
2023-06-30,OC-OFFI-194,Office,Fullerton,170648,1974,0.929,3.7564,3.154,3.253,0.0727,0.341,3.8,0.611,1.6158,0.381,,Market / Lease-up Risk,1500.0,0.042,0.12724278732230895,0.0727,51.6699,0.02286,3.8423,0.07232,53.1325
2023-06-30,OC-OFFI-198,Office,Anaheim,168292,1984,0.877,3.7138,3.44,3.55,0.0763,0.378,6.0,0.13,1.4942,0.831,,Market / Lease-up Risk,950.98,0.042,0.14553409541378398,0.0763,48.6737,0.03528,3.8448,0.0721,53.3273
2023-06-30,OC-OFFI-202,Office,Irvine,194451,1975,0.874,3.3187,2.836,2.804,0.0698,0.396,3.3,0.034,1.5348,0.45,,Market / Lease-up Risk,1393.94,0.042,0.16112497336419085,0.0698,47.5458,0.00704,3.3421,0.07195,46.4485
2023-06-30,OC-OFFI-206,Office,Newport Beach,229378,1970,0.946,4.036,2.789,2.759,0.0768,0.415,4.5,0.362,1.2975,0.387,,Market / Lease-up Risk,5400.0,0.042,0.1255902462593948,0.0768,52.5521,0.03649,4.1833,0.07295,57.3469
2023-06-30,OC-OFFI-210,Office,Orange,157434,1955,0.902,2.7669,2.988,2.951,0.0709,0.428,4.6,0.183,1.3581,0.123,,Market / Lease-up Risk,1148.15,0.042,0.14282118118140288,0.0709,39.0254,0.00723,2.7869,0.07296,38.2001
2023-06-30,OC-OFFI-214,Office,Santa Ana,196173,1973,0.783,3.4543,2.924,2.851,0.0651,0.346,6.8,0.099,0.402,0.636,,Market / Lease-up Risk,2296.3,0.042,0.13483673836811688,0.0651,53.0614,0.02724,3.5484,0.07171,49.483
2023-06-30,OC-OFFI-218,Office,Costa Mesa,117687,1990,0.829,2.5169,3.279,3.309,0.0678,0.331,4.9,0.242,0.4778,0.889,,Market / Lease-up Risk,3250.0,0.042,0.11690869529978304,0.0678,37.1224,0.02357,2.5762,0.07158,35.9889
2023-06-30,OC-OFFI-22,Office,Costa Mesa,202822,1971,0.885,2.7868,2.336,2.299,0.0748,0.417,6.6,0.206,0.6437,0.4,,Market / Lease-up Risk,3250.0,0.042,0.12814526318490374,0.0748,37.2567,0.0012,2.7901,0.07242,38.5251
2023-06-30,OC-OFFI-222,Office,Fullerton,170021,1977,0.816,2.8799,3.007,3.025,0.0655,0.413,6.9,0.253,1.1023,0.592,,Market / Lease-up Risk,1500.0,0.042,0.12568364135257312,0.0655,43.9679,0.00661,2.899,0.0723,40.0987
2023-06-30,OC-OFFI-226,Office,Anaheim,229299,1996,0.936,6.2438,3.534,3.547,0.0719,0.3,6.6,0.679,2.4894,0.799,,Market / Lease-up Risk,950.98,0.042,0.12796256489155822,0.0719,86.8401,0.02301,6.3874,0.07144,89.4104
2023-06-30,OC-OFFI-230,Office,Irvine,187947,1981,0.938,3.6294,3.115,3.206,0.0759,0.438,4.1,0.309,1.529,0.517,,Market / Lease-up Risk,1393.94,0.042,0.12033179312446493,0.0759,47.8182,0.03597,3.76,0.07239,51.9395
2023-06-30,OC-OFFI-234,Office,Newport Beach,171477,1955,0.807,3.4458,3.265,3.227,0.0647,0.331,6.6,0.523,1.1226,0.215,,Market / Lease-up Risk,5400.0,0.042,0.11943080232648937,0.0647,53.2581,0.05332,3.6295,0.07196,50.44
2023-06-30,OC-OFFI-238,Office,Orange,125776,1970,0.847,2.5813,3.275,3.396,0.0627,0.351,2.6,0.183,0.8721,0.373,,Market / Lease-up Risk,1148.15,0.042,0.12879460774432933,0.0627,41.1691,0.02133,2.6364,0.07098,37.1445
2023-06-30,OC-OFFI-242,Office,Santa Ana,216268,1963,0.775,2.6327,2.11,2.193,0.0712,0.347,4.5,0.058,1.2654,0.315,,Market / Lease-up Risk,2296.3,0.042,0.10586801256117667,0.0712,36.9761,0.00204,2.6381,0.07203,36.6246
2023-06-30,OC-OFFI-246,Office,Costa Mesa,99117,1981,0.794,1.4207,2.34,2.397,0.0764,0.344,2.9,0.399,0.4089,0.686,,Market / Lease-up Risk,3250.0,0.042,0.10789263804361052,0.0764,18.5955,0.03449,1.4697,0.07186,20.4524
2023-06-30,OC-OFFI-250,Office,Fullerton,257734,1991,0.817,4.4323,2.901,2.909,0.0652,0.383,4.2,0.118,2.1986,0.793,,Market / Lease-up Risk,1500.0,0.042,0.15240282281940765,0.0652,67.9801,0.00391,4.4496,0.07193,61.8601
2023-06-30,OC-OFFI-254,Office,Anaheim,184526,1958,0.767,3.6262,3.426,3.366,0.065,0.344,4.5,0.27,0.4996,0.088,,Market / Lease-up Risk,950.98,0.042,0.1523083038910054,0.065,55.7877,0.02328,3.7106,0.07158,51.8421
2023-06-30,OC-OFFI-258,Office,Irvine,258745,1967,0.902,4.6662,2.694,2.709,0.0669,0.349,3.0,0.073,1.3042,0.373,,Market / Lease-up Risk,1393.94,0.042,0.1318879644736758,0.0669,69.7489,0.02444,4.7803,0.07185,66.5331
2023-06-30,OC-OFFI-26,Office,Fullerton,110537,1974,0.818,2.1714,3.166,3.163,0.0614,0.355,5.2,0.315,0.8375,0.616,,Market / Lease-up Risk,1500.0,0.042,0.13637062140063,0.0614,35.3648,0.01408,2.202,0.07297,30.1764
2023-06-30,OC-OFFI-262,Office,Newport Beach,181490,1969,0.876,2.1368,1.924,1.904,0.07,0.406,4.6,0.18,0.7187,0.517,,Market / Lease-up Risk,5400.0,0.042,0.14959221325012373,0.07,30.5257,0.01997,2.1795,0.07229,30.1489
2023-06-30,OC-OFFI-266,Office,Orange,130719,1967,0.858,1.6514,2.286,2.206,0.0668,0.435,6.1,0.341,0.4608,0.479,,Market / Lease-up Risk,1148.15,0.042,0.11725690689760686,0.0668,24.7216,-0.006,1.6415,0.07188,22.8373
2023-06-30,OC-OFFI-270,Office,Santa Ana,154680,1985,0.892,3.2504,3.496,3.582,0.0763,0.427,2.1,0.055,1.1071,0.597,,Market / Lease-up Risk,2296.3,0.042,0.14143211096487646,0.0763,42.6003,-0.00313,3.2402,0.07163,45.2377
2023-06-30,OC-OFFI-274,Office,Costa Mesa,211020,1975,0.808,4.2088,3.29,3.323,0.0746,0.362,6.7,0.626,0.4047,0.511,,Market / Lease-up Risk,3250.0,0.042,0.11776760878154831,0.0746,56.4182,0.03692,4.3642,0.07255,60.1543
2023-06-30,OC-OFFI-278,Office,Fullerton,117916,1974,0.945,2.5233,2.996,3.01,0.0631,0.337,5.2,0.523,1.0103,0.388,,Market / Lease-up Risk,1500.0,0.042,0.13344056085908423,0.0631,39.9889,0.01631,2.5645,0.07249,35.3756
2023-06-30,OC-OFFI-282,Office,Anaheim,220670,1955,0.776,4.212,3.173,3.201,0.0714,0.32,4.0,0.225,1.533,0.111,,Market / Lease-up Risk,950.98,0.042,0.1329613058066507,0.0714,58.9916,0.00813,4.2463,0.07158,59.3201
2023-06-30,OC-OFFI-286,Office,Irvine,231684,1971,0.812,2.9203,2.364,2.317,0.0695,0.424,4.8,0.214,0.9801,0.452,,Market / Lease-up Risk,1393.94,0.042,0.1302461877401276,0.0695,42.0187,0.0218,2.984,0.07201,41.4355
2023-06-30,OC-OFFI-290,Office,Newport Beach,141472,1977,0.794,3.057,3.349,3.237,0.0699,0.309,2.3,0.286,1.2993,0.597,,Market / Lease-up Risk,5400.0,0.042,0.10883382860496214,0.0699,43.7339,0.02686,3.1391,0.07168,43.7925
2023-06-30,OC-OFFI-294,Office,Orange,169825,1955,0.902,2.7636,2.821,2.796,0.0678,0.439,2.9,0.009,1.0846,0.168,,Market / Lease-up Risk,1148.15,0.042,0.1308378257000474,0.0678,40.7611,0.02576,2.8348,0.07141,39.7
2023-06-30,OC-OFFI-298,Office,Santa Ana,189911,1985,0.808,2.9295,2.363,2.437,0.0688,0.313,3.5,0.47,0.8817,0.723,,Market / Lease-up Risk,2296.3,0.042,0.1374979872543103,0.0688,42.5799,-0.02132,2.867,0.07225,39.6838
2023-06-30,OC-OFFI-30,Office,Anaheim,131940,1986,0.829,2.3428,2.785,2.871,0.0669,0.346,3.6,0.187,0.5252,0.783,,Market / Lease-up Risk,950.98,0.042,0.11941963089660164,0.0669,35.0194,-0.00226,2.3375,0.07179,32.5595
2023-06-30,OC-OFFI-302,Office,Costa Mesa,142886,1955,0.824,1.8729,2.431,2.428,0.0774,0.426,5.7,0.49,0.6346,0.236,,Market / Lease-up Risk,3250.0,0.042,0.14122077249752238,0.0774,24.1977,0.038,1.9441,0.07278,26.7111
2023-06-30,OC-OFFI-306,Office,Fullerton,242010,1985,0.783,4.1661,3.303,3.271,0.0659,0.434,2.0,0.73,1.9087,0.61,,Market / Lease-up Risk,1500.0,0.042,0.12161811722755854,0.0659,63.2185,0.00995,4.2075,0.0725,58.0367
2023-06-30,OC-OFFI-310,Office,Anaheim,122521,1969,0.752,1.6738,2.757,2.843,0.074,0.422,5.3,0.327,0.6628,0.473,,Market / Lease-up Risk,950.98,0.042,0.1378100204344898,0.074,22.6189,0.00253,1.678,0.07169,23.406
2023-06-30,OC-OFFI-314,Office,Irvine,197110,1972,0.94,3.2015,2.3,2.384,0.0722,0.341,5.4,0.019,0.4654,0.358,,Market / Lease-up Risk,1393.94,0.042,0.14055747651747785,0.0722,44.3421,0.03458,3.3122,0.07233,45.7924
2023-06-30,OC-OFFI-318,Office,Newport Beach,254791,1967,0.894,4.2051,2.392,2.437,0.0713,0.323,2.1,0.217,2.0353,0.49,,Market / Lease-up Risk,5400.0,0.042,0.1478665692459352,0.0713,58.9776,0.00358,4.2202,0.07281,57.964
2023-06-30,OC-OFFI-322,Office,Orange,232004,1960,0.911,5.4887,3.35,3.428,0.0754,0.32,4.5,0.144,2.0606,0.333,,Market / Lease-up Risk,1148.15,0.042,0.1371392790047612,0.0754,72.7944,0.01572,5.575,0.07153,77.9394
2023-06-30,OC-OFFI-326,Office,Santa Ana,232028,1974,0.861,5.7684,3.995,3.969,0.0619,0.366,5.3,0.174,1.4514,0.498,,Market / Lease-up Risk,2296.3,0.042,0.15082800997760026,0.0619,93.189,0.01667,5.8646,0.07169,81.8037
2023-06-30,OC-OFFI-330,Office,Costa Mesa,154875,1993,0.792,3.2072,3.213,3.194,0.0726,0.308,4.3,0.145,1.1393,0.793,,Market / Lease-up Risk,3250.0,0.042,0.1282862774242261,0.0726,44.1763,0.02165,3.2766,0.07099,46.1588
2023-06-30,OC-OFFI-334,Office,Fullerton,203368,1955,0.917,3.4285,2.67,2.589,0.0726,0.396,2.8,0.002,1.4013,0.047,,Market / Lease-up Risk,1500.0,0.042,0.14146660126522342,0.0726,47.2245,0.00901,3.4594,0.07154,48.3545
2023-06-30,OC-OFFI-338,Office,Anaheim,226164,1959,0.763,4.3383,3.435,3.484,0.0657,0.358,4.6,0.061,0.7225,0.332,,Market / Lease-up Risk,950.98,0.042,0.1344075424536508,0.0657,66.032,0.02462,4.4451,0.0714,62.2561
2023-06-30,OC-OFFI-34,Office,Irvine,149766,1972,0.906,2.8368,3.162,3.042,0.069,0.42,2.5,0.554,1.1186,0.484,,Market / Lease-up Risk,1393.94,0.042,0.12459084657732754,0.069,41.113,0.01297,2.8736,0.07222,39.79
2023-06-30,OC-OFFI-342,Office,Irvine,231597,1965,0.796,4.4143,3.098,3.161,0.0763,0.322,4.1,0.021,0.805,0.449,,Market / Lease-up Risk,1393.94,0.042,0.15102222021293965,0.0763,57.8545,0.02237,4.513,0.07195,62.7217
2023-06-30,OC-OFFI-346,Office,Newport Beach,113948,1959,0.838,2.0201,3.194,3.192,0.0636,0.419,6.3,0.011,0.829,0.2,,Market / Lease-up Risk,5400.0,0.042,0.14842538667416633,0.0636,31.7626,0.00286,2.0259,0.07185,28.197
2023-06-30,OC-OFFI-350,Office,Orange,210820,1966,0.852,4.0855,3.157,3.187,0.0746,0.368,6.1,0.11,0.4235,0.281,,Market / Lease-up Risk,1148.15,0.042,0.13497565604847492,0.0746,54.7654,0.03064,4.2107,0.07232,58.2269
2023-06-30,OC-OFFI-354,Office,Santa Ana,254694,1965,0.827,4.4218,2.937,2.854,0.0687,0.373,3.1,0.025,1.9449,0.316,,Market / Lease-up Risk,2296.3,0.042,0.12478669841516954,0.0687,64.3639,0.01718,4.4978,0.07249,62.0453
2023-06-30,OC-OFFI-358,Office,Costa Mesa,140747,1966,0.94,2.3224,2.319,2.373,0.0622,0.336,5.4,0.302,1.0838,0.5,,Market / Lease-up Risk,3250.0,0.042,0.11035408038307765,0.0622,37.3376,0.02298,2.3758,0.07151,33.2213
2023-06-30,OC-OFFI-362,Office,Fullerton,137218,1975,0.782,2.7362,3.543,3.538,0.0738,0.388,3.4,0.473,0.6033,0.625,,Market / Lease-up Risk,1500.0,0.042,0.13160347032790157,0.0738,37.0759,0.01102,2.7663,0.07227,38.2761
2023-06-30,OC-OFFI-366,Office,Anaheim,176485,1973,0.824,4.4986,3.973,3.995,0.0615,0.317,6.9,0.229,2.5369,0.416,,Market / Lease-up Risk,950.98,0.042,0.12699934447530023,0.0615,73.148,0.01733,4.5766,0.07148,64.0213
2023-06-30,OC-OFFI-370,Office,Irvine,200567,1970,0.878,4.9813,3.56,3.606,0.0678,0.303,3.1,0.13,1.9953,0.302,,Market / Lease-up Risk,1393.94,0.042,0.1385481504608587,0.0678,73.4705,-0.00507,4.9561,0.0726,68.2642
2023-06-30,OC-OFFI-374,Office,Newport Beach,157607,1970,0.862,2.8458,3.114,3.033,0.0665,0.428,4.0,0.366,0.59,0.514,,Market / Lease-up Risk,5400.0,0.042,0.14964502488144477,0.0665,42.794,0.00046,2.8471,0.07227,39.393
2023-06-30,OC-OFFI-378,Office,Orange,217953,1963,0.94,3.1821,2.286,2.237,0.0658,0.404,3.3,0.122,0.47,0.342,,Market / Lease-up Risk,1148.15,0.042,0.1263425889676328,0.0658,48.3602,0.00799,3.2075,0.07186,44.6371
2023-06-30,OC-OFFI-38,Office,Newport Beach,151537,1984,0.782,1.97,2.269,2.197,0.0716,0.377,3.3,0.296,0.7465,0.59,,Market / Lease-up Risk,5400.0,0.042,0.13036318643570927,0.0716,27.514,0.04223,2.0532,0.07156,28.6932
2023-06-30,OC-OFFI-382,Office,Santa Ana,147083,1998,0.772,2.0415,2.363,2.293,0.061,0.353,3.3,0.154,0.7752,0.891,,Market / Lease-up Risk,2296.3,0.042,0.13269009353508004,0.061,33.4672,-0.00165,2.0381,0.07114,28.6506
2023-06-30,OC-OFFI-386,Office,Costa Mesa,211245,1967,0.916,4.3534,3.074,3.08,0.0755,0.358,3.2,0.181,0.825,0.497,,Market / Lease-up Risk,3250.0,0.042,0.1280975609254856,0.0755,57.6609,0.00799,4.3882,0.07265,60.3983
2023-06-30,OC-OFFI-390,Office,Fullerton,247770,1959,0.884,5.8212,3.369,3.252,0.0686,0.308,5.4,0.512,1.1738,0.354,,Market / Lease-up Risk,1500.0,0.042,0.1339162620546512,0.0686,84.8571,0.02661,5.9761,0.0722,82.7699
2023-06-30,OC-OFFI-394,Office,Anaheim,157607,1961,0.771,1.8095,2.188,2.241,0.0662,0.403,6.3,0.417,0.7608,0.401,,Market / Lease-up Risk,950.98,0.042,0.10556664568058896,0.0662,27.3338,0.0531,1.9056,0.07173,26.5676
2023-06-30,OC-OFFI-398,Office,Irvine,174943,1987,0.784,3.55,3.251,3.199,0.0661,0.323,3.3,0.017,0.8714,0.908,,Market / Lease-up Risk,1393.94,0.042,0.12344459544725517,0.0661,53.7065,0.01871,3.6164,0.07115,50.8266
2023-06-30,OC-OFFI-42,Office,Orange,164953,1978,0.792,2.4804,2.708,2.74,0.0682,0.385,5.5,0.039,1.1437,0.465,,Market / Lease-up Risk,1148.15,0.042,0.13754572893245345,0.0682,36.3695,0.0408,2.5816,0.07165,36.0311
2023-06-30,OC-OFFI-46,Office,Santa Ana,134719,1958,0.81,2.9339,3.438,3.301,0.0623,0.314,4.3,0.147,0.3557,0.162,,Market / Lease-up Risk,2296.3,0.042,0.12443071868692386,0.0623,47.0931,0.02008,2.9928,0.07202,41.5541
2023-06-30,OC-OFFI-50,Office,Costa Mesa,91104,1955,0.915,1.1117,1.924,1.946,0.0631,0.392,2.7,0.253,0.1912,0.203,,Market / Lease-up Risk,3250.0,0.042,0.14890265436548153,0.0631,17.6181,0.02023,1.1342,0.07229,15.6905
2023-06-30,OC-OFFI-54,Office,Fullerton,247121,1977,0.844,4.6732,2.831,2.744,0.0618,0.327,3.1,0.153,1.2603,0.656,,Market / Lease-up Risk,1500.0,0.042,0.13482785946150094,0.0618,75.6181,0.01877,4.7609,0.07181,66.2978
2023-06-30,OC-OFFI-58,Office,Anaheim,127017,1973,0.88,2.424,2.7,2.749,0.067,0.317,7.0,0.441,1.0828,0.591,,Market / Lease-up Risk,950.98,0.042,0.1284419266153585,0.067,36.1791,0.0067,2.4403,0.07216,33.8179
2023-06-30,OC-OFFI-62,Office,Irvine,152980,1981,0.837,2.5132,2.824,2.753,0.0613,0.409,5.3,0.168,1.1941,0.542,,Market / Lease-up Risk,1393.94,0.042,0.120081477952939,0.0613,40.9984,-0.02085,2.4608,0.07176,34.2922
2023-06-30,OC-OFFI-66,Office,Newport Beach,200857,1957,0.92,3.3239,2.435,2.432,0.0653,0.352,6.1,0.418,1.5818,0.216,,Market / Lease-up Risk,5400.0,0.042,0.12398886163431047,0.0653,50.902,0.01145,3.362,0.07258,46.3186
2023-06-30,OC-OFFI-70,Office,Orange,168516,1966,0.8,2.314,2.32,2.392,0.066,0.351,2.8,0.223,0.2075,0.419,,Market / Lease-up Risk,1148.15,0.042,0.13595253882985078,0.066,35.0606,-0.00125,2.3111,0.0725,31.8759
2023-06-30,OC-OFFI-74,Office,Santa Ana,249537,1966,0.908,6.1661,3.639,3.524,0.0674,0.344,3.9,0.516,2.4584,0.265,,Market / Lease-up Risk,2296.3,0.042,0.142704114256548,0.0674,91.4852,0.00574,6.2015,0.07201,86.116
2023-06-30,OC-OFFI-78,Office,Costa Mesa,170849,1962,0.818,3.0429,3.46,3.363,0.0654,0.448,4.1,0.146,1.2307,0.398,,Market / Lease-up Risk,3250.0,0.042,0.14315434172159514,0.0654,46.5275,0.03265,3.1422,0.07255,43.3118
2023-06-30,OC-OFFI-82,Office,Fullerton,198488,1986,0.862,2.5835,1.905,1.848,0.0682,0.326,5.7,0.331,0.5824,0.753,,Market / Lease-up Risk,1500.0,0.042,0.12351237420274908,0.0682,37.8812,0.01638,2.6258,0.07185,36.5467
2023-06-30,OC-OFFI-86,Office,Anaheim,92464,1955,0.811,1.4574,3.094,3.183,0.0636,0.449,5.2,0.384,0.3693,0.216,,Market / Lease-up Risk,950.98,0.042,0.1314406848766562,0.0636,22.9151,0.02305,1.491,0.07286,20.4643
2023-06-30,OC-OFFI-90,Office,Irvine,104486,1973,0.775,1.7023,3.018,2.962,0.0669,0.389,4.0,0.198,0.183,0.421,,Market / Lease-up Risk,1393.94,0.042,0.12008306242104927,0.0669,25.4454,0.03306,1.7586,0.07237,24.2981
2023-06-30,OC-OFFI-94,Office,Newport Beach,141403,1979,0.832,2.33,2.455,2.479,0.0724,0.314,3.9,0.042,0.8102,0.679,,Market / Lease-up Risk,5400.0,0.042,0.11808491604538757,0.0724,32.1823,0.025,2.3882,0.07257,32.9102
2023-06-30,OC-OFFI-98,Office,Orange,142474,1955,0.867,2.5939,3.325,3.202,0.0761,0.446,5.4,0.221,0.9075,0.254,,Market / Lease-up Risk,1148.15,0.042,0.1269322222966215,0.0761,34.0854,0.01686,2.6376,0.07267,36.2965
2023-06-30,OC-RETA-04,Retail,Anaheim,159344,1968,0.906,2.4867,2.193,2.151,0.0683,0.311,4.4,0.055,1.0853,0.434,,Market / Lease-up Risk,950.98,0.042,0.07171077843542951,0.0683,36.4085,0.03654,2.5776,0.06505,39.627
2023-06-30,OC-RETA-08,Retail,Irvine,93829,1985,0.934,2.0529,3.602,3.698,0.0679,0.447,4.9,0.668,0.1793,0.625,,Market / Lease-up Risk,1393.94,0.042,0.04892248108762701,0.0679,30.2342,0.01146,2.0764,0.06481,32.0403
2023-06-30,OC-RETA-100,Retail,Orange,57772,1973,0.954,1.4436,3.524,3.483,0.0595,0.348,2.2,0.049,0.3576,0.39,,Market / Lease-up Risk,1148.15,0.042,0.052162389324543285,0.0595,24.2622,0.01578,1.4664,0.0637,23.0214
2023-06-30,OC-RETA-104,Retail,Santa Ana,44351,1978,0.916,0.8652,2.683,2.778,0.0617,0.325,2.2,0.189,0.2384,0.647,,Market / Lease-up Risk,2296.3,0.042,0.09122809517072664,0.0617,14.0227,0.01423,0.8775,0.06513,13.4733
2023-06-30,OC-RETA-108,Retail,Costa Mesa,61514,1964,0.953,1.1855,3.134,3.161,0.0605,0.434,3.3,0.565,0.423,0.424,,Market / Lease-up Risk,3250.0,0.042,0.06070098178473813,0.0605,19.595,0.02964,1.2206,0.06462,18.8885
2023-06-30,OC-RETA-112,Retail,Fullerton,143660,1955,0.915,3.0048,2.975,3.006,0.0605,0.326,3.0,0.13,1.2111,0.067,,Market / Lease-up Risk,1500.0,0.042,0.04317337756939135,0.0605,49.6661,0.04078,3.1273,0.06513,48.0188
2023-06-30,OC-RETA-116,Retail,Anaheim,35441,1961,0.935,0.4717,2.202,2.174,0.0682,0.433,3.3,0.494,0.0608,0.164,,Market / Lease-up Risk,950.98,0.042,0.07147884476128027,0.0682,6.9164,0.01673,0.4796,0.06519,7.3566
2023-06-30,OC-RETA-12,Retail,Newport Beach,88465,1959,0.951,2.0026,3.722,3.599,0.0665,0.439,5.9,0.3,0.8935,0.244,,Market / Lease-up Risk,5400.0,0.042,0.05608678861570813,0.0665,30.1143,0.04484,2.0924,0.06514,32.1233
2023-06-30,OC-RETA-120,Retail,Irvine,111668,1985,0.89,2.0393,2.612,2.659,0.0627,0.332,5.0,0.02,1.1234,0.759,,Market / Lease-up Risk,1393.94,0.042,0.04752711526623739,0.0627,32.5247,0.0259,2.0921,0.06479,32.2884
2023-06-30,OC-RETA-124,Retail,Newport Beach,108466,1980,0.903,2.8153,3.563,3.421,0.0653,0.314,4.6,0.057,0.5855,0.655,,Market / Lease-up Risk,5400.0,0.042,0.05828731044513085,0.0653,43.1133,0.03454,2.9125,0.0638,45.6519
2023-06-30,OC-RETA-128,Retail,Orange,42754,1984,0.963,0.4631,1.714,1.668,0.0641,0.442,3.6,0.377,0.1934,0.568,,Market / Lease-up Risk,1148.15,0.042,0.09183349892888328,0.0641,7.2246,0.02512,0.4747,0.06576,7.2191
2023-06-30,OC-RETA-132,Retail,Santa Ana,158987,1960,0.929,3.092,3.102,3.041,0.0611,0.408,3.4,0.319,0.4028,0.388,,Market / Lease-up Risk,2296.3,0.042,0.07241801684938533,0.0611,50.6056,0.00539,3.1087,0.06482,47.9618
2023-06-30,OC-RETA-136,Retail,Costa Mesa,146149,1965,0.915,3.2522,3.257,3.37,0.0607,0.345,4.8,0.39,1.3927,0.387,,Market / Lease-up Risk,3250.0,0.042,0.09000194300919898,0.0607,53.5783,0.01845,3.3122,0.06492,51.0163
2023-06-30,OC-RETA-140,Retail,Fullerton,152176,1978,0.908,2.6125,2.52,2.432,0.0654,0.362,4.9,0.345,0.8373,0.638,,Market / Lease-up Risk,1500.0,0.042,0.06438627118585362,0.0654,39.9465,0.01725,2.6576,0.06593,40.3085
2023-06-30,OC-RETA-144,Retail,Anaheim,137767,1986,0.909,2.9869,3.073,3.041,0.067,0.34,2.6,0.007,1.4882,0.863,,Market / Lease-up Risk,950.98,0.042,0.07220710491109877,0.067,44.5806,0.00754,3.0094,0.06452,46.6451
2023-06-30,OC-RETA-148,Retail,Irvine,132551,1997,0.951,2.5601,2.75,2.665,0.0645,0.372,5.2,0.057,0.9049,0.854,,Market / Lease-up Risk,1393.94,0.042,0.05156712436879478,0.0645,39.6915,0.03024,2.6375,0.06562,40.1957
2023-06-30,OC-RETA-152,Retail,Newport Beach,144017,1976,0.881,1.4673,1.746,1.716,0.0636,0.419,5.0,0.468,0.4519,0.434,,Market / Lease-up Risk,5400.0,0.042,0.04912633378099071,0.0636,23.0708,0.01663,1.4917,0.06451,23.1233
2023-06-30,OC-RETA-156,Retail,Orange,141057,1961,0.956,3.3953,3.248,3.365,0.0615,0.32,2.5,0.569,0.6164,0.207,,Market / Lease-up Risk,1148.15,0.042,0.0688797821046157,0.0615,55.2081,0.00962,3.428,0.06475,52.945
2023-06-30,OC-RETA-16,Retail,Orange,41212,1969,0.881,0.6626,2.433,2.528,0.0604,0.342,5.1,0.486,0.37,0.434,,Market / Lease-up Risk,1148.15,0.042,0.07103529955114772,0.0604,10.9702,0.05156,0.6968,0.06528,10.6728
2023-06-30,OC-RETA-160,Retail,Santa Ana,140510,1991,0.969,3.3269,3.737,3.738,0.0641,0.444,3.0,0.058,1.5637,0.761,,Market / Lease-up Risk,2296.3,0.042,0.055891174500766104,0.0641,51.9017,0.0371,3.4503,0.06488,53.1789
2023-06-30,OC-RETA-164,Retail,Costa Mesa,150395,1985,0.953,3.8791,3.73,3.761,0.0631,0.383,5.6,0.742,1.1763,0.705,,Market / Lease-up Risk,3250.0,0.042,0.07978697931448507,0.0631,61.4754,0.02346,3.9701,0.06506,61.0204
2023-06-30,OC-RETA-168,Retail,Fullerton,91710,1987,0.937,1.5469,2.714,2.75,0.065,0.436,4.3,0.072,0.2239,0.848,,Market / Lease-up Risk,1500.0,0.042,0.05087911148964886,0.065,23.7985,0.02483,1.5853,0.06409,24.7358
2023-06-30,OC-RETA-172,Retail,Anaheim,77418,1970,0.928,2.0194,3.578,3.617,0.0653,0.332,2.9,0.048,0.4034,0.568,,Market / Lease-up Risk,950.98,0.042,0.08137424679828317,0.0653,30.925,0.00976,2.0391,0.06516,31.2934
2023-06-30,OC-RETA-176,Retail,Irvine,49931,1960,0.913,0.803,2.73,2.663,0.06,0.434,3.4,0.119,0.2424,0.349,,Market / Lease-up Risk,1393.94,0.042,0.0729215734026361,0.06,13.3833,0.03643,0.8323,0.06464,12.8747
2023-06-30,OC-RETA-180,Retail,Newport Beach,62365,1957,0.912,1.0823,2.75,2.834,0.0618,0.393,4.8,0.294,0.0949,0.201,,Market / Lease-up Risk,5400.0,0.042,0.060941748403224874,0.0618,17.5129,0.02696,1.1115,0.06555,16.9557
2023-06-30,OC-RETA-184,Retail,Orange,151864,1969,0.934,2.7966,2.926,2.999,0.0589,0.427,2.7,0.737,0.3929,0.56,,Market / Lease-up Risk,1148.15,0.042,0.08259164198906169,0.0589,47.4805,0.03592,2.8971,0.0651,44.5026
2023-06-30,OC-RETA-188,Retail,Santa Ana,74136,1959,0.912,1.8528,3.577,3.523,0.0671,0.328,4.0,0.044,0.9397,0.115,,Market / Lease-up Risk,2296.3,0.042,0.061884507567132305,0.0671,27.6125,0.0337,1.9152,0.06595,29.0408
2023-06-30,OC-RETA-192,Retail,Costa Mesa,38795,1962,0.919,0.7755,2.835,2.753,0.0629,0.327,5.5,0.008,0.4032,0.408,,Market / Lease-up Risk,3250.0,0.042,0.07802413076440386,0.0629,12.3291,0.01184,0.7847,0.06564,11.9552
2023-06-30,OC-RETA-196,Retail,Fullerton,122538,1968,0.965,3.1335,3.485,3.555,0.0681,0.333,3.7,0.278,1.4139,0.493,,Market / Lease-up Risk,1500.0,0.042,0.065375747243896,0.0681,46.0132,0.04664,3.2796,0.06411,51.1546
2023-06-30,OC-RETA-20,Retail,Santa Ana,38801,1991,0.961,0.4215,1.533,1.57,0.0603,0.373,4.4,0.494,0.1408,0.924,,Market / Lease-up Risk,2296.3,0.042,0.07517470582978047,0.0603,6.99,0.0323,0.4351,0.06531,6.6621
2023-06-30,OC-RETA-200,Retail,Anaheim,31121,1989,0.922,0.6788,3.178,3.252,0.0624,0.367,4.7,0.936,0.2471,0.76,,Market / Lease-up Risk,950.98,0.042,0.04392654855334987,0.0624,10.8782,0.04704,0.7107,0.06556,10.8414
2023-06-30,OC-RETA-204,Retail,Irvine,119467,1967,0.941,2.4287,3.037,3.094,0.0648,0.376,5.2,0.188,0.9515,0.437,,Market / Lease-up Risk,1393.94,0.042,0.08393734735962366,0.0648,37.4799,-0.0044,2.418,0.06509,37.1497
2023-06-30,OC-RETA-208,Retail,Newport Beach,80686,1977,0.93,1.1527,1.941,1.963,0.0605,0.327,4.6,0.115,0.3414,0.528,,Market / Lease-up Risk,5400.0,0.042,0.07255973892173485,0.0605,19.0529,0.02669,1.1835,0.06511,18.1755
2023-06-30,OC-RETA-212,Retail,Orange,159802,1958,0.89,2.4453,2.331,2.399,0.0684,0.353,4.9,0.724,0.4187,0.078,,Market / Lease-up Risk,1148.15,0.042,0.07570331358556648,0.0684,35.75,0.00951,2.4686,0.06473,38.1348
2023-06-30,OC-RETA-216,Retail,Santa Ana,149325,1972,0.884,3.4316,3.577,3.446,0.0623,0.382,4.2,0.055,1.5098,0.579,,Market / Lease-up Risk,2296.3,0.042,0.048579517620129825,0.0623,55.0819,0.00409,3.4456,0.06501,53.0007
2023-06-30,OC-RETA-220,Retail,Costa Mesa,123950,1976,0.942,1.7829,1.938,2.011,0.0686,0.33,2.2,0.085,0.6409,0.67,,Market / Lease-up Risk,3250.0,0.042,0.057668765919200386,0.0686,25.9898,0.02994,1.8363,0.06545,28.0564
2023-06-30,OC-RETA-224,Retail,Fullerton,72195,1987,0.905,1.4868,3.111,3.166,0.0637,0.378,2.0,0.623,0.5537,0.661,,Market / Lease-up Risk,1500.0,0.042,0.05702705113756114,0.0637,23.3407,0.04138,1.5483,0.06578,23.5376
2023-06-30,OC-RETA-228,Retail,Anaheim,86369,1975,0.957,1.6962,2.81,2.834,0.0679,0.379,2.5,0.395,0.1403,0.522,,Market / Lease-up Risk,950.98,0.042,0.08026597253334226,0.0679,24.9809,0.02287,1.735,0.06514,26.6358
2023-06-30,OC-RETA-232,Retail,Irvine,43532,1987,0.922,1.2037,4.279,4.299,0.0645,0.404,5.4,0.209,0.2941,0.746,,Market / Lease-up Risk,1393.94,0.042,0.08030148809699253,0.0645,18.662,0.03043,1.2403,0.06497,19.09
2023-06-30,OC-RETA-236,Retail,Newport Beach,68278,1955,0.943,1.9581,3.833,3.965,0.0656,0.304,2.6,0.384,0.4232,0.245,,Market / Lease-up Risk,5400.0,0.042,0.04708838170176638,0.0656,29.8491,0.00604,1.9699,0.06443,30.5758
2023-06-30,OC-RETA-24,Retail,Costa Mesa,87525,1995,0.96,1.4572,2.156,2.118,0.0623,0.316,4.8,0.021,0.2571,0.791,,Market / Lease-up Risk,3250.0,0.042,0.07703578974861605,0.0623,23.39,0.03974,1.5151,0.06595,22.9722
2023-06-30,OC-RETA-240,Retail,Orange,103360,1972,0.952,2.87,3.912,3.798,0.0621,0.366,4.0,0.139,1.0455,0.551,,Market / Lease-up Risk,1148.15,0.042,0.06448213238219407,0.0621,46.2158,0.01865,2.9235,0.06538,44.7143
2023-06-30,OC-RETA-244,Retail,Santa Ana,106512,1979,0.948,2.3155,3.125,3.243,0.0649,0.376,2.1,0.433,1.1329,0.712,,Market / Lease-up Risk,2296.3,0.042,0.07341146731668242,0.0649,35.678,0.02877,2.3821,0.06474,36.7949
2023-06-30,OC-RETA-248,Retail,Costa Mesa,84985,1984,0.95,1.8257,2.803,2.832,0.0679,0.314,5.8,0.075,0.8162,0.597,,Market / Lease-up Risk,3250.0,0.042,0.057948611695213086,0.0679,26.8881,0.04451,1.907,0.06563,29.058
2023-06-30,OC-RETA-252,Retail,Fullerton,101112,1973,0.888,2.1992,3.706,3.637,0.0629,0.438,4.3,0.158,1.1961,0.585,,Market / Lease-up Risk,1500.0,0.042,0.06454377952784501,0.0629,34.9634,0.02284,2.2494,0.06523,34.4839
2023-06-30,OC-RETA-256,Retail,Anaheim,143622,1973,0.964,4.0424,3.863,3.909,0.063,0.337,4.2,0.289,0.5685,0.374,,Market / Lease-up Risk,950.98,0.042,0.052128324804290624,0.063,64.1651,0.02173,4.1302,0.06524,63.3114
2023-06-30,OC-RETA-260,Retail,Irvine,96979,1955,0.925,2.0881,3.455,3.413,0.0604,0.409,5.5,0.054,0.3743,0.163,,Market / Lease-up Risk,1393.94,0.042,0.07061718601779973,0.0604,34.5712,0.03231,2.1556,0.06542,32.9518
2023-06-30,OC-RETA-264,Retail,Newport Beach,37523,1956,0.965,0.6611,2.87,2.899,0.0678,0.442,3.9,0.604,0.2972,0.165,,Market / Lease-up Risk,5400.0,0.042,0.06734252048222372,0.0678,9.7507,0.01912,0.6737,0.06495,10.3733
2023-06-30,OC-RETA-268,Retail,Orange,36964,1955,0.891,0.7659,3.617,3.557,0.0605,0.436,2.2,0.205,0.4002,0.097,,Market / Lease-up Risk,1148.15,0.042,0.05608461870440697,0.0605,12.6595,0.01998,0.7812,0.0644,12.1302
2023-06-30,OC-RETA-272,Retail,Santa Ana,152967,1972,0.931,3.1731,2.897,2.937,0.0684,0.346,5.7,0.457,1.416,0.519,,Market / Lease-up Risk,2296.3,0.042,0.062282880245087456,0.0684,46.3904,0.03277,3.2771,0.06387,51.3051
2023-06-30,OC-RETA-276,Retail,Costa Mesa,109426,1971,0.952,1.4198,1.808,1.833,0.0655,0.359,5.4,0.532,0.2398,0.515,,Market / Lease-up Risk,3250.0,0.042,0.07752425180338861,0.0655,21.6763,0.01151,1.4361,0.06457,22.241
2023-06-30,OC-RETA-28,Retail,Fullerton,37125,1974,0.945,0.6626,2.659,2.587,0.0606,0.396,2.7,0.035,0.3417,0.657,,Market / Lease-up Risk,1500.0,0.042,0.06856045433945039,0.0606,10.934,0.02897,0.6818,0.06494,10.499
2023-06-30,OC-RETA-280,Retail,Fullerton,147218,1973,0.945,3.8414,3.485,3.467,0.0632,0.305,5.8,0.25,0.6772,0.468,,Market / Lease-up Risk,1500.0,0.042,0.056825361577984256,0.0632,60.7816,-0.00722,3.8137,0.0643,59.3137
2023-06-30,OC-RETA-284,Retail,Anaheim,149859,1999,0.917,2.8081,2.715,2.821,0.0623,0.36,3.9,0.367,1.2846,0.856,,Market / Lease-up Risk,950.98,0.042,0.04251073629516048,0.0623,45.0738,0.0399,2.9201,0.06497,44.9449
2023-06-30,OC-RETA-288,Retail,Irvine,131402,2000,0.969,3.7386,3.629,3.633,0.0618,0.312,4.1,0.228,1.9814,0.905,,Market / Lease-up Risk,1393.94,0.042,0.04941323337701565,0.0618,60.4951,0.02659,3.838,0.0654,58.6892
2023-06-30,OC-RETA-292,Retail,Newport Beach,46455,1988,0.91,1.1525,3.733,3.806,0.0602,0.379,4.9,0.339,0.1763,0.798,,Market / Lease-up Risk,5400.0,0.042,0.06426887977899659,0.0602,19.1445,0.05236,1.2128,0.06586,18.4154
2023-06-30,OC-RETA-296,Retail,Orange,87229,1965,0.911,2.0248,3.605,3.727,0.0621,0.38,2.0,0.412,0.4871,0.397,,Market / Lease-up Risk,1148.15,0.042,0.07549733556494159,0.0621,32.6055,0.00748,2.0399,0.06465,31.5554
2023-06-30,OC-RETA-300,Retail,Santa Ana,145659,1958,0.941,2.3995,2.752,2.821,0.0637,0.442,5.0,0.383,0.5564,0.069,,Market / Lease-up Risk,2296.3,0.042,0.09976523560299197,0.0637,37.6688,0.02867,2.4683,0.0656,37.6247
2023-06-30,OC-RETA-304,Retail,Costa Mesa,136738,1978,0.952,2.3289,2.746,2.741,0.0596,0.446,2.1,0.003,0.2585,0.555,,Market / Lease-up Risk,3250.0,0.042,0.07024861711773896,0.0596,39.0755,0.04295,2.4289,0.06527,37.2141
2023-06-30,OC-RETA-308,Retail,Fullerton,90447,1978,0.934,1.7761,2.61,2.599,0.0683,0.315,3.7,0.66,0.4992,0.658,,Market / Lease-up Risk,1500.0,0.042,0.07735212000355254,0.0683,26.0044,0.0342,1.8369,0.06551,28.0405
2023-06-30,OC-RETA-312,Retail,Anaheim,131672,1994,0.911,2.8239,2.868,2.775,0.0676,0.302,4.8,0.056,0.384,0.807,,Market / Lease-up Risk,950.98,0.042,0.05414249981011563,0.0676,41.7737,0.03166,2.9133,0.0659,44.2061
2023-06-30,OC-RETA-316,Retail,Irvine,86872,1967,0.956,2.0789,3.399,3.423,0.0649,0.354,3.8,0.43,0.2047,0.401,,Market / Lease-up Risk,1393.94,0.042,0.05540316951913916,0.0649,32.0324,0.02525,2.1314,0.06479,32.8959
2023-06-30,OC-RETA-32,Retail,Anaheim,120319,1977,0.906,2.0618,2.694,2.712,0.0613,0.403,3.9,0.414,0.7927,0.641,,Market / Lease-up Risk,950.98,0.042,0.06319638888848846,0.0613,33.6346,0.03745,2.139,0.06433,33.249
2023-06-30,OC-RETA-320,Retail,Newport Beach,31082,1966,0.946,0.5001,2.264,2.244,0.0645,0.341,2.8,0.013,0.1749,0.325,,Market / Lease-up Risk,5400.0,0.042,0.058140503952564704,0.0645,7.7535,0.00043,0.5003,0.06516,7.6785
2023-06-30,OC-RETA-324,Retail,Orange,38417,1962,0.927,0.7935,3.423,3.465,0.067,0.429,2.4,0.093,0.2717,0.355,,Market / Lease-up Risk,1148.15,0.042,0.060367612444800094,0.067,11.8433,0.01867,0.8083,0.06557,12.3284
2023-06-30,OC-RETA-328,Retail,Santa Ana,123342,1964,0.935,2.5734,3.369,3.258,0.0605,0.419,3.9,0.299,1.2147,0.29,,Market / Lease-up Risk,2296.3,0.042,0.05591798291716793,0.0605,42.5355,0.02837,2.6464,0.06462,40.9559
2023-06-30,OC-RETA-332,Retail,Costa Mesa,135206,1983,0.953,3.4056,3.262,3.283,0.0608,0.311,3.0,0.442,1.5829,0.72,,Market / Lease-up Risk,3250.0,0.042,0.06125825198491384,0.0608,56.0132,0.01784,3.4664,0.06498,53.3475
2023-06-30,OC-RETA-336,Retail,Fullerton,158968,1955,0.931,2.6844,2.286,2.358,0.0625,0.304,3.0,0.028,1.0996,0.064,,Market / Lease-up Risk,1500.0,0.042,0.06700839745227463,0.0625,42.9504,-0.01182,2.6527,0.0646,41.066
2023-06-30,OC-RETA-340,Retail,Anaheim,87691,1959,0.932,1.7958,3.498,3.585,0.0664,0.449,3.9,0.213,0.5553,0.276,,Market / Lease-up Risk,950.98,0.042,0.055393913216399304,0.0664,27.0452,0.01369,1.8204,0.06499,28.0121
2023-06-30,OC-RETA-344,Retail,Irvine,148564,1984,0.958,3.7421,3.347,3.262,0.0687,0.332,5.5,0.017,0.5143,0.602,,Market / Lease-up Risk,1393.94,0.042,0.07275676045353992,0.0687,54.4702,0.03666,3.8793,0.0649,59.7714
2023-06-30,OC-RETA-348,Retail,Newport Beach,92049,1963,0.898,1.9593,3.009,2.927,0.065,0.309,3.0,0.018,0.3142,0.292,,Market / Lease-up Risk,5400.0,0.042,0.06391715429213854,0.065,30.1431,0.03935,2.0364,0.06386,31.8871
2023-06-30,OC-RETA-352,Retail,Orange,73376,1963,0.953,1.9027,3.978,4.078,0.063,0.4,4.5,0.126,0.2328,0.251,,Market / Lease-up Risk,1148.15,0.042,0.07072437070771193,0.063,30.2016,0.0322,1.964,0.06497,30.2267
2023-06-30,OC-RETA-356,Retail,Santa Ana,99634,1972,0.962,2.021,2.767,2.693,0.0637,0.352,3.2,0.036,0.9154,0.513,,Market / Lease-up Risk,2296.3,0.042,0.06326858218444076,0.0637,31.7268,0.03663,2.095,0.06556,31.955
2023-06-30,OC-RETA-36,Retail,Irvine,71969,1984,0.957,1.1971,2.663,2.752,0.0673,0.445,3.4,0.261,0.2157,0.809,,Market / Lease-up Risk,1393.94,0.042,0.0707628332195824,0.0673,17.7875,0.02901,1.2318,0.0647,19.0376
2023-06-30,OC-RETA-360,Retail,Costa Mesa,134847,1977,0.891,2.6366,3.11,3.09,0.0638,0.4,2.1,0.072,0.4417,0.686,,Market / Lease-up Risk,3250.0,0.042,0.03604846784101349,0.0638,41.326,0.01689,2.6811,0.06461,41.4946
2023-06-30,OC-RETA-364,Retail,Fullerton,56179,1985,0.925,0.8938,2.584,2.586,0.065,0.434,2.6,0.127,0.1295,0.652,,Market / Lease-up Risk,1500.0,0.042,0.08706599313397392,0.065,13.7508,0.03335,0.9236,0.06535,14.1335
2023-06-30,OC-RETA-368,Retail,Anaheim,110343,1961,0.914,2.1778,3.065,3.166,0.0644,0.382,4.3,0.576,0.8475,0.139,,Market / Lease-up Risk,950.98,0.042,0.07390246483404793,0.0644,33.8168,0.03002,2.2432,0.06457,34.742
2023-06-30,OC-RETA-372,Retail,Irvine,98949,2002,0.95,2.7921,3.629,3.505,0.067,0.304,4.8,0.203,0.9002,0.965,,Market / Lease-up Risk,1393.94,0.042,0.07245223893204526,0.067,41.6731,0.02552,2.8634,0.06539,43.7858
2023-06-30,OC-RETA-376,Retail,Newport Beach,100319,1955,0.92,2.2847,3.941,3.942,0.061,0.449,2.8,0.236,0.4386,0.26,,Market / Lease-up Risk,5400.0,0.042,0.06268960669848046,0.061,37.4541,0.04466,2.3867,0.06561,36.3751
2023-06-30,OC-RETA-380,Retail,Orange,44119,1982,0.914,0.6516,2.137,2.147,0.0687,0.357,5.6,0.048,0.0483,0.642,,Market / Lease-up Risk,1148.15,0.042,0.06912619318919382,0.0687,9.4847,0.01049,0.6584,0.06532,10.0807
2023-06-30,OC-RETA-384,Retail,Santa Ana,75218,1970,0.88,1.0979,2.065,2.018,0.0641,0.317,2.6,0.47,0.1123,0.517,,Market / Lease-up Risk,2296.3,0.042,0.05283400460493895,0.0641,17.1279,0.03485,1.1362,0.06571,17.2894
2023-06-30,OC-RETA-388,Retail,Costa Mesa,129244,1978,0.901,2.727,3.217,3.178,0.0674,0.381,4.7,0.386,1.0704,0.502,,Market / Lease-up Risk,3250.0,0.042,0.06814361518559013,0.0674,40.4599,0.04467,2.8488,0.06552,43.478
2023-06-30,OC-RETA-392,Retail,Fullerton,48009,1986,0.932,0.7486,2.518,2.515,0.0677,0.435,5.4,0.167,0.24,0.818,,Market / Lease-up Risk,1500.0,0.042,0.0483558628499428,0.0677,11.0576,0.0203,0.7638,0.06492,11.7658
2023-06-30,OC-RETA-396,Retail,Anaheim,81721,1957,0.963,2.2141,3.667,3.797,0.0685,0.327,2.0,0.397,0.6842,0.099,,Market / Lease-up Risk,950.98,0.042,0.07813652468390224,0.0685,32.3226,0.02371,2.2666,0.0652,34.7616
2023-06-30,OC-RETA-40,Retail,Newport Beach,105562,1976,0.928,2.9768,3.8,3.663,0.0677,0.32,5.0,0.821,0.4544,0.524,,Market / Lease-up Risk,5400.0,0.042,0.0752498029199356,0.0677,43.9705,0.0465,3.1152,0.06471,48.1444
2023-06-30,OC-RETA-400,Retail,Irvine,42771,1996,0.898,1.1979,3.982,3.925,0.0665,0.334,6.0,0.285,0.2178,0.817,,Market / Lease-up Risk,1393.94,0.042,0.07702355036129835,0.0665,18.0135,0.0261,1.2292,0.0652,18.8529
2023-06-30,OC-RETA-44,Retail,Orange,102997,1955,0.932,1.7247,2.85,2.809,0.0604,0.447,3.4,0.029,0.8951,0.014,,Market / Lease-up Risk,1148.15,0.042,0.05140476161710627,0.0604,28.5546,0.03691,1.7884,0.06443,27.7559
2023-06-30,OC-RETA-48,Retail,Santa Ana,33620,1961,0.956,0.7291,2.859,2.893,0.0622,0.304,4.4,0.099,0.1799,0.366,,Market / Lease-up Risk,2296.3,0.042,0.06433343826130578,0.0622,11.7219,0.05894,0.7721,0.06506,11.868
2023-06-30,OC-RETA-52,Retail,Costa Mesa,121229,1981,0.909,2.8148,3.426,3.484,0.0625,0.366,2.6,0.435,0.229,0.734,,Market / Lease-up Risk,3250.0,0.042,0.04775060917228965,0.0625,45.0368,0.02378,2.8817,0.06474,44.5105
2023-06-30,OC-RETA-56,Retail,Fullerton,46121,1966,0.929,0.9505,3.5,3.453,0.0664,0.444,5.7,0.034,0.4004,0.358,,Market / Lease-up Risk,1500.0,0.042,0.06716564076503767,0.0664,14.3148,0.03813,0.9867,0.06415,15.3824
2023-06-30,OC-RETA-60,Retail,Anaheim,143314,1958,0.903,3.2046,3.532,3.623,0.0667,0.385,3.8,0.199,1.4616,0.218,,Market / Lease-up Risk,950.98,0.042,0.07129163823446358,0.0667,48.045,0.04057,3.3346,0.06472,51.5244
2023-06-30,OC-RETA-64,Retail,Irvine,121138,1955,0.907,2.6227,3.68,3.682,0.0673,0.431,5.7,0.439,1.1483,0.118,,Market / Lease-up Risk,1393.94,0.042,0.08419757423385273,0.0673,38.9703,0.01743,2.6684,0.0646,41.3041
2023-06-30,OC-RETA-68,Retail,Newport Beach,115936,1991,0.956,2.5833,3.388,3.254,0.0655,0.415,5.0,0.067,0.4278,0.77,,Market / Lease-up Risk,5400.0,0.042,0.055830356083142976,0.0655,39.4397,0.03194,2.6658,0.06504,40.9868
2023-06-30,OC-RETA-72,Retail,Orange,33016,1985,0.902,0.637,3.163,3.265,0.0602,0.425,4.7,0.327,0.1008,0.6,,Market / Lease-up Risk,1148.15,0.042,0.056053283185508306,0.0602,10.5814,0.03266,0.6578,0.065,10.1207
2023-06-30,OC-RETA-76,Retail,Santa Ana,101102,1976,0.966,2.121,3.286,3.213,0.061,0.438,2.5,0.104,0.3028,0.618,,Market / Lease-up Risk,2296.3,0.042,0.05773796756489761,0.061,34.7705,0.022,2.1677,0.065,33.3487
2023-06-30,OC-RETA-80,Retail,Costa Mesa,144781,1968,0.903,2.7528,3.12,3.031,0.0661,0.408,3.4,0.024,0.9786,0.405,,Market / Lease-up Risk,3250.0,0.042,0.063285951744063,0.0661,41.646,0.03053,2.8369,0.06475,43.8125
2023-06-30,OC-RETA-84,Retail,Fullerton,76952,1988,0.887,1.6059,3.414,3.534,0.0641,0.414,2.9,0.463,0.837,0.677,,Market / Lease-up Risk,1500.0,0.042,0.07523385878680504,0.0641,25.053,0.05191,1.6893,0.06652,25.3958
2023-06-30,OC-RETA-88,Retail,Anaheim,71851,1989,0.945,1.3468,2.583,2.586,0.0662,0.347,3.3,0.263,0.226,0.69,,Market / Lease-up Risk,950.98,0.042,0.06668409551722694,0.0662,20.3444,0.02561,1.3813,0.06425,21.5002
2023-06-30,OC-RETA-92,Retail,Irvine,100303,1968,0.959,2.2972,3.099,3.056,0.0672,0.324,2.9,0.048,0.9924,0.338,,Market / Lease-up Risk,1393.94,0.042,0.06783718022890485,0.0672,34.1845,0.01807,2.3387,0.06544,35.7405
2023-06-30,OC-RETA-96,Retail,Newport Beach,78118,1976,0.948,0.9322,1.605,1.578,0.0671,0.312,4.4,0.752,0.2605,0.437,,Market / Lease-up Risk,5400.0,0.042,0.03916964027982149,0.0671,13.8927,0.03196,0.962,0.0652,14.7551
2024-06-30,OC-INDU-01,Industrial,Anaheim,139419,1961,0.986,1.5917,1.602,1.592,0.0536,0.366,5.2,0.277,0.8358,0.184,,Market / Lease-up Risk,950.98,0.045,0.04614003148579999,0.0536,29.6959,0.0318,1.6423,0.05466,30.0465
2024-06-30,OC-INDU-05,Industrial,Irvine,121811,1955,1.0,1.1598,1.303,1.323,0.0536,0.359,6.9,0.017,0.5772,0.234,,Market / Lease-up Risk,1393.94,0.045,0.057563543857136475,0.0536,21.6381,0.02702,1.1911,0.05478,21.7423
2024-06-30,OC-INDU-09,Industrial,Newport Beach,143525,1975,0.986,1.177,1.112,1.116,0.049,0.364,7.1,0.314,0.1366,0.531,,Market / Lease-up Risk,5400.0,0.045,0.06289547771971538,0.049,24.0204,0.02642,1.2081,0.05494,21.9881
2024-06-30,OC-INDU-101,Industrial,Santa Ana,63755,1977,0.992,0.5812,1.378,1.385,0.0534,0.415,4.6,0.129,0.2693,0.487,,Market / Lease-up Risk,2296.3,0.045,0.05837735890830963,0.0534,10.8839,0.03961,0.6042,0.05586,10.8172
2024-06-30,OC-INDU-105,Industrial,Costa Mesa,180274,1980,0.944,1.8735,1.603,1.575,0.0583,0.416,2.2,0.247,0.4254,0.605,,Market / Lease-up Risk,3250.0,0.045,0.028674772284065286,0.0583,32.1355,0.02412,1.9187,0.05433,35.3182
2024-06-30,OC-INDU-109,Industrial,Fullerton,114103,2002,0.931,1.3959,2.006,2.018,0.0491,0.443,7.9,0.695,0.73,0.924,,Market / Lease-up Risk,1500.0,0.045,0.0779490736556751,0.0491,28.4297,0.01898,1.4224,0.05417,26.2603
2024-06-30,OC-INDU-113,Industrial,Anaheim,74712,1959,0.941,0.7665,1.378,1.397,0.055,0.306,2.7,0.045,0.4494,0.352,,Market / Lease-up Risk,950.98,0.045,0.06351346930378804,0.055,13.9364,0.04481,0.8009,0.05517,14.5167
2024-06-30,OC-INDU-117,Industrial,Irvine,99838,1970,0.987,0.9517,1.398,1.443,0.0583,0.394,6.6,0.087,0.2568,0.451,,Market / Lease-up Risk,1393.94,0.045,0.05581180111660471,0.0583,16.3242,0.01529,0.9663,0.05521,17.501
2024-06-30,OC-INDU-121,Industrial,Newport Beach,203697,1990,0.962,2.2382,1.554,1.501,0.0553,0.375,7.7,0.157,0.6232,0.811,,Market / Lease-up Risk,5400.0,0.045,0.041168027578247814,0.0553,40.4738,0.02256,2.2887,0.05517,41.4847
2024-06-30,OC-INDU-125,Industrial,Orange,91970,1965,0.985,0.9754,1.431,1.481,0.0537,0.34,6.1,0.341,0.3097,0.244,,Market / Lease-up Risk,1148.15,0.045,0.04231178289571481,0.0537,18.1639,0.04221,1.0166,0.05435,18.7044
2024-06-30,OC-INDU-129,Industrial,Santa Ana,175851,1983,0.989,1.4514,1.114,1.087,0.0574,0.363,6.0,0.3,0.6936,0.681,,Market / Lease-up Risk,2296.3,0.045,0.07134843663828165,0.0574,25.2857,0.03218,1.4981,0.05507,27.2031
2024-06-30,OC-INDU-13,Industrial,Orange,159792,1987,0.982,1.3791,1.099,1.084,0.0572,0.32,4.2,0.138,0.4497,0.76,,Market / Lease-up Risk,1148.15,0.045,0.04456419449461337,0.0572,24.1101,0.037,1.4301,0.05549,25.7736
2024-06-30,OC-INDU-133,Industrial,Costa Mesa,120612,1989,0.995,1.7908,1.992,2.065,0.0567,0.363,4.8,0.346,0.4416,0.707,,Market / Lease-up Risk,3250.0,0.045,0.04622267470830904,0.0567,31.5838,-0.00618,1.7797,0.05579,31.902
2024-06-30,OC-INDU-137,Industrial,Fullerton,199990,1966,0.991,2.0345,1.336,1.381,0.0573,0.326,3.0,0.602,0.5998,0.349,,Market / Lease-up Risk,1500.0,0.045,0.051337351287282534,0.0573,35.5061,0.05553,2.1475,0.05514,38.9476
2024-06-30,OC-INDU-141,Industrial,Anaheim,208690,1991,0.986,1.9642,1.305,1.33,0.0567,0.378,2.4,0.245,0.7349,0.818,,Market / Lease-up Risk,950.98,0.045,0.042750659775661545,0.0567,34.642,0.02368,2.0107,0.05556,36.191
2024-06-30,OC-INDU-145,Industrial,Irvine,175932,1988,0.991,1.4061,1.229,1.238,0.0539,0.442,6.0,0.345,0.2744,0.808,,Market / Lease-up Risk,1393.94,0.045,0.0479948812579977,0.0539,26.0872,0.01085,1.4214,0.05423,26.2104
2024-06-30,OC-INDU-149,Industrial,Newport Beach,108767,1967,0.931,0.8246,1.251,1.254,0.0494,0.429,8.0,0.352,0.4234,0.474,,Market / Lease-up Risk,5400.0,0.045,0.05142931625334709,0.0494,16.6923,0.0334,0.8521,0.05524,15.4273
2024-06-30,OC-INDU-153,Industrial,Orange,168498,1977,0.955,1.3219,1.207,1.168,0.0573,0.403,3.2,0.031,0.7177,0.445,,Market / Lease-up Risk,1148.15,0.045,0.042769531622301425,0.0573,23.0698,0.04058,1.3755,0.05508,24.9755
2024-06-30,OC-INDU-157,Industrial,Santa Ana,120750,1974,0.938,1.213,1.528,1.482,0.0527,0.404,5.5,0.395,0.4431,0.587,,Market / Lease-up Risk,2296.3,0.045,0.0502797319004167,0.0527,23.0171,0.04189,1.2638,0.05521,22.8916
2024-06-30,OC-INDU-161,Industrial,Costa Mesa,109586,1959,0.932,1.2263,1.707,1.644,0.0547,0.383,2.3,0.606,0.5883,0.329,,Market / Lease-up Risk,3250.0,0.045,0.0481481965317687,0.0547,22.4186,0.02018,1.2511,0.05579,22.4224
2024-06-30,OC-INDU-165,Industrial,Fullerton,147142,1984,0.978,1.5587,1.588,1.622,0.0559,0.42,5.9,0.182,0.5755,0.586,,Market / Lease-up Risk,1500.0,0.045,0.06546600432168782,0.0559,27.8837,0.03974,1.6206,0.05533,29.2899
2024-06-30,OC-INDU-169,Industrial,Anaheim,112961,1983,0.931,0.9279,1.149,1.135,0.0576,0.347,5.6,0.332,0.1782,0.655,,Market / Lease-up Risk,950.98,0.045,0.06528556723094397,0.0576,16.1094,0.01532,0.9421,0.05412,17.4078
2024-06-30,OC-INDU-17,Industrial,Santa Ana,191296,1986,0.962,1.8465,1.489,1.46,0.0489,0.427,2.9,0.012,0.9688,0.614,,Market / Lease-up Risk,2296.3,0.045,0.05541807810716531,0.0489,37.7607,0.06152,1.9601,0.05526,35.4691
2024-06-30,OC-INDU-173,Industrial,Irvine,121051,1965,0.982,1.265,1.682,1.626,0.053,0.445,5.2,0.177,0.1754,0.314,,Market / Lease-up Risk,1393.94,0.045,0.020887470386370198,0.053,23.8679,0.04659,1.3239,0.05552,23.8443
2024-06-30,OC-INDU-177,Industrial,Newport Beach,106558,1990,0.972,1.2226,1.514,1.496,0.0552,0.337,4.5,0.386,0.4079,0.739,,Market / Lease-up Risk,5400.0,0.045,0.04087174719227067,0.0552,22.1486,0.03779,1.2688,0.0546,23.2373
2024-06-30,OC-INDU-181,Industrial,Orange,80975,1974,0.95,0.713,1.249,1.206,0.0556,0.369,6.4,0.137,0.419,0.646,,Market / Lease-up Risk,1148.15,0.045,0.07018874883357865,0.0556,12.8237,0.03669,0.7392,0.05475,13.4996
2024-06-30,OC-INDU-185,Industrial,Santa Ana,117329,1983,0.966,1.465,1.586,1.573,0.057,0.307,4.1,0.216,0.2735,0.655,,Market / Lease-up Risk,2296.3,0.045,0.0631118386691562,0.057,25.7018,0.03728,1.5196,0.05575,27.2577
2024-06-30,OC-INDU-189,Industrial,Costa Mesa,181527,1957,0.978,1.8935,1.698,1.652,0.0501,0.449,6.8,0.549,0.9603,0.312,,Market / Lease-up Risk,3250.0,0.045,0.042449178934455066,0.0501,37.7944,0.03396,1.9578,0.05484,35.7026
2024-06-30,OC-INDU-193,Industrial,Fullerton,202319,1955,0.984,1.4586,0.941,0.952,0.0514,0.317,2.4,0.717,0.5922,0.06,,Market / Lease-up Risk,1500.0,0.045,0.05593918727136454,0.0514,28.3774,0.00969,1.4727,0.05495,26.8017
2024-06-30,OC-INDU-197,Industrial,Anaheim,187435,1982,0.975,2.2621,1.571,1.63,0.0548,0.33,6.1,0.292,0.3674,0.604,,Market / Lease-up Risk,950.98,0.045,0.05761603279740318,0.0548,41.2792,0.02241,2.3128,0.0552,41.8999
2024-06-30,OC-INDU-201,Industrial,Irvine,105524,1966,0.98,0.954,1.4,1.451,0.0512,0.422,7.9,0.363,0.2524,0.497,,Market / Lease-up Risk,1393.94,0.045,0.06828801498976596,0.0512,18.6328,0.01215,0.9656,0.05527,17.4717
2024-06-30,OC-INDU-205,Industrial,Newport Beach,134900,1982,0.931,1.3108,1.557,1.602,0.05,0.43,7.4,0.578,0.5426,0.691,,Market / Lease-up Risk,5400.0,0.045,0.058672165674222884,0.05,26.216,0.03963,1.3627,0.05389,25.2862
2024-06-30,OC-INDU-209,Industrial,Orange,133799,1990,0.932,1.6856,1.661,1.655,0.0485,0.308,7.4,0.015,0.2109,0.821,,Market / Lease-up Risk,1148.15,0.045,0.031135895752783506,0.0485,34.7546,0.02654,1.7303,0.05523,31.3284
2024-06-30,OC-INDU-21,Industrial,Costa Mesa,153015,1978,0.952,0.8899,0.879,0.878,0.0539,0.409,4.5,0.392,0.1467,0.659,,Market / Lease-up Risk,3250.0,0.045,0.043046848483500086,0.0539,16.5102,0.04241,0.9276,0.05426,17.0975
2024-06-30,OC-INDU-213,Industrial,Santa Ana,169491,1973,0.989,1.6076,1.329,1.31,0.0531,0.367,3.8,0.409,0.6505,0.423,,Market / Lease-up Risk,2296.3,0.045,0.051333263960144614,0.0531,30.275,0.02145,1.6421,0.05459,30.0818
2024-06-30,OC-INDU-217,Industrial,Costa Mesa,92125,1955,0.937,0.9519,1.404,1.425,0.0515,0.311,6.1,0.544,0.1168,0.156,,Market / Lease-up Risk,3250.0,0.045,0.039913899267511606,0.0515,18.4835,0.0337,0.984,0.05538,17.7693
2024-06-30,OC-INDU-221,Industrial,Fullerton,191061,1956,0.936,1.9899,1.446,1.427,0.0497,0.325,3.3,0.245,0.4794,0.247,,Market / Lease-up Risk,1500.0,0.045,0.05234076335872515,0.0497,40.0382,0.0199,2.0295,0.05498,36.9152
2024-06-30,OC-INDU-225,Industrial,Anaheim,75011,1980,0.934,0.8071,1.652,1.642,0.051,0.407,4.0,0.012,0.5017,0.762,,Market / Lease-up Risk,950.98,0.045,0.05096007420199085,0.051,15.8255,0.04522,0.8436,0.05485,15.3803
2024-06-30,OC-INDU-229,Industrial,Irvine,107167,1955,0.971,1.1541,1.649,1.663,0.0525,0.41,6.0,0.4,0.2729,0.153,,Market / Lease-up Risk,1393.94,0.045,0.06636604498098167,0.0525,21.9829,0.03412,1.1935,0.05466,21.835
2024-06-30,OC-INDU-233,Industrial,Newport Beach,148916,1990,0.952,1.2541,1.26,1.29,0.0536,0.403,5.4,0.569,0.1959,0.734,,Market / Lease-up Risk,5400.0,0.045,0.0648477237766644,0.0536,23.3974,0.03513,1.2982,0.05441,23.8578
2024-06-30,OC-INDU-237,Industrial,Orange,131439,1960,0.94,1.5835,1.668,1.693,0.0534,0.326,7.4,0.033,0.7637,0.227,,Market / Lease-up Risk,1148.15,0.045,0.05333364017227974,0.0534,29.6536,0.0311,1.6327,0.05481,29.7885
2024-06-30,OC-INDU-241,Industrial,Santa Ana,206769,1996,0.956,2.6508,1.733,1.791,0.0554,0.342,3.6,0.156,1.6433,0.898,,Market / Lease-up Risk,2296.3,0.045,0.07626688512234113,0.0554,47.8484,0.02021,2.7044,0.05519,49.0054
2024-06-30,OC-INDU-245,Industrial,Costa Mesa,113793,1968,0.935,0.9842,1.328,1.337,0.0588,0.389,5.4,0.139,0.14,0.314,,Market / Lease-up Risk,3250.0,0.045,0.07905692449050548,0.0588,16.7381,0.03924,1.0228,0.05489,18.634
2024-06-30,OC-INDU-249,Industrial,Fullerton,163249,1976,0.944,2.0914,2.021,1.988,0.0537,0.429,7.7,0.39,0.5213,0.652,,Market / Lease-up Risk,1500.0,0.045,0.050848619255882375,0.0537,38.946,0.02479,2.1432,0.05567,38.4993
2024-06-30,OC-INDU-25,Industrial,Fullerton,139551,1955,0.938,1.19,1.248,1.22,0.0545,0.361,4.4,0.465,0.248,0.12,,Market / Lease-up Risk,1500.0,0.045,0.04199057879145079,0.0545,21.8349,0.03254,1.2287,0.05445,22.5671
2024-06-30,OC-INDU-253,Industrial,Anaheim,103647,1960,0.939,0.9855,1.354,1.381,0.0543,0.344,6.1,0.187,0.3119,0.177,,Market / Lease-up Risk,950.98,0.045,0.04254749453897306,0.0543,18.1492,0.03276,1.0178,0.05516,18.4525
2024-06-30,OC-INDU-257,Industrial,Irvine,173862,1988,0.982,2.0637,1.555,1.51,0.0524,0.339,6.3,0.306,1.0309,0.928,,Market / Lease-up Risk,1393.94,0.045,0.06452407809692126,0.0524,39.3836,0.01694,2.0987,0.05569,37.6834
2024-06-30,OC-INDU-261,Industrial,Newport Beach,167947,1961,0.984,1.9783,1.839,1.814,0.0547,0.429,3.3,0.127,1.0977,0.334,,Market / Lease-up Risk,5400.0,0.045,0.030376030539426186,0.0547,36.1664,0.04094,2.0593,0.05522,37.2904
2024-06-30,OC-INDU-265,Industrial,Orange,141072,1982,0.984,1.4978,1.386,1.337,0.0567,0.338,5.7,0.347,0.5153,0.77,,Market / Lease-up Risk,1148.15,0.045,0.04626321101300941,0.0567,26.4162,0.02819,1.54,0.05491,28.0464
2024-06-30,OC-INDU-269,Industrial,Santa Ana,105283,1978,0.931,1.0944,1.38,1.38,0.0586,0.312,7.0,0.313,0.3222,0.668,,Market / Lease-up Risk,2296.3,0.045,0.04547394170577973,0.0586,18.6758,0.05283,1.1522,0.05429,21.2221
2024-06-30,OC-INDU-273,Industrial,Costa Mesa,134420,1987,0.961,1.6518,1.569,1.581,0.0521,0.307,5.3,0.587,0.5767,0.669,,Market / Lease-up Risk,3250.0,0.045,0.05595144342542153,0.0521,31.7044,0.0162,1.6786,0.05486,30.5978
2024-06-30,OC-INDU-277,Industrial,Fullerton,117981,1988,0.938,1.5204,1.931,1.998,0.0494,0.395,5.9,0.369,0.7437,0.786,,Market / Lease-up Risk,1500.0,0.045,0.05867558877149727,0.0494,30.7773,0.00742,1.5317,0.05485,27.9265
2024-06-30,OC-INDU-281,Industrial,Anaheim,207914,1956,0.964,2.2744,1.648,1.697,0.0539,0.396,2.2,0.087,0.9989,0.094,,Market / Lease-up Risk,950.98,0.045,0.0584856647161955,0.0539,42.1967,0.05139,2.3913,0.05435,44.0009
2024-06-30,OC-INDU-285,Industrial,Irvine,194361,1994,0.939,2.2725,1.686,1.62,0.0486,0.372,5.6,0.015,0.241,0.782,,Market / Lease-up Risk,1393.94,0.045,0.04354744952858117,0.0486,46.7593,0.0088,2.2925,0.05536,41.4105
2024-06-30,OC-INDU-289,Industrial,Newport Beach,82138,1974,0.986,0.8832,1.558,1.5,0.0573,0.386,5.9,0.029,0.3275,0.498,,Market / Lease-up Risk,5400.0,0.045,0.05959301016809053,0.0573,15.4136,0.02959,0.9093,0.0551,16.5035
2024-06-30,OC-INDU-29,Industrial,Anaheim,170461,1965,0.969,1.5602,1.446,1.458,0.0506,0.427,3.2,0.111,0.7583,0.359,,Market / Lease-up Risk,950.98,0.045,0.05550203897987368,0.0506,30.834,0.0329,1.6115,0.05599,28.7836
2024-06-30,OC-INDU-293,Industrial,Orange,103270,1977,0.969,0.8778,1.237,1.257,0.0491,0.397,7.8,0.288,0.5957,0.68,,Market / Lease-up Risk,1148.15,0.045,0.06224038961451388,0.0491,17.8778,0.05883,0.9294,0.05403,17.201
2024-06-30,OC-INDU-297,Industrial,Santa Ana,177869,2003,0.974,2.1051,1.597,1.554,0.0536,0.353,4.6,0.445,0.7484,0.947,,Market / Lease-up Risk,2296.3,0.045,0.0469115110917952,0.0536,39.2743,0.03215,2.1728,0.05511,39.4264
2024-06-30,OC-INDU-301,Industrial,Costa Mesa,145030,1962,0.986,1.2425,1.281,1.302,0.053,0.405,2.5,0.089,0.8054,0.188,,Market / Lease-up Risk,3250.0,0.045,0.06519592413739715,0.053,23.4434,0.03614,1.2874,0.05521,23.3168
2024-06-30,OC-INDU-305,Industrial,Fullerton,182675,1966,0.958,1.484,1.246,1.268,0.0501,0.403,5.1,0.705,1.0304,0.476,,Market / Lease-up Risk,1500.0,0.045,0.04569520431541219,0.0501,29.6208,0.04311,1.548,0.0551,28.0961
2024-06-30,OC-INDU-309,Industrial,Anaheim,165434,1979,0.953,1.752,1.534,1.557,0.0562,0.384,2.4,0.775,0.546,0.601,,Market / Lease-up Risk,950.98,0.045,0.04834267758858662,0.0562,31.1744,0.01863,1.7846,0.05502,32.4376
2024-06-30,OC-INDU-313,Industrial,Irvine,216979,1973,0.975,2.073,1.524,1.483,0.0572,0.436,2.6,0.672,0.7369,0.37,,Market / Lease-up Risk,1393.94,0.045,0.06038993789213598,0.0572,36.2413,0.04046,2.1569,0.05431,39.717
2024-06-30,OC-INDU-317,Industrial,Newport Beach,96687,1983,0.964,0.7529,1.092,1.116,0.0514,0.371,2.3,0.038,0.4902,0.609,,Market / Lease-up Risk,5400.0,0.045,0.04457521121918725,0.0514,14.6479,0.04291,0.7852,0.05486,14.3117
2024-06-30,OC-INDU-321,Industrial,Orange,153438,1967,0.979,1.5519,1.45,1.439,0.051,0.375,6.2,0.161,1.0093,0.41,,Market / Lease-up Risk,1148.15,0.045,0.036309709598673454,0.051,30.4294,0.01242,1.5712,0.05589,28.1122
2024-06-30,OC-INDU-325,Industrial,Santa Ana,159603,1974,0.988,1.9789,1.885,1.833,0.0494,0.416,8.0,0.317,1.3307,0.415,,Market / Lease-up Risk,2296.3,0.045,0.04642607100717224,0.0494,40.0587,0.02691,2.0322,0.05454,37.2631
2024-06-30,OC-INDU-329,Industrial,Costa Mesa,158790,1979,0.942,1.2646,1.051,1.068,0.0546,0.316,4.7,0.078,0.5973,0.554,,Market / Lease-up Risk,3250.0,0.045,0.06504131099724877,0.0546,23.1612,0.01211,1.2799,0.05544,23.0872
2024-06-30,OC-INDU-33,Industrial,Irvine,208332,1956,0.946,2.1392,1.521,1.477,0.05,0.374,5.6,0.679,1.2295,0.262,,Market / Lease-up Risk,1393.94,0.045,0.06319020512134349,0.05,42.784,0.01544,2.1722,0.05533,39.2616
2024-06-30,OC-INDU-333,Industrial,Fullerton,198635,1976,0.996,2.3466,1.632,1.628,0.0551,0.382,5.0,0.271,0.3833,0.613,,Market / Lease-up Risk,1500.0,0.045,0.05296841102604089,0.0551,42.588,0.03737,2.4343,0.05481,44.4103
2024-06-30,OC-INDU-337,Industrial,Anaheim,165787,1981,0.986,1.8084,1.421,1.438,0.0573,0.338,6.9,0.035,0.6387,0.734,,Market / Lease-up Risk,950.98,0.045,0.04114152224718495,0.0573,31.5602,0.02021,1.845,0.055,33.5423
2024-06-30,OC-INDU-341,Industrial,Irvine,81768,1979,0.969,0.8653,1.621,1.661,0.0536,0.409,8.0,0.427,0.3244,0.479,,Market / Lease-up Risk,1393.94,0.045,0.04443276904613412,0.0536,16.1437,0.03129,0.8924,0.05506,16.2082
2024-06-30,OC-INDU-345,Industrial,Newport Beach,207653,1982,0.942,2.2049,1.727,1.673,0.0524,0.445,6.6,0.25,0.2723,0.66,,Market / Lease-up Risk,5400.0,0.045,0.04245441442619925,0.0524,42.0782,0.03348,2.2787,0.05618,40.5588
2024-06-30,OC-INDU-349,Industrial,Orange,118539,1955,0.98,1.0025,1.147,1.146,0.0575,0.34,3.8,0.192,0.5843,0.146,,Market / Lease-up Risk,1148.15,0.045,0.05743409551536358,0.0575,17.4348,0.01555,1.0181,0.05529,18.4153
2024-06-30,OC-INDU-353,Industrial,Santa Ana,211380,1974,0.977,2.499,1.589,1.63,0.0495,0.332,7.1,0.556,0.6023,0.419,,Market / Lease-up Risk,2296.3,0.045,0.060752684599838604,0.0495,50.4848,0.05123,2.627,0.05591,46.9904
2024-06-30,OC-INDU-357,Industrial,Costa Mesa,100441,1985,0.971,0.9648,1.409,1.389,0.0524,0.403,7.7,0.313,0.426,0.859,,Market / Lease-up Risk,3250.0,0.045,0.05390264772817921,0.0524,18.4122,0.0406,1.004,0.05544,18.1097
2024-06-30,OC-INDU-361,Industrial,Fullerton,153549,1983,0.94,1.6908,1.467,1.522,0.0489,0.321,4.3,0.342,0.8164,0.808,,Market / Lease-up Risk,1500.0,0.045,0.05999616935890263,0.0489,34.5767,0.02105,1.7264,0.05524,31.2535
2024-06-30,OC-INDU-365,Industrial,Anaheim,210796,1972,0.965,2.0472,1.53,1.583,0.0522,0.423,3.8,0.558,0.9275,0.457,,Market / Lease-up Risk,950.98,0.045,0.058925821324987665,0.0522,39.2184,0.04041,2.1299,0.05494,38.7671
2024-06-30,OC-INDU-369,Industrial,Irvine,202389,1974,0.994,1.8903,1.392,1.353,0.0581,0.426,7.0,0.211,0.7334,0.59,,Market / Lease-up Risk,1393.94,0.045,0.05040202756946646,0.0581,32.5353,0.01283,1.9146,0.05512,34.7348
2024-06-30,OC-INDU-37,Industrial,Newport Beach,141960,1976,0.996,1.5251,1.449,1.505,0.0529,0.347,2.6,0.407,0.4217,0.451,,Market / Lease-up Risk,5400.0,0.045,0.06187592476868962,0.0529,28.8299,0.0295,1.5701,0.05535,28.3682
2024-06-30,OC-INDU-373,Industrial,Newport Beach,76256,1978,0.966,0.9085,1.577,1.562,0.0504,0.335,4.1,0.098,0.3866,0.614,,Market / Lease-up Risk,5400.0,0.045,0.06140040936135873,0.0504,18.0258,0.01543,0.9225,0.05569,16.5651
2024-06-30,OC-INDU-377,Industrial,Orange,189919,1982,0.999,2.4157,1.697,1.746,0.057,0.362,2.9,0.132,0.5302,0.693,,Market / Lease-up Risk,1148.15,0.045,0.045144666728343844,0.057,42.3807,0.02249,2.47,0.05465,45.1967
2024-06-30,OC-INDU-381,Industrial,Santa Ana,162701,1955,0.943,1.2816,1.178,1.221,0.0531,0.378,3.0,0.161,0.3499,0.203,,Market / Lease-up Risk,2296.3,0.045,0.06821766259859012,0.0531,24.1356,0.01357,1.299,0.0554,23.4458
2024-06-30,OC-INDU-385,Industrial,Costa Mesa,179872,1955,0.965,1.4358,1.282,1.329,0.0528,0.434,7.5,0.501,0.5974,0.125,,Market / Lease-up Risk,3250.0,0.045,0.061833176669858034,0.0528,27.1932,0.03884,1.4916,0.05497,27.1341
2024-06-30,OC-INDU-389,Industrial,Fullerton,70604,1984,0.974,0.8707,1.538,1.587,0.0553,0.3,2.2,0.282,0.1453,0.651,,Market / Lease-up Risk,1500.0,0.045,0.06791613446723939,0.0553,15.745,0.04438,0.9093,0.05483,16.5849
2024-06-30,OC-INDU-393,Industrial,Anaheim,153802,1989,0.949,1.4736,1.419,1.458,0.0579,0.395,5.4,0.467,0.6683,0.936,,Market / Lease-up Risk,950.98,0.045,0.04708075650631621,0.0579,25.4508,0.03789,1.5294,0.0546,28.0125
2024-06-30,OC-INDU-397,Industrial,Irvine,70243,1970,0.966,0.6169,1.253,1.297,0.0574,0.383,4.9,0.65,0.2629,0.515,,Market / Lease-up Risk,1393.94,0.045,0.052565234738184495,0.0574,10.7474,0.0642,0.6565,0.05438,12.0726
2024-06-30,OC-INDU-41,Industrial,Orange,87845,1964,0.947,0.9266,1.623,1.675,0.055,0.398,6.0,0.179,0.2385,0.205,,Market / Lease-up Risk,1148.15,0.045,0.058768331531399425,0.055,16.8473,0.00777,0.9338,0.05491,17.0066
2024-06-30,OC-INDU-45,Industrial,Santa Ana,141872,1966,0.988,1.9012,1.707,1.648,0.0548,0.303,4.9,0.696,0.7425,0.479,,Market / Lease-up Risk,2296.3,0.045,0.06587455760840515,0.0548,34.6934,0.02524,1.9492,0.05491,35.4954
2024-06-30,OC-INDU-49,Industrial,Costa Mesa,112110,1963,0.951,1.1741,1.558,1.534,0.0501,0.38,3.0,0.334,0.6571,0.38,,Market / Lease-up Risk,3250.0,0.045,0.0504009265252914,0.0501,23.4351,0.0247,1.2031,0.05546,21.6939
2024-06-30,OC-INDU-53,Industrial,Fullerton,213950,1995,0.946,1.6041,1.152,1.177,0.0486,0.415,6.3,0.214,0.3769,0.822,,Market / Lease-up Risk,1500.0,0.045,0.0636338968922978,0.0486,33.0062,0.01957,1.6355,0.05491,29.7841
2024-06-30,OC-INDU-57,Industrial,Anaheim,163133,1961,0.969,1.2618,1.133,1.143,0.0589,0.382,7.6,0.076,0.189,0.379,,Market / Lease-up Risk,950.98,0.045,0.0738165003052206,0.0589,21.4228,0.05462,1.3307,0.05529,24.0678
2024-06-30,OC-INDU-61,Industrial,Irvine,186391,1968,0.989,1.8237,1.331,1.38,0.0568,0.348,3.1,0.207,1.0755,0.415,,Market / Lease-up Risk,1393.94,0.045,0.04162443574013348,0.0568,32.1074,0.0291,1.8768,0.05555,33.7829
2024-06-30,OC-INDU-65,Industrial,Newport Beach,81084,1982,0.97,1.1748,1.91,1.926,0.0532,0.335,2.5,0.243,0.1847,0.584,,Market / Lease-up Risk,5400.0,0.045,0.0410140408078863,0.0532,22.0827,0.02259,1.2013,0.05483,21.912
2024-06-30,OC-INDU-69,Industrial,Orange,201703,1969,0.992,2.5682,1.816,1.859,0.0496,0.38,6.4,0.021,1.5311,0.414,,Market / Lease-up Risk,1148.15,0.045,0.06234866152905896,0.0496,51.7782,0.02414,2.6302,0.05495,47.861
2024-06-30,OC-INDU-73,Industrial,Santa Ana,187497,1961,0.958,1.9778,1.626,1.667,0.0589,0.406,3.4,0.195,0.6385,0.343,,Market / Lease-up Risk,2296.3,0.045,0.04317135771708752,0.0589,33.5789,0.04797,2.0727,0.05561,37.2723
2024-06-30,OC-INDU-77,Industrial,Costa Mesa,180186,1986,0.978,2.664,2.034,1.976,0.0501,0.368,3.3,0.498,0.7921,0.671,,Market / Lease-up Risk,3250.0,0.045,0.0658746624127232,0.0501,53.1737,-0.00481,2.6512,0.05432,48.8107
2024-06-30,OC-INDU-81,Industrial,Fullerton,169006,1983,0.936,1.3351,1.068,1.083,0.0504,0.328,5.7,0.034,0.2403,0.597,,Market / Lease-up Risk,1500.0,0.045,0.061365240152199456,0.0504,26.4901,0.02156,1.3639,0.05453,25.0119
2024-06-30,OC-INDU-85,Industrial,Anaheim,210238,1955,0.974,2.0835,1.614,1.667,0.0587,0.447,3.6,0.229,1.0831,0.256,,Market / Lease-up Risk,950.98,0.045,0.05308203943794052,0.0587,35.494,0.0296,2.1452,0.05497,39.026
2024-06-30,OC-INDU-89,Industrial,Irvine,132768,1980,0.98,1.5452,1.642,1.696,0.0512,0.385,2.1,0.484,0.3827,0.657,,Market / Lease-up Risk,1393.94,0.045,0.048170641139866445,0.0512,30.1797,0.03226,1.5951,0.0555,28.7378
2024-06-30,OC-INDU-93,Industrial,Newport Beach,150204,1968,0.956,1.7708,1.918,1.888,0.0577,0.436,3.7,0.193,0.732,0.467,,Market / Lease-up Risk,5400.0,0.045,0.046614148589226176,0.0577,30.6898,0.04665,1.8534,0.05537,33.4724
2024-06-30,OC-INDU-97,Industrial,Orange,157336,1985,0.985,2.2116,1.914,1.848,0.0488,0.366,3.1,0.425,1.3173,0.707,,Market / Lease-up Risk,1148.15,0.045,0.07613764461681355,0.0488,45.3197,0.0192,2.2541,0.05446,41.3863
2024-06-30,OC-MULT-03,Multifamily,Anaheim,58344,1959,0.97,1.0826,3246.17,3176.226,0.0506,0.42,1.4,0.425,0.6147,0.223,52.0,Market / Lease-up Risk,950.98,0.045,0.035573187370117935,0.0506,21.3953,0.0296,1.1146,0.05118,21.779
2024-06-30,OC-MULT-07,Multifamily,Irvine,66820,1989,0.934,0.6429,1992.21,2065.277,0.0495,0.435,1.2,0.288,0.4006,0.916,52.0,Market / Lease-up Risk,1393.94,0.045,0.01,0.0495,12.9879,0.07612,0.6918,0.0516,13.409
2024-06-30,OC-MULT-103,Multifamily,Santa Ana,33374,1975,0.96,0.8154,3353.99,3365.331,0.0548,0.418,1.2,0.094,0.3739,0.517,37.0,Market / Lease-up Risk,2296.3,0.045,0.038174902984495884,0.0548,14.8796,0.0277,0.838,0.05134,16.3234
2024-06-30,OC-MULT-107,Multifamily,Costa Mesa,42200,1964,0.932,0.7618,2671.38,2683.752,0.0556,0.329,1.4,0.101,0.2544,0.46,40.0,Market / Lease-up Risk,3250.0,0.045,0.021937332815973647,0.0556,13.7014,0.02357,0.7798,0.05246,14.863
2024-06-30,OC-MULT-11,Multifamily,Newport Beach,17244,1979,0.923,0.2764,2422.18,2359.842,0.0534,0.416,1.2,0.114,0.1788,0.703,18.0,Market / Lease-up Risk,5400.0,0.045,0.04060073229186013,0.0534,5.176,0.03663,0.2865,0.05226,5.4829
2024-06-30,OC-MULT-111,Multifamily,Fullerton,24525,1977,0.953,0.4727,2729.71,2744.413,0.0543,0.382,1.3,0.237,0.0962,0.6,25.0,Market / Lease-up Risk,1500.0,0.045,0.035988794042093666,0.0543,8.7053,0.02841,0.4861,0.05164,9.4133
2024-06-30,OC-MULT-115,Multifamily,Anaheim,40770,1968,0.923,0.4966,2608.83,2703.093,0.0496,0.397,0.8,0.143,0.2386,0.429,30.0,Market / Lease-up Risk,950.98,0.045,0.033285775153998984,0.0496,10.0121,-0.00861,0.4923,0.05259,9.3617
2024-06-30,OC-MULT-119,Multifamily,Irvine,57288,1985,0.943,1.5409,4537.15,4525.574,0.0536,0.304,1.0,0.005,0.4761,0.655,44.0,Market / Lease-up Risk,1393.94,0.045,0.03368601721752545,0.0536,28.7481,0.04154,1.6049,0.05242,30.6183
2024-06-30,OC-MULT-123,Multifamily,Newport Beach,38147,1983,0.954,0.8728,3492.76,3585.633,0.0523,0.398,1.4,0.131,0.401,0.725,37.0,Market / Lease-up Risk,5400.0,0.045,0.05317770120885966,0.0523,16.6883,0.04195,0.9094,0.05313,17.1154
2024-06-30,OC-MULT-127,Multifamily,Orange,32844,1990,0.945,0.4675,2355.0,2402.191,0.0546,0.362,0.9,0.029,0.1353,0.716,28.0,Market / Lease-up Risk,1148.15,0.045,0.04068177304377199,0.0546,8.5623,0.00405,0.4694,0.05179,9.0637
2024-06-30,OC-MULT-131,Multifamily,Santa Ana,39429,1963,0.929,1.1569,4113.21,4028.887,0.0499,0.319,1.3,0.186,0.497,0.233,39.0,Market / Lease-up Risk,2296.3,0.045,0.04088145697063495,0.0499,23.1844,0.04067,1.204,0.05119,23.5196
2024-06-30,OC-MULT-135,Multifamily,Costa Mesa,55360,1990,0.942,0.8409,3358.86,3309.517,0.051,0.435,1.1,0.4,0.349,0.73,40.0,Market / Lease-up Risk,3250.0,0.045,0.01,0.051,16.4882,0.01456,0.8531,0.0523,16.3133
2024-06-30,OC-MULT-139,Multifamily,Fullerton,26487,2000,0.944,0.583,3043.61,3091.474,0.0465,0.361,1.1,0.251,0.3214,0.947,27.0,Market / Lease-up Risk,1500.0,0.045,0.04834459389642145,0.0465,12.5376,0.01722,0.593,0.05226,11.3489
2024-06-30,OC-MULT-143,Multifamily,Anaheim,82960,1967,0.936,1.1343,3004.71,3068.629,0.051,0.42,1.4,0.123,0.1588,0.341,61.0,Market / Lease-up Risk,950.98,0.045,0.030157708002878224,0.051,22.2412,0.04293,1.183,0.05211,22.7028
2024-06-30,OC-MULT-147,Multifamily,Irvine,44649,1970,0.971,0.8114,2579.69,2576.011,0.0497,0.307,1.4,0.267,0.2762,0.331,41.0,Market / Lease-up Risk,1393.94,0.045,0.035044024438099654,0.0497,16.326,0.01973,0.8274,0.05167,16.0144
2024-06-30,OC-MULT-15,Multifamily,Orange,62208,1980,0.961,0.6958,2270.29,2187.686,0.0478,0.435,1.0,0.054,0.4641,0.622,48.0,Market / Lease-up Risk,1148.15,0.045,0.04075295793996337,0.0478,14.5565,0.03761,0.722,0.05262,13.72
2024-06-30,OC-MULT-151,Multifamily,Newport Beach,46350,1970,0.924,0.9023,3002.39,3074.621,0.0498,0.366,1.0,0.262,0.5663,0.482,45.0,Market / Lease-up Risk,5400.0,0.045,0.03322728206006531,0.0498,18.1185,0.02453,0.9244,0.05259,17.5797
2024-06-30,OC-MULT-155,Multifamily,Orange,21987,1955,0.978,0.2747,1877.22,1860.987,0.051,0.375,1.1,0.236,0.0559,0.234,21.0,Market / Lease-up Risk,1148.15,0.045,0.04877939398998432,0.051,5.3863,0.03383,0.284,0.05199,5.4628
2024-06-30,OC-MULT-159,Multifamily,Santa Ana,47632,1962,0.923,0.9071,2644.21,2601.051,0.0561,0.373,1.0,0.087,0.2408,0.146,52.0,Market / Lease-up Risk,2296.3,0.045,0.02772237351651009,0.0561,16.1693,0.03764,0.9412,0.05294,17.7804
2024-06-30,OC-MULT-163,Multifamily,Costa Mesa,38626,1982,0.962,0.9074,4200.44,4364.743,0.0521,0.384,1.4,0.165,0.4439,0.679,31.0,Market / Lease-up Risk,3250.0,0.045,0.03686938071162601,0.0521,17.4165,0.03415,0.9384,0.05168,18.1585
2024-06-30,OC-MULT-167,Multifamily,Fullerton,27930,1980,0.958,0.5433,3294.98,3203.133,0.0514,0.303,1.2,0.022,0.2487,0.554,21.0,Market / Lease-up Risk,1500.0,0.045,0.0185797228425314,0.0514,10.57,0.01075,0.5491,0.05165,10.6313
2024-06-30,OC-MULT-171,Multifamily,Anaheim,41745,1994,0.933,0.5441,2239.66,2281.597,0.0549,0.329,1.0,0.361,0.2558,0.764,33.0,Market / Lease-up Risk,950.98,0.045,0.0435184661599049,0.0549,9.9107,0.03812,0.5648,0.0516,10.9466
2024-06-30,OC-MULT-175,Multifamily,Irvine,17334,1955,0.971,0.3525,2890.41,2903.062,0.0525,0.388,1.4,0.141,0.1526,0.18,18.0,Market / Lease-up Risk,1393.94,0.045,0.03036547187775612,0.0525,6.7143,-0.01432,0.3475,0.05115,6.7928
2024-06-30,OC-MULT-179,Multifamily,Newport Beach,54978,1984,0.976,0.5559,1836.26,1769.003,0.0478,0.372,0.9,0.042,0.0935,0.725,42.0,Market / Lease-up Risk,5400.0,0.045,0.04172510518154176,0.0478,11.6297,0.04313,0.5799,0.05241,11.0636
2024-06-30,OC-MULT-183,Multifamily,Orange,58770,1991,0.925,0.8324,3058.33,3084.814,0.0548,0.444,0.9,0.365,0.4482,0.749,45.0,Market / Lease-up Risk,1148.15,0.045,0.014665171542719516,0.0548,15.1898,0.02036,0.8493,0.05187,16.3735
2024-06-30,OC-MULT-187,Multifamily,Santa Ana,22743,1966,0.961,0.2791,2299.96,2284.144,0.0552,0.417,1.1,0.423,0.126,0.466,19.0,Market / Lease-up Risk,2296.3,0.045,0.029457839528401045,0.0552,5.0562,-0.00208,0.2785,0.05188,5.3686
2024-06-30,OC-MULT-19,Multifamily,Santa Ana,48657,1988,0.967,0.9462,3000.24,2888.244,0.0537,0.434,1.4,0.089,0.4701,0.726,49.0,Market / Lease-up Risk,2296.3,0.045,0.052488442495891255,0.0537,17.6201,0.06317,1.006,0.05152,19.5276
2024-06-30,OC-MULT-191,Multifamily,Costa Mesa,55370,1958,0.954,0.5971,1767.26,1732.447,0.0502,0.366,0.9,0.207,0.2445,0.31,49.0,Market / Lease-up Risk,3250.0,0.045,0.03116543871174104,0.0502,11.8944,0.03979,0.6209,0.05198,11.9444
2024-06-30,OC-MULT-195,Multifamily,Fullerton,68365,1984,0.934,0.9305,2697.4,2635.632,0.0554,0.429,1.3,0.823,0.1154,0.602,55.0,Market / Lease-up Risk,1500.0,0.045,0.04935674766316848,0.0554,16.796,0.01161,0.9413,0.05219,18.0354
2024-06-30,OC-MULT-199,Multifamily,Anaheim,64288,1955,0.94,1.1096,3780.41,3633.895,0.0562,0.441,1.0,0.07,0.2749,0.186,49.0,Market / Lease-up Risk,950.98,0.045,0.03477964565372478,0.0562,19.7438,0.05909,1.1752,0.05179,22.6896
2024-06-30,OC-MULT-203,Multifamily,Irvine,58222,1984,0.96,0.7642,2796.1,2744.413,0.0548,0.437,1.4,0.027,0.4659,0.572,43.0,Market / Lease-up Risk,1393.94,0.045,0.044418699515253034,0.0548,13.9453,0.03592,0.7916,0.05135,15.4173
2024-06-30,OC-MULT-207,Multifamily,Newport Beach,59943,1961,0.967,1.4407,3951.61,4064.896,0.0533,0.376,1.0,0.255,0.5043,0.41,53.0,Market / Lease-up Risk,5400.0,0.045,0.0226176264780917,0.0533,27.03,0.0245,1.476,0.05306,27.8152
2024-06-30,OC-MULT-211,Multifamily,Orange,39440,1976,0.938,0.5753,2009.01,2037.782,0.0486,0.351,1.3,0.329,0.2811,0.509,40.0,Market / Lease-up Risk,1148.15,0.045,0.03188131483126013,0.0486,11.8374,0.03983,0.5982,0.05267,11.3578
2024-06-30,OC-MULT-215,Multifamily,Santa Ana,33264,1955,0.928,0.755,3373.65,3311.113,0.048,0.359,1.5,0.038,0.1501,0.126,33.0,Market / Lease-up Risk,2296.3,0.045,0.0334608544804571,0.048,15.7292,0.04539,0.7893,0.05237,15.0712
2024-06-30,OC-MULT-219,Multifamily,Costa Mesa,39556,1979,0.973,0.8209,3464.37,3421.102,0.0519,0.332,1.4,0.289,0.5082,0.553,31.0,Market / Lease-up Risk,3250.0,0.045,0.02344667956943189,0.0519,15.817,0.02852,0.8443,0.05194,16.2551
2024-06-30,OC-MULT-223,Multifamily,Fullerton,59388,1971,0.965,1.1734,3313.14,3290.635,0.0543,0.343,1.3,0.368,0.3153,0.318,49.0,Market / Lease-up Risk,1500.0,0.045,0.0457135104520563,0.0543,21.6096,0.03619,1.2159,0.0518,23.4738
2024-06-30,OC-MULT-227,Multifamily,Anaheim,35529,1987,0.963,0.8378,2964.02,2947.961,0.0494,0.36,1.4,0.055,0.4029,0.847,39.0,Market / Lease-up Risk,950.98,0.045,0.047565964794132914,0.0494,16.9595,0.05709,0.8856,0.05232,16.9269
2024-06-30,OC-MULT-23,Multifamily,Costa Mesa,32736,1984,0.935,0.5681,2517.66,2527.183,0.0514,0.338,1.2,0.174,0.3675,0.683,31.0,Market / Lease-up Risk,3250.0,0.045,0.033817644249039096,0.0514,11.0525,0.0313,0.5859,0.05153,11.3708
2024-06-30,OC-MULT-231,Multifamily,Irvine,37740,1960,0.976,0.4412,2199.13,2174.874,0.05,0.399,1.1,0.548,0.1887,0.281,30.0,Market / Lease-up Risk,1393.94,0.045,0.04563524062061022,0.05,8.824,0.02491,0.4522,0.05087,8.8896
2024-06-30,OC-MULT-235,Multifamily,Newport Beach,19060,1991,0.944,0.2991,2047.14,2040.223,0.0563,0.342,1.1,0.182,0.1389,0.725,20.0,Market / Lease-up Risk,5400.0,0.045,0.04038880867655924,0.0563,5.3126,0.02127,0.3055,0.05149,5.932
2024-06-30,OC-MULT-239,Multifamily,Orange,55900,1974,0.97,1.1854,3835.34,3915.367,0.0488,0.35,1.1,0.114,0.7261,0.394,43.0,Market / Lease-up Risk,1148.15,0.045,0.037097108294108755,0.0488,24.291,0.02147,1.2109,0.05207,23.2538
2024-06-30,OC-MULT-243,Multifamily,Santa Ana,20559,1981,0.979,0.4278,2858.64,2849.489,0.0535,0.381,1.1,0.018,0.0491,0.626,21.0,Market / Lease-up Risk,2296.3,0.045,0.042035887053861055,0.0535,7.9963,0.03338,0.4421,0.05229,8.4548
2024-06-30,OC-MULT-247,Multifamily,Costa Mesa,37497,1976,0.964,0.7531,3647.69,3785.009,0.0534,0.372,1.4,0.422,0.3821,0.613,29.0,Market / Lease-up Risk,3250.0,0.045,0.029770939662983942,0.0534,14.103,0.02902,0.775,0.05259,14.737
2024-06-30,OC-MULT-251,Multifamily,Fullerton,36426,1975,0.931,1.0439,3502.59,3416.259,0.0497,0.302,1.3,0.234,0.5978,0.543,39.0,Market / Lease-up Risk,1500.0,0.045,0.02571118749957525,0.0497,21.004,0.01662,1.0613,0.0516,20.5658
2024-06-30,OC-MULT-255,Multifamily,Anaheim,23300,1979,0.921,0.3838,2301.23,2337.076,0.0478,0.384,1.1,0.448,0.1092,0.751,25.0,Market / Lease-up Risk,950.98,0.045,0.04130451781079879,0.0478,8.0293,0.03134,0.3958,0.05196,7.6182
2024-06-30,OC-MULT-259,Multifamily,Irvine,23712,1969,0.934,0.5464,3274.52,3261.302,0.0552,0.347,1.2,0.177,0.1373,0.351,24.0,Market / Lease-up Risk,1393.94,0.045,0.03648410003826536,0.0552,9.8986,0.03693,0.5666,0.0527,10.752
2024-06-30,OC-MULT-263,Multifamily,Newport Beach,50220,1977,0.962,0.7899,2874.44,2974.438,0.0518,0.304,1.5,0.323,0.0783,0.474,36.0,Market / Lease-up Risk,5400.0,0.045,0.03503701378480658,0.0518,15.249,0.05575,0.8339,0.05207,16.0145
2024-06-30,OC-MULT-267,Multifamily,Orange,23298,1985,0.954,0.5259,3339.71,3317.799,0.0467,0.362,1.3,0.304,0.3746,0.739,22.0,Market / Lease-up Risk,1148.15,0.045,0.03800189047457917,0.0467,11.2612,0.05097,0.5527,0.0518,10.6705
2024-06-30,OC-MULT-27,Multifamily,Fullerton,23914,1984,0.971,0.3186,2120.93,2138.544,0.0495,0.402,1.3,0.409,0.1865,0.666,22.0,Market / Lease-up Risk,1500.0,0.045,0.019320025801370055,0.0495,6.4364,0.0317,0.3287,0.05191,6.3322
2024-06-30,OC-MULT-271,Multifamily,Santa Ana,33387,1970,0.937,0.7392,3518.82,3528.041,0.0538,0.385,1.2,0.142,0.1017,0.519,31.0,Market / Lease-up Risk,2296.3,0.045,0.034600476035706366,0.0538,13.7398,0.04273,0.7708,0.05283,14.5908
2024-06-30,OC-MULT-275,Multifamily,Costa Mesa,54635,1968,0.952,0.9972,3109.7,3088.573,0.0522,0.397,1.1,0.021,0.3278,0.474,49.0,Market / Lease-up Risk,3250.0,0.045,0.020489085785532025,0.0522,19.1034,0.01363,1.0108,0.05218,19.3697
2024-06-30,OC-MULT-279,Multifamily,Fullerton,63440,1962,0.967,0.7777,2388.6,2439.077,0.0541,0.432,1.2,0.303,0.1024,0.172,52.0,Market / Lease-up Risk,1500.0,0.045,0.031437171855797585,0.0541,14.3752,0.0132,0.788,0.05168,15.2479
2024-06-30,OC-MULT-283,Multifamily,Anaheim,50468,1955,0.954,0.9483,3882.22,3986.437,0.0482,0.393,0.8,0.237,0.1736,0.177,37.0,Market / Lease-up Risk,950.98,0.045,0.03978902965590207,0.0482,19.6743,0.04479,0.9908,0.05209,19.0218
2024-06-30,OC-MULT-287,Multifamily,Irvine,38049,1978,0.929,0.4578,2292.3,2326.865,0.0469,0.446,1.1,0.246,0.2883,0.65,33.0,Market / Lease-up Risk,1393.94,0.045,0.022002922762735626,0.0469,9.7612,0.02273,0.4682,0.05193,9.0159
2024-06-30,OC-MULT-291,Multifamily,Newport Beach,51793,1978,0.959,0.7387,1942.82,1970.368,0.0472,0.312,0.9,0.255,0.2248,0.519,49.0,Market / Lease-up Risk,5400.0,0.045,0.03562096173279874,0.0472,15.6504,0.02642,0.7582,0.05142,14.7461
2024-06-30,OC-MULT-295,Multifamily,Orange,29652,1961,0.93,0.5435,3092.45,2988.433,0.0487,0.408,1.2,0.281,0.1872,0.223,28.0,Market / Lease-up Risk,1148.15,0.045,0.04579389305263959,0.0487,11.1602,0.026,0.5576,0.05273,10.5745
2024-06-30,OC-MULT-299,Multifamily,Santa Ana,34580,1984,0.959,0.4893,2457.64,2377.184,0.0472,0.321,1.4,0.565,0.2649,0.701,26.0,Market / Lease-up Risk,2296.3,0.045,0.04150639051494881,0.0472,10.3665,0.02828,0.5031,0.05141,9.7873
2024-06-30,OC-MULT-303,Multifamily,Costa Mesa,45034,1960,0.975,1.348,3804.44,3804.93,0.0572,0.307,1.0,0.076,0.4417,0.256,46.0,Market / Lease-up Risk,3250.0,0.045,0.04210981205379932,0.0572,23.5664,0.04357,1.4067,0.05273,26.6781
2024-06-30,OC-MULT-307,Multifamily,Fullerton,55524,1983,0.951,1.0439,3216.29,3124.802,0.0507,0.309,1.2,0.067,0.418,0.7,42.0,Market / Lease-up Risk,1500.0,0.045,0.023471141190715927,0.0507,20.5897,0.02322,1.0681,0.05287,20.2032
2024-06-30,OC-MULT-31,Multifamily,Anaheim,44234,1973,0.965,0.4374,1985.33,2031.239,0.049,0.411,0.8,0.202,0.2823,0.487,34.0,Market / Lease-up Risk,950.98,0.045,0.06147992504098487,0.049,8.9265,0.04798,0.4584,0.05137,8.9225
2024-06-30,OC-MULT-311,Multifamily,Anaheim,73535,1966,0.926,0.7659,2398.42,2438.314,0.0501,0.45,1.2,0.105,0.3864,0.478,55.0,Market / Lease-up Risk,950.98,0.045,0.047306178019303716,0.0501,15.2874,0.04052,0.7969,0.05202,15.3212
2024-06-30,OC-MULT-315,Multifamily,Irvine,17238,1964,0.98,0.3428,2920.26,3025.559,0.0564,0.382,0.9,0.367,0.1995,0.224,17.0,Market / Lease-up Risk,1393.94,0.045,0.0217883091434105,0.0564,6.078,0.02795,0.3524,0.05277,6.6774
2024-06-30,OC-MULT-319,Multifamily,Newport Beach,86490,1985,0.946,0.7664,2012.9,2029.353,0.0475,0.448,1.2,0.526,0.5359,0.707,62.0,Market / Lease-up Risk,5400.0,0.045,0.04458329886299003,0.0475,16.1347,0.02049,0.7821,0.0527,14.8399
2024-06-30,OC-MULT-323,Multifamily,Orange,68315,1976,0.931,1.4125,3457.87,3572.467,0.0553,0.426,1.1,0.158,0.4397,0.644,65.0,Market / Lease-up Risk,1148.15,0.045,0.026638355000089944,0.0553,25.5425,0.03895,1.4675,0.05247,27.9675
2024-06-30,OC-MULT-327,Multifamily,Santa Ana,21689,1971,0.964,0.6754,3970.24,4075.888,0.0496,0.327,1.4,0.191,0.2951,0.328,23.0,Market / Lease-up Risk,2296.3,0.045,0.026218318140955724,0.0496,13.6169,0.01763,0.6873,0.05204,13.2081
2024-06-30,OC-MULT-331,Multifamily,Costa Mesa,29899,1994,0.97,0.5068,2540.48,2622.206,0.0505,0.397,1.0,0.401,0.2877,0.768,29.0,Market / Lease-up Risk,3250.0,0.045,0.03061399362164469,0.0505,10.0356,0.06108,0.5378,0.05114,10.5149
2024-06-30,OC-MULT-335,Multifamily,Fullerton,25630,1968,0.93,0.4139,2962.53,2943.803,0.0562,0.401,1.2,0.024,0.1751,0.31,22.0,Market / Lease-up Risk,1500.0,0.045,0.01733347711353937,0.0562,7.3648,0.00304,0.4152,0.05141,8.0761
2024-06-30,OC-MULT-339,Multifamily,Anaheim,40495,1978,0.97,0.8527,3588.4,3643.725,0.052,0.386,0.9,0.343,0.3692,0.474,35.0,Market / Lease-up Risk,950.98,0.045,0.044469974737526355,0.052,16.3981,0.02637,0.8752,0.05199,16.8332
2024-06-30,OC-MULT-343,Multifamily,Irvine,36904,1955,0.973,0.483,2635.83,2681.906,0.0568,0.41,1.5,0.11,0.1639,0.204,28.0,Market / Lease-up Risk,1393.94,0.045,0.030179793416855977,0.0568,8.5035,0.03178,0.4984,0.05251,9.4903
2024-06-30,OC-MULT-347,Multifamily,Newport Beach,39775,1966,0.964,0.9302,3482.15,3465.864,0.0522,0.343,1.1,0.024,0.5292,0.339,37.0,Market / Lease-up Risk,5400.0,0.045,0.057963944621935916,0.0522,17.8199,0.03416,0.962,0.05234,18.3787
2024-06-30,OC-MULT-35,Multifamily,Irvine,28028,1955,0.947,0.4932,3630.63,3667.329,0.0498,0.428,0.8,0.436,0.1123,0.186,22.0,Market / Lease-up Risk,1393.94,0.045,0.04501749042154514,0.0498,9.9036,0.02511,0.5056,0.05151,9.8144
2024-06-30,OC-MULT-351,Multifamily,Orange,99000,1968,0.94,1.5384,2944.91,2981.487,0.0545,0.35,1.0,0.164,0.8567,0.498,75.0,Market / Lease-up Risk,1148.15,0.045,0.0271065296576024,0.0545,28.2275,0.02649,1.5792,0.05234,30.1716
2024-06-30,OC-MULT-355,Multifamily,Santa Ana,13902,1984,0.965,0.3219,3605.13,3717.59,0.0531,0.438,1.3,0.416,0.0786,0.633,14.0,Market / Lease-up Risk,2296.3,0.045,0.03812342092258679,0.0531,6.0621,0.01292,0.3261,0.05068,6.4339
2024-06-30,OC-MULT-359,Multifamily,Costa Mesa,38409,1962,0.941,0.7307,3369.95,3470.278,0.0542,0.348,0.8,0.056,0.1395,0.226,31.0,Market / Lease-up Risk,3250.0,0.045,0.023180510910472324,0.0542,13.4815,0.01748,0.7435,0.05187,14.3325
2024-06-30,OC-MULT-363,Multifamily,Fullerton,19593,1980,0.927,0.3677,2755.15,2763.579,0.0551,0.417,1.4,0.319,0.1874,0.75,21.0,Market / Lease-up Risk,1500.0,0.045,0.018847642688982102,0.0551,6.6733,0.036,0.3809,0.0532,7.1599
2024-06-30,OC-MULT-367,Multifamily,Anaheim,28182,1969,0.963,0.1753,1308.01,1312.194,0.0525,0.445,1.0,0.216,0.0795,0.433,22.0,Market / Lease-up Risk,950.98,0.045,0.03038238999653227,0.0525,3.339,0.03743,0.1819,0.05197,3.4991
2024-06-30,OC-MULT-371,Multifamily,Irvine,24528,1969,0.963,0.5156,3081.71,3112.628,0.053,0.365,1.4,0.479,0.1054,0.474,24.0,Market / Lease-up Risk,1393.94,0.045,0.0673730306245642,0.053,9.7283,0.03714,0.5347,0.0514,10.4036
2024-06-30,OC-MULT-375,Multifamily,Newport Beach,65758,1969,0.972,1.4806,3763.78,3820.815,0.0551,0.418,1.3,0.5,0.7213,0.388,61.0,Market / Lease-up Risk,5400.0,0.045,0.02911713640809132,0.0551,26.8711,0.02587,1.5189,0.05309,28.6095
2024-06-30,OC-MULT-379,Multifamily,Orange,36270,1986,0.947,0.4469,2707.74,2812.709,0.052,0.43,1.1,0.194,0.1768,0.798,26.0,Market / Lease-up Risk,1148.15,0.045,0.03962828358737033,0.052,8.5942,0.02699,0.459,0.05178,8.8637
2024-06-30,OC-MULT-383,Multifamily,Santa Ana,63630,1990,0.956,1.3333,2532.52,2599.946,0.0506,0.331,1.0,0.434,0.6288,0.806,70.0,Market / Lease-up Risk,2296.3,0.045,0.017920068286126845,0.0506,26.3498,0.01369,1.3515,0.05168,26.1535
2024-06-30,OC-MULT-387,Multifamily,Costa Mesa,49286,1955,0.952,0.6848,2695.75,2747.386,0.0575,0.384,0.9,0.183,0.2947,0.179,38.0,Market / Lease-up Risk,3250.0,0.045,0.04867483206432974,0.0575,11.9096,0.0276,0.7037,0.05223,13.4726
2024-06-30,OC-MULT-39,Multifamily,Newport Beach,32130,1960,0.929,0.7,3211.45,3253.577,0.0481,0.314,1.2,0.511,0.141,0.314,30.0,Market / Lease-up Risk,5400.0,0.045,0.05203714276502723,0.0481,14.553,0.03862,0.727,0.05158,14.0966
2024-06-30,OC-MULT-391,Multifamily,Fullerton,18921,1962,0.966,0.3213,2576.62,2565.267,0.051,0.334,0.9,0.71,0.0594,0.312,17.0,Market / Lease-up Risk,1500.0,0.045,0.038837610002277284,0.051,6.3,0.00602,0.3232,0.05323,6.0719
2024-06-30,OC-MULT-395,Multifamily,Anaheim,65464,1971,0.97,1.0033,3181.5,3204.626,0.048,0.418,1.4,0.086,0.6149,0.327,49.0,Market / Lease-up Risk,950.98,0.045,0.05683485386457532,0.048,20.9021,0.01514,1.0185,0.05164,19.7241
2024-06-30,OC-MULT-399,Multifamily,Irvine,53360,1968,0.944,1.0418,2948.85,2982.258,0.0536,0.434,1.5,0.647,0.6482,0.343,58.0,Market / Lease-up Risk,1393.94,0.045,0.0205424636382594,0.0536,19.4366,0.01142,1.0537,0.05241,20.1062
2024-06-30,OC-MULT-43,Multifamily,Orange,30769,1984,0.973,0.6082,3009.55,2997.193,0.0519,0.391,1.0,0.291,0.367,0.738,29.0,Market / Lease-up Risk,1148.15,0.045,0.03616998706516763,0.0519,11.7187,0.0499,0.6385,0.05205,12.2669
2024-06-30,OC-MULT-47,Multifamily,Santa Ana,32266,1972,0.98,0.5342,2059.35,2122.581,0.051,0.338,1.2,0.075,0.2044,0.569,34.0,Market / Lease-up Risk,2296.3,0.045,0.03856057028848263,0.051,10.4745,0.02525,0.5477,0.05279,10.374
2024-06-30,OC-MULT-51,Multifamily,Costa Mesa,46535,1980,0.967,0.6676,2302.0,2293.841,0.0487,0.378,1.5,0.319,0.2081,0.628,41.0,Market / Lease-up Risk,3250.0,0.045,0.04833451120003066,0.0487,13.7084,0.05276,0.7028,0.05193,13.5341
2024-06-30,OC-MULT-55,Multifamily,Fullerton,84663,1985,0.957,1.7885,3936.95,3949.668,0.0518,0.415,1.2,0.28,0.8225,0.604,69.0,Market / Lease-up Risk,1500.0,0.045,0.042152290607740416,0.0518,34.527,0.01745,1.8197,0.05233,34.7747
2024-06-30,OC-MULT-59,Multifamily,Anaheim,29822,1963,0.973,0.756,4045.54,4023.07,0.0558,0.352,1.4,0.199,0.14,0.37,26.0,Market / Lease-up Risk,950.98,0.045,0.03617066987662664,0.0558,13.5484,0.02278,0.7732,0.05146,15.027
2024-06-30,OC-MULT-63,Multifamily,Irvine,32904,1977,0.957,0.5439,2974.61,2863.239,0.0526,0.323,1.2,0.218,0.2727,0.649,24.0,Market / Lease-up Risk,1393.94,0.045,0.04464981882301994,0.0526,10.3403,0.01885,0.5542,0.05163,10.7322
2024-06-30,OC-MULT-67,Multifamily,Newport Beach,37679,1969,0.975,0.9779,3687.12,3801.27,0.0508,0.418,1.4,0.076,0.141,0.332,41.0,Market / Lease-up Risk,5400.0,0.045,0.03339373345281539,0.0508,19.25,0.04242,1.0194,0.05196,19.6185
2024-06-30,OC-MULT-71,Multifamily,Orange,70742,1984,0.936,1.44,3425.48,3421.904,0.0538,0.384,1.0,0.182,0.2229,0.843,62.0,Market / Lease-up Risk,1148.15,0.045,0.04058922235676037,0.0538,26.7658,0.03431,1.4894,0.05265,28.2862
2024-06-30,OC-MULT-75,Multifamily,Santa Ana,19060,1970,0.923,0.3203,2516.04,2535.389,0.0548,0.395,1.0,0.803,0.0901,0.433,20.0,Market / Lease-up Risk,2296.3,0.045,0.032384184734107764,0.0548,5.8449,0.04103,0.3334,0.05131,6.4989
2024-06-30,OC-MULT-79,Multifamily,Costa Mesa,23276,1992,0.964,0.4048,2622.56,2584.609,0.0517,0.408,1.1,0.608,0.1044,0.959,23.0,Market / Lease-up Risk,3250.0,0.045,0.030843191700228426,0.0517,7.8298,0.0185,0.4123,0.05221,7.897
2024-06-30,OC-MULT-83,Multifamily,Fullerton,25476,1955,0.956,0.5042,3539.94,3461.756,0.0506,0.406,1.2,0.08,0.1501,0.069,22.0,Market / Lease-up Risk,1500.0,0.045,0.03114430167401758,0.0506,9.9644,0.02211,0.5153,0.05216,9.8804
2024-06-30,OC-MULT-87,Multifamily,Anaheim,47234,1993,0.967,0.7717,2747.55,2702.348,0.0545,0.35,1.0,0.22,0.072,0.765,38.0,Market / Lease-up Risk,950.98,0.045,0.03887340733863772,0.0545,14.1596,0.02598,0.7917,0.05188,15.2604
2024-06-30,OC-MULT-91,Multifamily,Irvine,35208,1967,0.97,0.6988,3052.67,3156.041,0.0515,0.425,1.1,0.118,0.1049,0.311,36.0,Market / Lease-up Risk,1393.94,0.045,0.026521005335050907,0.0515,13.5689,0.01375,0.7084,0.05228,13.5513
2024-06-30,OC-MULT-95,Multifamily,Newport Beach,27232,1980,0.951,0.4396,2951.79,2900.179,0.0469,0.421,1.4,0.051,0.169,0.625,23.0,Market / Lease-up Risk,5400.0,0.045,0.037910405680114515,0.0469,9.3731,0.01615,0.4467,0.05258,8.496
2024-06-30,OC-MULT-99,Multifamily,Orange,97674,1974,0.926,0.8544,1658.64,1656.493,0.0545,0.352,1.1,0.417,0.5074,0.657,73.0,Market / Lease-up Risk,1148.15,0.045,0.01,0.0545,15.6771,0.06115,0.9066,0.0508,17.849
2024-06-30,OC-OFFI-02,Office,Anaheim,157547,1968,0.77,2.5881,2.685,2.781,0.0631,0.303,4.9,0.089,1.4022,0.348,,Market / Lease-up Risk,950.98,0.045,0.14174790566201398,0.0631,41.0158,0.03335,2.6744,0.07243,36.9225
2024-06-30,OC-OFFI-06,Office,Irvine,245710,1972,0.777,3.7458,2.404,2.364,0.0618,0.306,6.7,0.244,0.8386,0.507,,Market / Lease-up Risk,1393.94,0.045,0.11560980954753651,0.0618,60.6117,-0.00511,3.7267,0.07171,51.9651
2024-06-30,OC-OFFI-10,Office,Newport Beach,150485,1955,0.769,2.0437,2.713,2.617,0.0773,0.429,6.9,0.076,0.2349,0.164,,Market / Lease-up Risk,5400.0,0.045,0.14172255285875995,0.0773,26.4386,0.00763,2.0593,0.07228,28.4891
2024-06-30,OC-OFFI-102,Office,Santa Ana,147899,1987,0.858,2.704,3.03,2.977,0.0632,0.402,3.3,0.14,1.3923,0.859,,Market / Lease-up Risk,2296.3,0.045,0.12526989604284877,0.0632,42.7848,0.02376,2.7682,0.07189,38.507
2024-06-30,OC-OFFI-106,Office,Costa Mesa,224508,1967,0.921,3.9045,2.906,2.995,0.0743,0.43,5.9,0.12,1.0345,0.484,,Market / Lease-up Risk,3250.0,0.045,0.11518990334011243,0.0743,52.5505,0.02735,4.0113,0.07174,55.9115
2024-06-30,OC-OFFI-110,Office,Fullerton,125583,1966,0.823,1.6891,2.476,2.395,0.0699,0.421,2.2,0.112,0.7478,0.364,,Market / Lease-up Risk,1500.0,0.045,0.11225813197574189,0.0699,24.1645,-0.02467,1.6474,0.07181,22.9419
2024-06-30,OC-OFFI-114,Office,Anaheim,216956,1971,0.815,3.3611,2.729,2.629,0.0649,0.389,5.4,0.453,1.2657,0.485,,Market / Lease-up Risk,950.98,0.045,0.14450296512973085,0.0649,51.7889,0.02529,3.4461,0.07154,48.1728
2024-06-30,OC-OFFI-118,Office,Irvine,166264,1969,0.922,3.8142,3.25,3.301,0.0722,0.349,5.0,0.08,0.6639,0.542,,Market / Lease-up Risk,1393.94,0.045,0.12615530343260548,0.0722,52.8283,0.023,3.9019,0.07158,54.5084
2024-06-30,OC-OFFI-122,Office,Newport Beach,129818,1961,0.887,2.7591,3.007,3.054,0.0622,0.301,5.7,0.794,0.2451,0.268,,Market / Lease-up Risk,5400.0,0.045,0.13766226389004768,0.0622,44.3585,0.00789,2.7809,0.07224,38.4969
2024-06-30,OC-OFFI-126,Office,Orange,251588,1972,0.786,3.3581,2.494,2.507,0.0635,0.421,4.1,0.385,0.7809,0.57,,Market / Lease-up Risk,1148.15,0.045,0.15240170358841013,0.0635,52.8835,0.00706,3.3818,0.07164,47.2036
2024-06-30,OC-OFFI-130,Office,Santa Ana,110987,1975,0.883,2.3052,2.999,2.91,0.064,0.312,7.0,0.081,1.1346,0.437,,Market / Lease-up Risk,2296.3,0.045,0.11871148748405368,0.064,36.0188,0.0363,2.3889,0.07254,32.9331
2024-06-30,OC-OFFI-134,Office,Costa Mesa,224656,1955,0.923,3.6893,2.787,2.855,0.0695,0.44,2.5,0.305,0.3112,0.288,,Market / Lease-up Risk,3250.0,0.045,0.13768836092355313,0.0695,53.0835,0.03321,3.8118,0.07253,52.5554
2024-06-30,OC-OFFI-138,Office,Fullerton,179224,1963,0.756,2.5401,2.88,2.878,0.0615,0.429,6.9,0.49,1.4385,0.434,,Market / Lease-up Risk,1500.0,0.045,0.1287827340438177,0.0615,41.3024,0.0278,2.6107,0.07231,36.1052
2024-06-30,OC-OFFI-14,Office,Orange,113054,1981,0.762,2.0349,3.32,3.236,0.0623,0.395,2.7,0.476,0.8017,0.55,,Market / Lease-up Risk,1148.15,0.045,0.13932639401786107,0.0623,32.6629,0.00857,2.0523,0.07222,28.4184
2024-06-30,OC-OFFI-142,Office,Anaheim,106181,1994,0.815,1.7848,3.029,3.084,0.0659,0.421,5.3,0.549,0.7892,0.869,,Market / Lease-up Risk,950.98,0.045,0.12599977644378585,0.0659,27.0835,0.04127,1.8585,0.07208,25.7821
2024-06-30,OC-OFFI-146,Office,Irvine,138814,1984,0.897,1.9614,2.214,2.264,0.0744,0.395,6.4,0.494,0.6828,0.808,,Market / Lease-up Risk,1393.94,0.045,0.13805723474679255,0.0744,26.3629,0.01445,1.9898,0.07159,27.7945
2024-06-30,OC-OFFI-150,Office,Newport Beach,152248,1955,0.873,2.6349,2.659,2.67,0.0619,0.346,5.0,0.234,1.0981,0.21,,Market / Lease-up Risk,5400.0,0.045,0.12399085672177423,0.0619,42.567,0.00942,2.6597,0.07181,37.0406
2024-06-30,OC-OFFI-154,Office,Orange,106323,1970,0.869,1.4235,2.371,2.413,0.0757,0.43,4.1,0.409,0.1302,0.391,,Market / Lease-up Risk,1148.15,0.045,0.14622942122020727,0.0757,18.8045,0.02701,1.462,0.07104,20.5795
2024-06-30,OC-OFFI-158,Office,Santa Ana,208666,1986,0.891,5.7672,4.282,4.318,0.0723,0.384,2.3,0.076,1.8611,0.811,,Market / Lease-up Risk,2296.3,0.045,0.14502003650133405,0.0723,79.7676,0.05735,6.098,0.07206,84.6266
2024-06-30,OC-OFFI-162,Office,Costa Mesa,254362,1970,0.934,3.3937,2.153,2.192,0.0648,0.418,5.4,0.262,0.8512,0.355,,Market / Lease-up Risk,3250.0,0.045,0.14240221988258972,0.0648,52.3719,0.02557,3.4805,0.07143,48.7276
2024-06-30,OC-OFFI-166,Office,Fullerton,169452,1965,0.892,2.0639,1.857,1.88,0.0673,0.355,4.7,0.189,0.9123,0.485,,Market / Lease-up Risk,1500.0,0.045,0.13340814639494675,0.0673,30.6672,0.01515,2.0952,0.07087,29.5646
2024-06-30,OC-OFFI-170,Office,Anaheim,196728,1965,0.932,4.0641,3.126,3.205,0.0756,0.378,5.6,0.116,0.6053,0.24,,Market / Lease-up Risk,950.98,0.045,0.12672286508226216,0.0756,53.7579,-0.00129,4.0589,0.07286,55.7077
2024-06-30,OC-OFFI-174,Office,Irvine,113681,1976,0.835,2.8935,4.165,4.293,0.068,0.358,5.9,0.237,0.3374,0.494,,Market / Lease-up Risk,1393.94,0.045,0.14731439514609046,0.068,42.5515,0.02324,2.9607,0.07182,41.225
2024-06-30,OC-OFFI-178,Office,Newport Beach,188043,1982,0.889,3.3968,2.979,2.956,0.0622,0.42,4.8,0.332,1.7758,0.615,,Market / Lease-up Risk,5400.0,0.045,0.14323675761185747,0.0622,54.6109,0.03157,3.504,0.07161,48.9347
2024-06-30,OC-OFFI-18,Office,Santa Ana,145160,1964,0.923,1.621,1.76,1.829,0.0641,0.397,3.3,0.226,0.7793,0.237,,Market / Lease-up Risk,2296.3,0.045,0.1126637891482415,0.0641,25.2886,0.04637,1.6962,0.07225,23.4775
2024-06-30,OC-OFFI-182,Office,Orange,258205,1989,0.937,4.3544,2.685,2.792,0.0709,0.43,2.3,0.107,0.9969,0.771,,Market / Lease-up Risk,1148.15,0.045,0.1546056589171083,0.0709,61.4161,0.02625,4.4687,0.07242,61.7021
2024-06-30,OC-OFFI-186,Office,Santa Ana,176785,1981,0.937,3.644,2.68,2.695,0.0697,0.302,3.1,0.009,0.9496,0.759,,Market / Lease-up Risk,2296.3,0.045,0.14116627681964572,0.0697,52.2812,0.01547,3.7004,0.07156,51.7127
2024-06-30,OC-OFFI-190,Office,Costa Mesa,226786,1960,0.914,5.2821,3.249,3.249,0.0696,0.312,5.2,0.531,0.5138,0.34,,Market / Lease-up Risk,3250.0,0.045,0.1328451551688479,0.0696,75.8922,0.02759,5.4278,0.07265,74.7171
2024-06-30,OC-OFFI-194,Office,Fullerton,156806,1972,0.943,4.2026,3.749,3.861,0.0658,0.335,6.3,0.069,0.3533,0.342,,Market / Lease-up Risk,1500.0,0.045,0.12549958269643202,0.0658,63.8693,0.01211,4.2535,0.07136,59.6018
2024-06-30,OC-OFFI-198,Office,Anaheim,235861,1955,0.866,2.8141,1.749,1.767,0.0735,0.309,5.4,0.476,0.5915,0.18,,Market / Lease-up Risk,950.98,0.045,0.13915511423906593,0.0735,38.2871,0.03136,2.9023,0.07173,40.4606
2024-06-30,OC-OFFI-202,Office,Irvine,246841,1982,0.853,5.7566,3.702,3.671,0.061,0.372,4.6,0.45,1.7419,0.581,,Market / Lease-up Risk,1393.94,0.045,0.13697461951984471,0.061,94.3705,0.02442,5.8972,0.07151,82.4696
2024-06-30,OC-OFFI-206,Office,Newport Beach,119057,1963,0.837,1.8471,2.719,2.685,0.0676,0.402,5.1,0.164,0.614,0.246,,Market / Lease-up Risk,5400.0,0.045,0.12931738979074167,0.0676,27.324,0.01216,1.8696,0.07176,26.0526
2024-06-30,OC-OFFI-210,Office,Orange,222548,1979,0.915,6.6819,4.666,4.85,0.0674,0.402,5.2,0.469,0.5535,0.634,,Market / Lease-up Risk,1148.15,0.045,0.13328588261957489,0.0674,99.138,0.01654,6.7924,0.07151,94.9818
2024-06-30,OC-OFFI-214,Office,Santa Ana,257457,1955,0.767,4.5762,2.959,3.07,0.0642,0.313,3.4,0.773,1.3393,0.11,,Market / Lease-up Risk,2296.3,0.045,0.12846423930771123,0.0642,71.2804,0.01739,4.6558,0.07282,63.9367
2024-06-30,OC-OFFI-218,Office,Costa Mesa,122248,1955,0.837,1.7062,2.535,2.585,0.0722,0.423,4.7,0.134,0.4174,0.033,,Market / Lease-up Risk,3250.0,0.045,0.13967170062185819,0.0722,23.6316,0.01515,1.732,0.0723,23.9556
2024-06-30,OC-OFFI-22,Office,Costa Mesa,129872,1982,0.857,2.3713,2.676,2.579,0.0634,0.323,4.7,0.01,0.555,0.625,,Market / Lease-up Risk,3250.0,0.045,0.15153072934226264,0.0634,37.4022,0.00403,2.3809,0.07175,33.1823
2024-06-30,OC-OFFI-222,Office,Fullerton,115720,1966,0.834,2.0058,2.917,2.924,0.0682,0.375,3.6,0.065,0.646,0.389,,Market / Lease-up Risk,1500.0,0.045,0.13805887413488138,0.0682,29.4106,0.01776,2.0414,0.07215,28.2941
2024-06-30,OC-OFFI-226,Office,Anaheim,108025,1977,0.857,2.4047,3.468,3.382,0.071,0.343,4.4,0.111,1.1755,0.436,,Market / Lease-up Risk,950.98,0.045,0.12754121340419505,0.071,33.869,0.01535,2.4416,0.07064,34.5629
2024-06-30,OC-OFFI-230,Office,Irvine,212100,1964,0.796,3.7509,3.32,3.308,0.063,0.413,3.3,0.206,0.5355,0.187,,Market / Lease-up Risk,1393.94,0.045,0.12308391555537507,0.063,59.5381,0.03192,3.8706,0.07237,53.4834
2024-06-30,OC-OFFI-234,Office,Newport Beach,153223,1973,0.94,2.6126,2.558,2.66,0.0651,0.397,4.8,0.287,1.1869,0.578,,Market / Lease-up Risk,5400.0,0.045,0.14074420058037657,0.0651,40.1321,0.04169,2.7215,0.07188,37.8632
2024-06-30,OC-OFFI-238,Office,Orange,118416,1959,0.761,2.0337,3.316,3.419,0.0666,0.403,2.3,0.118,0.174,0.162,,Market / Lease-up Risk,1148.15,0.045,0.11111095224377342,0.0666,30.536,0.00483,2.0435,0.07237,28.2381
2024-06-30,OC-OFFI-242,Office,Santa Ana,219726,1955,0.878,3.4692,2.532,2.509,0.0772,0.377,6.9,0.236,0.4379,0.139,,Market / Lease-up Risk,2296.3,0.045,0.1341420290401409,0.0772,44.9378,0.00478,3.4858,0.07185,48.5119
2024-06-30,OC-OFFI-246,Office,Costa Mesa,228036,1971,0.787,4.4937,3.459,3.45,0.0684,0.365,5.9,0.4,0.3868,0.5,,Market / Lease-up Risk,3250.0,0.045,0.14250948076574757,0.0684,65.6974,0.00939,4.5359,0.07209,62.917
2024-06-30,OC-OFFI-250,Office,Fullerton,241895,1960,0.813,5.4238,3.66,3.641,0.068,0.339,6.3,0.012,1.2784,0.187,,Market / Lease-up Risk,1500.0,0.045,0.14411102042612337,0.068,79.7618,0.00549,5.4536,0.07256,75.1581
2024-06-30,OC-OFFI-254,Office,Anaheim,159353,1989,0.835,3.6712,3.73,3.804,0.0697,0.371,2.2,0.049,1.218,0.684,,Market / Lease-up Risk,950.98,0.045,0.1387318367918278,0.0697,52.6714,0.01689,3.7332,0.07274,51.325
2024-06-30,OC-OFFI-258,Office,Irvine,194384,1970,0.866,2.4667,2.316,2.284,0.0695,0.445,2.0,0.845,0.3653,0.419,,Market / Lease-up Risk,1393.94,0.045,0.10970064719134846,0.0695,35.4921,0.00623,2.4821,0.07222,34.3678
2024-06-30,OC-OFFI-26,Office,Fullerton,198474,1984,0.786,3.7918,3.053,3.077,0.0659,0.323,6.9,0.192,1.2623,0.803,,Market / Lease-up Risk,1500.0,0.045,0.1505160120243849,0.0659,57.5387,-0.00579,3.7699,0.07122,52.9342
2024-06-30,OC-OFFI-262,Office,Newport Beach,179795,1974,0.882,4.2694,3.294,3.336,0.0655,0.305,6.8,0.2,1.8363,0.608,,Market / Lease-up Risk,5400.0,0.045,0.11847918154800981,0.0655,65.1817,0.02652,4.3826,0.07209,60.7895
2024-06-30,OC-OFFI-266,Office,Orange,179209,1970,0.819,4.1518,3.456,3.584,0.0738,0.304,4.5,0.249,0.7893,0.534,,Market / Lease-up Risk,1148.15,0.045,0.11768920926348617,0.0738,56.2575,0.02466,4.2542,0.07172,59.3128
2024-06-30,OC-OFFI-270,Office,Santa Ana,135972,1992,0.81,2.7951,3.42,3.295,0.0761,0.369,3.0,0.02,0.3244,0.735,,Market / Lease-up Risk,2296.3,0.045,0.13360539961313753,0.0761,36.7293,0.0142,2.8348,0.07241,39.1487
2024-06-30,OC-OFFI-274,Office,Costa Mesa,225043,1979,0.917,5.4086,3.434,3.342,0.0703,0.351,6.7,0.296,2.0528,0.589,,Market / Lease-up Risk,3250.0,0.045,0.13184284279335504,0.0703,76.936,0.04135,5.6322,0.07128,79.0204
2024-06-30,OC-OFFI-278,Office,Fullerton,218794,1980,0.945,4.65,3.182,3.234,0.0685,0.399,5.0,0.432,0.6892,0.506,,Market / Lease-up Risk,1500.0,0.045,0.12712177486171528,0.0685,67.8832,0.02507,4.7666,0.07195,66.2524
2024-06-30,OC-OFFI-282,Office,Anaheim,183712,1958,0.942,2.9398,2.388,2.304,0.0716,0.376,2.4,0.129,1.0312,0.284,,Market / Lease-up Risk,950.98,0.045,0.11904281252240148,0.0716,41.0587,0.03316,3.0373,0.07202,42.1738
2024-06-30,OC-OFFI-286,Office,Irvine,245455,1967,0.821,3.5598,2.792,2.873,0.0689,0.445,4.3,0.029,0.2704,0.384,,Market / Lease-up Risk,1393.94,0.045,0.1304574185409955,0.0689,51.6662,0.02475,3.6479,0.07247,50.3339
2024-06-30,OC-OFFI-290,Office,Newport Beach,171705,1987,0.821,3.7996,3.57,3.52,0.0716,0.358,6.3,0.851,0.4062,0.779,,Market / Lease-up Risk,5400.0,0.045,0.13737008682232366,0.0716,53.067,0.00775,3.8291,0.07159,53.4862
2024-06-30,OC-OFFI-294,Office,Orange,229323,1956,0.926,3.384,2.118,2.146,0.0684,0.34,7.0,0.323,0.7527,0.189,,Market / Lease-up Risk,1148.15,0.045,0.14665603145250372,0.0684,49.4737,0.00269,3.3931,0.07299,46.4847
2024-06-30,OC-OFFI-298,Office,Santa Ana,234123,1977,0.885,2.9187,1.726,1.68,0.0726,0.306,2.7,0.058,0.9685,0.57,,Market / Lease-up Risk,2296.3,0.045,0.1289344376008649,0.0726,40.2025,0.01709,2.9686,0.0719,41.2865
2024-06-30,OC-OFFI-30,Office,Anaheim,216364,1991,0.822,4.9058,3.581,3.634,0.0704,0.345,6.0,0.054,0.725,0.883,,Market / Lease-up Risk,950.98,0.045,0.13390089266638694,0.0704,69.6847,0.03191,5.0624,0.07206,70.2526
2024-06-30,OC-OFFI-302,Office,Costa Mesa,150162,1955,0.863,2.3923,2.861,2.869,0.0726,0.434,5.1,0.336,0.63,0.097,,Market / Lease-up Risk,3250.0,0.045,0.13692330339593686,0.0726,32.9518,0.0126,2.4224,0.07195,33.6707
2024-06-30,OC-OFFI-306,Office,Fullerton,113627,1985,0.871,2.8092,3.56,3.69,0.0666,0.322,4.7,0.411,0.7778,0.616,,Market / Lease-up Risk,1500.0,0.045,0.1589756571801371,0.0666,42.1802,0.01464,2.8503,0.07217,39.492
2024-06-30,OC-OFFI-310,Office,Anaheim,243397,1967,0.781,2.9424,2.19,2.206,0.0633,0.38,4.1,0.019,1.3549,0.437,,Market / Lease-up Risk,950.98,0.045,0.13125648058896028,0.0633,46.4834,-0.00398,2.9307,0.07196,40.7246
2024-06-30,OC-OFFI-314,Office,Irvine,149767,1995,0.76,2.1693,2.701,2.718,0.0684,0.4,3.9,0.072,1.078,0.816,,Market / Lease-up Risk,1393.94,0.045,0.1343129521679293,0.0684,31.7149,0.03352,2.242,0.07171,31.2662
2024-06-30,OC-OFFI-318,Office,Newport Beach,256851,1982,0.88,5.0588,2.807,2.71,0.0742,0.322,6.2,0.325,1.91,0.765,,Market / Lease-up Risk,5400.0,0.045,0.1300099959447345,0.0742,68.1779,0.0228,5.1742,0.0727,71.1717
2024-06-30,OC-OFFI-322,Office,Orange,151850,1968,0.903,3.6343,3.512,3.396,0.0691,0.338,3.8,0.48,0.8989,0.473,,Market / Lease-up Risk,1148.15,0.045,0.13220839129847,0.0691,52.5948,0.04185,3.7864,0.07228,52.3842
2024-06-30,OC-OFFI-326,Office,Santa Ana,186596,1965,0.882,2.584,2.412,2.487,0.0716,0.429,5.0,0.283,0.5316,0.328,,Market / Lease-up Risk,2296.3,0.045,0.12858994344628819,0.0716,36.0894,0.01038,2.6108,0.07259,35.9674
2024-06-30,OC-OFFI-330,Office,Costa Mesa,218445,1969,0.859,3.4095,2.748,2.757,0.0667,0.42,4.1,0.366,1.4061,0.33,,Market / Lease-up Risk,3250.0,0.045,0.15082104437093807,0.0667,51.1169,0.01273,3.4529,0.07106,48.5928
2024-06-30,OC-OFFI-334,Office,Fullerton,169119,1956,0.856,3.7327,3.469,3.507,0.0688,0.348,2.2,0.385,0.4604,0.256,,Market / Lease-up Risk,1500.0,0.045,0.1152706377907442,0.0688,54.2544,0.00403,3.7477,0.07197,52.0742
2024-06-30,OC-OFFI-338,Office,Anaheim,112392,1976,0.924,1.8685,2.732,2.656,0.0612,0.44,4.5,0.215,0.569,0.659,,Market / Lease-up Risk,950.98,0.045,0.12964482073805403,0.0612,30.531,0.00757,1.8827,0.07266,25.9106
2024-06-30,OC-OFFI-34,Office,Irvine,104599,1967,0.778,1.6807,2.941,2.945,0.0723,0.384,3.5,0.172,0.3263,0.391,,Market / Lease-up Risk,1393.94,0.045,0.14854967228103522,0.0723,23.2462,0.0179,1.7108,0.0713,23.9954
2024-06-30,OC-OFFI-342,Office,Irvine,128567,1971,0.759,2.0944,3.163,3.215,0.0758,0.423,3.3,0.631,0.8334,0.561,,Market / Lease-up Risk,1393.94,0.045,0.12682436770316394,0.0758,27.6306,0.02542,2.1476,0.0722,29.7477
2024-06-30,OC-OFFI-346,Office,Newport Beach,226100,1978,0.786,4.7202,3.302,3.431,0.07,0.316,3.3,0.241,1.8778,0.554,,Market / Lease-up Risk,5400.0,0.045,0.14817184710172626,0.07,67.4314,0.00788,4.7574,0.07208,65.9972
2024-06-30,OC-OFFI-350,Office,Orange,165646,1987,0.889,3.5246,3.331,3.205,0.0624,0.389,2.1,0.143,1.0682,0.691,,Market / Lease-up Risk,1148.15,0.045,0.13954541177143817,0.0624,56.484,0.01891,3.5913,0.07238,49.619
2024-06-30,OC-OFFI-354,Office,Santa Ana,249010,1984,0.768,5.0566,3.376,3.366,0.0646,0.334,2.9,0.53,2.2738,0.675,,Market / Lease-up Risk,2296.3,0.045,0.12815846813067222,0.0646,78.2755,0.05289,5.3241,0.07194,74.0028
2024-06-30,OC-OFFI-358,Office,Costa Mesa,108743,1969,0.753,2.1613,3.365,3.446,0.0756,0.333,6.2,0.119,0.274,0.562,,Market / Lease-up Risk,3250.0,0.045,0.13961974639355365,0.0756,28.5886,-0.00477,2.151,0.0717,29.9983
2024-06-30,OC-OFFI-362,Office,Fullerton,255039,1961,0.75,4.2457,3.014,2.965,0.0749,0.354,5.1,0.081,1.7517,0.346,,Market / Lease-up Risk,1500.0,0.045,0.14284642325470354,0.0749,56.6849,0.01939,4.328,0.07271,59.5274
2024-06-30,OC-OFFI-366,Office,Anaheim,117602,1971,0.846,1.4676,2.182,2.203,0.0764,0.407,2.8,0.096,0.5003,0.39,,Market / Lease-up Risk,950.98,0.045,0.14466272143293846,0.0764,19.2094,0.01718,1.4928,0.0718,20.7912
2024-06-30,OC-OFFI-370,Office,Irvine,113791,2003,0.892,2.5789,3.397,3.295,0.0695,0.364,2.7,0.358,0.3929,0.941,,Market / Lease-up Risk,1393.94,0.045,0.12119384019797519,0.0695,37.1065,0.01219,2.6103,0.07177,36.3727
2024-06-30,OC-OFFI-374,Office,Newport Beach,150178,1957,0.848,2.273,2.269,2.276,0.0746,0.31,5.6,0.307,0.6075,0.276,,Market / Lease-up Risk,5400.0,0.045,0.1267227304776626,0.0746,30.4692,0.00953,2.2947,0.07237,31.7054
2024-06-30,OC-OFFI-378,Office,Orange,233917,1981,0.904,4.0792,2.804,2.708,0.0757,0.415,4.3,0.079,1.7915,0.701,,Market / Lease-up Risk,1148.15,0.045,0.13851823776399366,0.0757,53.8864,0.03767,4.2329,0.07149,59.206
2024-06-30,OC-OFFI-38,Office,Newport Beach,128890,1990,0.8,2.8557,3.433,3.354,0.0759,0.314,3.3,0.055,1.1327,0.703,,Market / Lease-up Risk,5400.0,0.045,0.13744650261637534,0.0759,37.6245,-0.03473,2.7565,0.07174,38.4241
2024-06-30,OC-OFFI-382,Office,Santa Ana,227888,1975,0.782,2.6139,2.001,2.063,0.0687,0.357,5.2,0.098,1.123,0.44,,Market / Lease-up Risk,2296.3,0.045,0.1421956966668089,0.0687,38.048,-0.00733,2.5947,0.07178,36.1501
2024-06-30,OC-OFFI-386,Office,Costa Mesa,107727,1955,0.755,2.0222,3.684,3.815,0.0645,0.408,4.6,0.059,0.7416,0.201,,Market / Lease-up Risk,3250.0,0.045,0.1284198438128501,0.0645,31.3519,0.02979,2.0824,0.07245,28.7415
2024-06-30,OC-OFFI-390,Office,Fullerton,163939,1970,0.803,2.2506,2.141,2.196,0.0666,0.321,6.6,0.33,1.0147,0.55,,Market / Lease-up Risk,1500.0,0.045,0.12533403252674166,0.0666,33.7928,0.01604,2.2867,0.07192,31.7961
2024-06-30,OC-OFFI-394,Office,Anaheim,187234,1986,0.771,2.8283,2.591,2.678,0.0724,0.357,3.7,0.576,1.1693,0.889,,Market / Lease-up Risk,950.98,0.045,0.13704264987735648,0.0724,39.0649,0.01424,2.8686,0.07116,40.313
2024-06-30,OC-OFFI-398,Office,Irvine,90344,1955,0.8,1.3706,2.898,2.996,0.0768,0.426,3.2,0.003,0.5126,0.265,,Market / Lease-up Risk,1393.94,0.045,0.12128658264859293,0.0768,17.8464,-0.00426,1.3648,0.07274,18.7632
2024-06-30,OC-OFFI-42,Office,Orange,146524,1996,0.859,2.1112,2.191,2.212,0.0663,0.349,2.7,0.287,0.4507,0.817,,Market / Lease-up Risk,1148.15,0.045,0.12907514049298216,0.0663,31.8431,0.00272,2.1169,0.07253,29.1869
2024-06-30,OC-OFFI-46,Office,Santa Ana,253641,1974,0.846,3.9253,2.413,2.47,0.0642,0.335,2.7,0.13,1.2255,0.467,,Market / Lease-up Risk,2296.3,0.045,0.1346258617192866,0.0642,61.1417,0.03759,4.0728,0.07225,56.3714
2024-06-30,OC-OFFI-50,Office,Costa Mesa,137172,1971,0.794,1.8619,2.435,2.378,0.0656,0.403,5.8,0.12,0.5262,0.554,,Market / Lease-up Risk,3250.0,0.045,0.13581744924381545,0.0656,28.3826,0.00554,1.8722,0.07188,26.0482
2024-06-30,OC-OFFI-54,Office,Fullerton,210870,1961,0.844,4.9828,3.671,3.735,0.0631,0.331,3.0,0.422,2.1074,0.34,,Market / Lease-up Risk,1500.0,0.045,0.12146848673983013,0.0631,78.9667,0.00479,5.0067,0.07171,69.8215
2024-06-30,OC-OFFI-58,Office,Anaheim,181778,1961,0.809,2.8653,3.074,3.019,0.0753,0.444,2.1,0.22,0.7246,0.367,,Market / Lease-up Risk,950.98,0.045,0.12252696516731297,0.0753,38.0518,0.02925,2.9491,0.07199,40.964
2024-06-30,OC-OFFI-62,Office,Irvine,170319,1983,0.885,3.2854,2.896,2.862,0.0711,0.36,5.4,0.145,1.5881,0.579,,Market / Lease-up Risk,1393.94,0.045,0.12097851712721358,0.0711,46.2082,0.01366,3.3303,0.07236,46.0246
2024-06-30,OC-OFFI-66,Office,Newport Beach,241731,1961,0.948,3.5925,2.46,2.433,0.0673,0.441,5.1,0.191,0.3678,0.293,,Market / Lease-up Risk,5400.0,0.045,0.1283598688038922,0.0673,53.3804,0.03971,3.7352,0.07187,51.973
2024-06-30,OC-OFFI-70,Office,Orange,170850,1955,0.834,2.8433,3.098,3.158,0.063,0.435,7.0,0.152,0.9134,0.088,,Market / Lease-up Risk,1148.15,0.045,0.13304199274293194,0.063,45.1317,0.01589,2.8885,0.07218,40.0176
2024-06-30,OC-OFFI-74,Office,Santa Ana,248760,1964,0.777,4.3113,3.091,3.15,0.0759,0.367,5.3,0.474,0.8904,0.237,,Market / Lease-up Risk,2296.3,0.045,0.14360998467860409,0.0759,56.8024,0.01117,4.3595,0.07222,60.3652
2024-06-30,OC-OFFI-78,Office,Costa Mesa,116814,1965,0.939,2.1045,3.06,3.033,0.0618,0.45,2.4,0.388,1.1439,0.462,,Market / Lease-up Risk,3250.0,0.045,0.1376166949371948,0.0618,34.0534,0.03986,2.1884,0.07227,30.2788
2024-06-30,OC-OFFI-82,Office,Fullerton,237233,1966,0.815,3.803,2.479,2.491,0.0659,0.304,6.5,0.107,1.8448,0.364,,Market / Lease-up Risk,1500.0,0.045,0.14303740853663424,0.0659,57.7086,0.0082,3.8342,0.07219,53.1092
2024-06-30,OC-OFFI-86,Office,Anaheim,180966,1984,0.782,2.311,2.104,2.184,0.0634,0.34,3.6,0.113,0.4938,0.76,,Market / Lease-up Risk,950.98,0.045,0.11935069385587704,0.0634,36.4511,0.04905,2.4244,0.07204,33.6524
2024-06-30,OC-OFFI-90,Office,Irvine,155116,1976,0.872,2.4673,2.299,2.34,0.0676,0.304,2.7,0.817,0.6992,0.488,,Market / Lease-up Risk,1393.94,0.045,0.13478812272348276,0.0676,36.4985,0.03475,2.553,0.07157,35.6696
2024-06-30,OC-OFFI-94,Office,Newport Beach,124068,1993,0.911,2.7563,3.045,2.989,0.0626,0.319,5.0,0.028,1.3212,0.934,,Market / Lease-up Risk,5400.0,0.045,0.15219847897961655,0.0626,44.0304,0.0276,2.8324,0.07238,39.1328
2024-06-30,OC-OFFI-98,Office,Orange,150728,1984,0.86,2.8735,3.016,3.13,0.0643,0.375,5.8,0.12,1.134,0.843,,Market / Lease-up Risk,1148.15,0.045,0.13258195454456775,0.0643,44.689,0.00599,2.8907,0.07234,39.9578
2024-06-30,OC-RETA-04,Retail,Anaheim,41314,1968,0.964,1.2277,3.902,3.937,0.0606,0.307,4.8,0.133,0.6333,0.437,,Market / Lease-up Risk,950.98,0.045,0.05060115214846518,0.0606,20.2591,0.01632,1.2477,0.06504,19.1837
2024-06-30,OC-RETA-08,Retail,Irvine,88854,1989,0.938,1.4981,2.774,2.738,0.0587,0.449,4.6,0.23,0.3856,0.699,,Market / Lease-up Risk,1393.94,0.045,0.04352913080939309,0.0587,25.5213,0.04159,1.5604,0.06436,24.2455
2024-06-30,OC-RETA-100,Retail,Orange,68013,1982,0.94,2.27,4.725,4.752,0.0623,0.361,5.9,0.036,0.3398,0.552,,Market / Lease-up Risk,1148.15,0.045,0.04553820808838685,0.0623,36.4366,0.04071,2.3624,0.06474,36.4917
2024-06-30,OC-RETA-104,Retail,Santa Ana,112783,1965,0.923,2.4809,3.361,3.315,0.0636,0.378,3.6,0.126,0.7475,0.399,,Market / Lease-up Risk,2296.3,0.045,0.06603668138450261,0.0636,39.0079,0.02453,2.5417,0.06523,38.9662
2024-06-30,OC-RETA-108,Retail,Costa Mesa,66303,1981,0.942,0.8968,1.767,1.767,0.0606,0.309,4.1,0.489,0.2255,0.754,,Market / Lease-up Risk,3250.0,0.045,0.05288472147424017,0.0606,14.7987,0.02476,0.919,0.06486,14.1698
2024-06-30,OC-RETA-112,Retail,Fullerton,105452,1977,0.931,2.3037,3.391,3.292,0.0629,0.393,3.3,0.694,1.1646,0.481,,Market / Lease-up Risk,1500.0,0.045,0.08396932400411344,0.0629,36.6248,0.01792,2.345,0.06373,36.7941
2024-06-30,OC-RETA-116,Retail,Anaheim,131224,1998,0.91,3.3724,3.924,3.905,0.0655,0.388,3.1,0.042,0.3495,0.884,,Market / Lease-up Risk,950.98,0.045,0.05369305669885989,0.0655,51.487,0.04275,3.5166,0.06526,53.8853
2024-06-30,OC-RETA-12,Retail,Newport Beach,40890,1992,0.947,0.7169,2.852,2.846,0.0593,0.448,5.1,0.137,0.2185,0.893,,Market / Lease-up Risk,5400.0,0.045,0.06284499288656564,0.0593,12.0894,0.04247,0.7473,0.06502,11.4941
2024-06-30,OC-RETA-120,Retail,Irvine,85232,1978,0.958,1.9454,3.221,3.195,0.066,0.371,2.3,0.284,0.9083,0.62,,Market / Lease-up Risk,1393.94,0.045,0.06572461284699234,0.066,29.4758,0.0188,1.982,0.06512,30.437
2024-06-30,OC-RETA-124,Retail,Newport Beach,151623,1958,0.917,2.1708,2.45,2.521,0.0603,0.441,2.6,0.005,1.126,0.229,,Market / Lease-up Risk,5400.0,0.045,0.05647875045916296,0.0603,36.0,0.04644,2.2716,0.06485,35.0283
2024-06-30,OC-RETA-128,Retail,Orange,135978,1959,0.939,3.0393,3.098,3.197,0.0632,0.326,2.3,0.242,0.4723,0.104,,Market / Lease-up Risk,1148.15,0.045,0.07214458030563058,0.0632,48.0902,0.03904,3.158,0.06552,48.2013
2024-06-30,OC-RETA-132,Retail,Santa Ana,117573,1961,0.958,2.2711,2.755,2.726,0.0675,0.358,3.5,0.301,1.0299,0.413,,Market / Lease-up Risk,2296.3,0.045,0.07394772088322979,0.0675,33.6459,0.05382,2.3933,0.06405,37.3684
2024-06-30,OC-RETA-136,Retail,Costa Mesa,75693,1981,0.923,1.4843,2.754,2.707,0.0617,0.344,3.7,0.28,0.2996,0.685,,Market / Lease-up Risk,3250.0,0.045,0.045659884900063855,0.0617,24.0567,0.01656,1.5089,0.06453,23.3812
2024-06-30,OC-RETA-140,Retail,Fullerton,106264,1984,0.919,1.7938,2.267,2.264,0.0633,0.311,2.4,0.105,0.9328,0.755,,Market / Lease-up Risk,1500.0,0.045,0.07853289534823654,0.0633,28.3381,0.02024,1.8301,0.06522,28.0624
2024-06-30,OC-RETA-144,Retail,Anaheim,105511,1991,0.925,2.1501,3.159,3.247,0.0611,0.407,5.1,0.063,0.518,0.962,,Market / Lease-up Risk,950.98,0.045,0.07854920282396377,0.0611,35.1899,0.06399,2.2877,0.06526,35.056
2024-06-30,OC-RETA-148,Retail,Irvine,141489,1999,0.905,2.9667,3.251,3.251,0.0605,0.394,4.2,0.139,0.5071,0.878,,Market / Lease-up Risk,1393.94,0.045,0.07135428421433034,0.0605,49.0364,0.01835,3.0211,0.06556,46.0821
2024-06-30,OC-RETA-152,Retail,Newport Beach,153121,1976,0.948,2.436,2.495,2.49,0.0635,0.41,5.6,0.497,1.1656,0.447,,Market / Lease-up Risk,5400.0,0.045,0.07563856609399967,0.0635,38.3622,0.05971,2.5815,0.06422,40.1965
2024-06-30,OC-RETA-156,Retail,Orange,58112,1979,0.895,0.8323,2.4,2.339,0.0626,0.433,2.4,0.388,0.4467,0.553,,Market / Lease-up Risk,1148.15,0.045,0.06846980040377652,0.0626,13.2955,0.02271,0.8512,0.06516,13.064
2024-06-30,OC-RETA-16,Retail,Orange,65076,1955,0.894,0.8466,1.982,1.923,0.0686,0.356,5.5,0.616,0.1878,0.15,,Market / Lease-up Risk,1148.15,0.045,0.06698979619944344,0.0686,12.3411,0.05795,0.8957,0.06546,13.6827
2024-06-30,OC-RETA-160,Retail,Santa Ana,63345,1966,0.931,1.2915,3.144,3.029,0.0607,0.389,2.8,0.42,0.1186,0.285,,Market / Lease-up Risk,2296.3,0.045,0.03729614625154255,0.0607,21.2768,0.02726,1.3267,0.06471,20.5024
2024-06-30,OC-RETA-164,Retail,Costa Mesa,56771,1955,0.968,1.1627,2.96,2.934,0.0686,0.373,2.7,0.292,0.1288,0.142,,Market / Lease-up Risk,3250.0,0.045,0.06737084541892388,0.0686,16.949,0.01382,1.1788,0.06436,18.3164
2024-06-30,OC-RETA-168,Retail,Fullerton,156080,1962,0.951,2.6875,2.767,2.864,0.0604,0.426,2.1,0.382,1.516,0.356,,Market / Lease-up Risk,1500.0,0.045,0.053434280968175096,0.0604,44.495,0.02745,2.7613,0.06479,42.6192
2024-06-30,OC-RETA-172,Retail,Anaheim,53379,1955,0.899,1.2097,3.466,3.377,0.0606,0.362,3.5,0.0,0.4818,0.231,,Market / Lease-up Risk,950.98,0.045,0.07235283878815987,0.0606,19.962,0.02312,1.2377,0.06431,19.2463
2024-06-30,OC-RETA-176,Retail,Irvine,107529,1955,0.916,2.1511,3.286,3.167,0.0642,0.417,2.9,0.733,0.6106,0.145,,Market / Lease-up Risk,1393.94,0.045,0.07623111253517362,0.0642,33.5062,0.06658,2.2943,0.06518,35.1982
2024-06-30,OC-RETA-180,Retail,Newport Beach,37410,1956,0.903,0.781,3.101,3.074,0.0613,0.346,5.1,0.097,0.2728,0.179,,Market / Lease-up Risk,5400.0,0.045,0.0666169177806109,0.0613,12.7406,0.02188,0.7981,0.06479,12.3185
2024-06-30,OC-RETA-184,Retail,Orange,126758,1959,0.918,2.1642,2.929,3.021,0.065,0.443,3.5,0.224,0.5191,0.373,,Market / Lease-up Risk,1148.15,0.045,0.07165264125183997,0.065,33.2954,0.00869,2.183,0.0644,33.8961
2024-06-30,OC-RETA-188,Retail,Santa Ana,63482,1977,0.958,1.6275,3.668,3.767,0.0623,0.36,2.6,0.028,0.4856,0.466,,Market / Lease-up Risk,2296.3,0.045,0.06286062392615657,0.0623,26.1236,0.0362,1.6864,0.06454,26.1292
2024-06-30,OC-RETA-192,Retail,Costa Mesa,30375,1956,0.924,0.6585,3.524,3.406,0.0623,0.416,3.7,0.089,0.2016,0.298,,Market / Lease-up Risk,3250.0,0.045,0.07363281260255747,0.0623,10.5698,0.02557,0.6753,0.06507,10.3791
2024-06-30,OC-RETA-196,Retail,Fullerton,138985,1962,0.907,1.5881,1.848,1.864,0.0631,0.402,4.0,0.099,0.6108,0.387,,Market / Lease-up Risk,1500.0,0.045,0.06672753170217811,0.0631,25.168,0.014,1.6103,0.06523,24.6859
2024-06-30,OC-RETA-20,Retail,Santa Ana,41549,1964,0.963,0.9133,3.09,3.092,0.0607,0.352,3.8,0.518,0.3417,0.406,,Market / Lease-up Risk,2296.3,0.045,0.05124665480103671,0.0607,15.0461,-0.00086,0.9125,0.0646,14.1246
2024-06-30,OC-RETA-200,Retail,Anaheim,44737,1959,0.925,0.9213,3.373,3.265,0.0606,0.421,4.2,0.189,0.3775,0.192,,Market / Lease-up Risk,950.98,0.045,0.06436386697825654,0.0606,15.203,0.03962,0.9578,0.06572,14.5737
2024-06-30,OC-RETA-204,Retail,Irvine,142303,1976,0.901,3.3634,3.48,3.414,0.0658,0.359,5.8,0.092,1.7757,0.612,,Market / Lease-up Risk,1393.94,0.045,0.08115686693694846,0.0658,51.1155,0.02095,3.4339,0.06495,52.8733
2024-06-30,OC-RETA-208,Retail,Newport Beach,92678,1966,0.933,1.4745,2.493,2.527,0.0658,0.4,2.2,0.009,0.1397,0.303,,Market / Lease-up Risk,5400.0,0.045,0.05449365538151666,0.0658,22.4088,0.03122,1.5205,0.06468,23.5093
2024-06-30,OC-RETA-212,Retail,Orange,61300,1981,0.892,1.5793,3.539,3.56,0.0605,0.306,4.0,0.327,0.3259,0.517,,Market / Lease-up Risk,1148.15,0.045,0.06341039414263112,0.0605,26.1041,0.06719,1.6854,0.06405,26.3126
2024-06-30,OC-RETA-216,Retail,Santa Ana,116861,1969,0.957,2.0518,2.816,2.741,0.0666,0.446,5.3,0.335,0.483,0.523,,Market / Lease-up Risk,2296.3,0.045,0.06719231001787049,0.0666,30.8078,0.0598,2.1745,0.06541,33.2419
2024-06-30,OC-RETA-220,Retail,Costa Mesa,31173,1965,0.935,0.5296,2.748,2.801,0.0678,0.42,4.4,0.043,0.1759,0.456,,Market / Lease-up Risk,3250.0,0.045,0.06007609542458633,0.0678,7.8112,0.00498,0.5322,0.06494,8.1957
2024-06-30,OC-RETA-224,Retail,Fullerton,74126,1977,0.906,1.5386,3.111,3.003,0.0642,0.354,3.5,0.206,0.2034,0.466,,Market / Lease-up Risk,1500.0,0.045,0.05939406238431687,0.0642,23.9657,0.04871,1.6135,0.06519,24.7514
2024-06-30,OC-RETA-228,Retail,Anaheim,112568,1979,0.938,2.4681,3.145,3.106,0.0665,0.368,2.5,0.007,1.2845,0.605,,Market / Lease-up Risk,950.98,0.045,0.07060309634328078,0.0665,37.1143,0.05033,2.5923,0.06458,40.1433
2024-06-30,OC-RETA-232,Retail,Irvine,37757,1964,0.929,0.5778,2.342,2.268,0.065,0.383,2.0,0.27,0.2724,0.304,,Market / Lease-up Risk,1393.94,0.045,0.062138327700010425,0.065,8.8892,0.00246,0.5792,0.06482,8.9355
2024-06-30,OC-RETA-236,Retail,Newport Beach,119026,1984,0.955,2.004,2.706,2.754,0.0628,0.446,5.5,0.038,0.2714,0.809,,Market / Lease-up Risk,5400.0,0.045,0.059231301716661036,0.0628,31.9108,0.03219,2.0685,0.0644,32.1221
2024-06-30,OC-RETA-24,Retail,Costa Mesa,112092,1996,0.88,2.205,3.2,3.08,0.0586,0.406,3.8,0.297,0.2994,0.805,,Market / Lease-up Risk,3250.0,0.045,0.06477927128844055,0.0586,37.628,0.04654,2.3076,0.0656,35.176
2024-06-30,OC-RETA-240,Retail,Orange,109245,1955,0.886,2.1571,3.069,3.019,0.067,0.363,5.4,0.099,0.9724,0.223,,Market / Lease-up Risk,1148.15,0.045,0.047549333657649094,0.067,32.1955,0.03308,2.2285,0.06508,34.2401
2024-06-30,OC-RETA-244,Retail,Santa Ana,147991,1979,0.939,3.3358,3.266,3.153,0.0629,0.375,4.8,0.522,1.6383,0.708,,Market / Lease-up Risk,2296.3,0.045,0.06628388197219781,0.0629,53.0334,0.0192,3.3999,0.06478,52.4853
2024-06-30,OC-RETA-248,Retail,Costa Mesa,76071,1992,0.937,1.769,3.277,3.376,0.0682,0.356,3.3,0.211,0.7739,0.748,,Market / Lease-up Risk,3250.0,0.045,0.08089248582535458,0.0682,25.9384,0.00568,1.779,0.06477,27.4689
2024-06-30,OC-RETA-252,Retail,Fullerton,53158,1978,0.909,0.8302,2.623,2.61,0.0652,0.443,3.4,0.207,0.0678,0.669,,Market / Lease-up Risk,1500.0,0.045,0.0682518957648293,0.0652,12.7331,0.03469,0.859,0.0641,13.4006
2024-06-30,OC-RETA-256,Retail,Anaheim,80216,1967,0.881,1.454,3.2,3.321,0.0599,0.436,3.0,0.137,0.6917,0.249,,Market / Lease-up Risk,950.98,0.045,0.06395522908034798,0.0599,24.2738,0.02458,1.4897,0.06425,23.1877
2024-06-30,OC-RETA-260,Retail,Irvine,99874,1981,0.938,2.239,3.553,3.445,0.068,0.428,6.0,0.271,0.8166,0.649,,Market / Lease-up Risk,1393.94,0.045,0.07376088748329772,0.068,32.9265,0.01435,2.2711,0.06555,34.6472
2024-06-30,OC-RETA-264,Retail,Newport Beach,119386,1976,0.886,2.9208,3.894,3.899,0.0673,0.397,5.0,0.276,0.5522,0.559,,Market / Lease-up Risk,5400.0,0.045,0.07186228845603032,0.0673,43.3997,0.03453,3.0217,0.06518,46.3608
2024-06-30,OC-RETA-268,Retail,Orange,62223,1980,0.962,1.3836,2.978,2.991,0.0628,0.34,5.7,0.448,0.1164,0.715,,Market / Lease-up Risk,1148.15,0.045,0.06758287669145772,0.0628,22.0318,0.0426,1.4425,0.06562,21.9823
2024-06-30,OC-RETA-272,Retail,Santa Ana,123917,1960,0.935,1.4986,1.784,1.81,0.0679,0.364,3.3,0.145,0.4414,0.286,,Market / Lease-up Risk,2296.3,0.045,0.07557954296491952,0.0679,22.0707,0.02931,1.5425,0.06584,23.4284
2024-06-30,OC-RETA-276,Retail,Costa Mesa,113201,1957,0.931,1.8278,2.523,2.474,0.0669,0.397,4.9,0.04,0.8281,0.251,,Market / Lease-up Risk,3250.0,0.045,0.04354230664274377,0.0669,27.3214,0.00635,1.8394,0.06426,28.6262
2024-06-30,OC-RETA-28,Retail,Fullerton,35481,1955,0.931,0.524,2.319,2.327,0.0627,0.4,2.4,0.773,0.1028,0.093,,Market / Lease-up Risk,1500.0,0.045,0.04082034791669007,0.0627,8.3573,0.01475,0.5317,0.06555,8.1118
2024-06-30,OC-RETA-280,Retail,Fullerton,157734,1979,0.889,1.9742,2.036,2.092,0.0611,0.412,2.9,0.076,0.9053,0.569,,Market / Lease-up Risk,1500.0,0.045,0.0571011658893164,0.0611,32.311,0.02757,2.0286,0.06461,31.3956
2024-06-30,OC-RETA-284,Retail,Anaheim,74842,1976,0.964,1.4073,2.945,2.853,0.0647,0.419,3.8,0.186,0.4453,0.426,,Market / Lease-up Risk,950.98,0.045,0.0663702108233831,0.0647,21.7512,0.04584,1.4718,0.06532,22.5318
2024-06-30,OC-RETA-288,Retail,Irvine,152344,1977,0.882,1.5061,1.604,1.656,0.0674,0.387,4.3,0.168,0.7353,0.453,,Market / Lease-up Risk,1393.94,0.045,0.07455337462448568,0.0674,22.3457,0.02797,1.5482,0.06606,23.4373
2024-06-30,OC-RETA-292,Retail,Newport Beach,48042,1994,0.918,1.0205,3.335,3.367,0.0592,0.41,4.7,0.075,0.2975,0.913,,Market / Lease-up Risk,5400.0,0.045,0.06476986325842297,0.0592,17.2382,0.02229,1.0432,0.06603,15.7988
2024-06-30,OC-RETA-296,Retail,Orange,101404,1955,0.896,1.5379,2.32,2.268,0.0667,0.36,3.7,0.206,0.3649,0.197,,Market / Lease-up Risk,1148.15,0.045,0.08353303626387987,0.0667,23.057,0.03454,1.591,0.06556,24.2665
2024-06-30,OC-RETA-300,Retail,Santa Ana,116447,1982,0.9,2.05,2.636,2.621,0.0663,0.369,2.7,0.11,0.1973,0.541,,Market / Lease-up Risk,2296.3,0.045,0.0682929704915898,0.0663,30.9201,0.04223,2.1366,0.06455,33.0986
2024-06-30,OC-RETA-304,Retail,Costa Mesa,119308,1956,0.896,2.2383,2.705,2.749,0.06,0.321,4.6,0.34,0.9439,0.136,,Market / Lease-up Risk,3250.0,0.045,0.07363544748113872,0.06,37.305,0.02451,2.2932,0.06496,35.303
2024-06-30,OC-RETA-308,Retail,Fullerton,78895,1966,0.905,1.125,2.296,2.231,0.0612,0.398,2.0,0.49,0.2522,0.421,,Market / Lease-up Risk,1500.0,0.045,0.060016173101615104,0.0612,18.3824,0.01203,1.1385,0.06546,17.3924
2024-06-30,OC-RETA-312,Retail,Anaheim,108185,1981,0.899,2.2622,2.952,2.988,0.0653,0.33,5.1,0.083,0.3838,0.559,,Market / Lease-up Risk,950.98,0.045,0.07947952044196728,0.0653,34.6432,0.04421,2.3622,0.06427,36.7539
2024-06-30,OC-RETA-316,Retail,Irvine,148581,1992,0.959,2.6755,2.826,2.739,0.0583,0.435,2.6,0.289,1.3796,0.883,,Market / Lease-up Risk,1393.94,0.045,0.06577641074967032,0.0583,45.8919,0.03743,2.7756,0.06444,43.0716
2024-06-30,OC-RETA-32,Retail,Anaheim,130622,1960,0.918,2.3345,2.851,2.871,0.0612,0.401,5.9,0.27,0.2249,0.316,,Market / Lease-up Risk,950.98,0.045,0.07916797738749436,0.0612,38.1454,0.041,2.4302,0.0657,36.9878
2024-06-30,OC-RETA-320,Retail,Newport Beach,100431,1977,0.914,1.6542,2.508,2.503,0.0625,0.389,4.7,0.391,0.1445,0.536,,Market / Lease-up Risk,5400.0,0.045,0.059356592079945154,0.0625,26.4672,0.01925,1.686,0.06463,26.0856
2024-06-30,OC-RETA-324,Retail,Orange,118509,1968,0.969,2.7034,3.402,3.375,0.0674,0.393,5.9,0.154,1.0111,0.464,,Market / Lease-up Risk,1148.15,0.045,0.07097852118581995,0.0674,40.1098,0.03278,2.792,0.06547,42.6486
2024-06-30,OC-RETA-328,Retail,Santa Ana,86911,1991,0.905,2.457,4.074,4.077,0.0636,0.348,3.7,0.292,1.2189,0.807,,Market / Lease-up Risk,2296.3,0.045,0.0860644977549751,0.0636,38.6321,0.03034,2.5316,0.06485,39.0368
2024-06-30,OC-RETA-332,Retail,Costa Mesa,128119,1955,0.943,3.3005,3.922,3.776,0.0625,0.389,5.8,0.32,0.6243,0.174,,Market / Lease-up Risk,3250.0,0.045,0.07416962000267041,0.0625,52.808,0.0346,3.4147,0.0652,52.3709
2024-06-30,OC-RETA-336,Retail,Fullerton,85882,1992,0.967,1.6861,2.706,2.654,0.0622,0.362,4.3,0.278,0.9475,0.907,,Market / Lease-up Risk,1500.0,0.045,0.07446817033101143,0.0622,27.1077,0.01686,1.7145,0.06508,26.3469
2024-06-30,OC-RETA-340,Retail,Anaheim,150016,1955,0.95,2.3417,2.597,2.515,0.0613,0.445,4.5,0.103,1.0129,0.195,,Market / Lease-up Risk,950.98,0.045,0.053649325163907365,0.0613,38.2007,0.01513,2.3771,0.06464,36.7768
2024-06-30,OC-RETA-344,Retail,Irvine,94317,1979,0.962,2.2152,3.378,3.506,0.0605,0.366,5.8,0.774,0.7463,0.5,,Market / Lease-up Risk,1393.94,0.045,0.07650515689420305,0.0605,36.6149,0.03231,2.2868,0.06511,35.1242
2024-06-30,OC-RETA-348,Retail,Newport Beach,92124,1972,0.916,1.6973,3.016,3.035,0.0654,0.415,3.0,0.346,0.6084,0.468,,Market / Lease-up Risk,5400.0,0.045,0.06523889987946381,0.0654,25.9526,0.01564,1.7238,0.06512,26.4713
2024-06-30,OC-RETA-352,Retail,Orange,32641,1987,0.905,0.8042,3.971,3.821,0.0601,0.417,2.3,0.329,0.164,0.711,,Market / Lease-up Risk,1148.15,0.045,0.0663684279606658,0.0601,13.381,0.02745,0.8263,0.06405,12.9011
2024-06-30,OC-RETA-356,Retail,Santa Ana,34633,1955,0.896,0.8284,3.789,3.804,0.0642,0.382,4.9,0.048,0.2441,0.177,,Market / Lease-up Risk,2296.3,0.045,0.06568967102591598,0.0642,12.9034,0.0165,0.8421,0.0656,12.8359
2024-06-30,OC-RETA-36,Retail,Irvine,134887,1966,0.93,3.9005,4.561,4.546,0.0607,0.402,5.8,0.258,1.2832,0.466,,Market / Lease-up Risk,1393.94,0.045,0.06343368028100838,0.0607,64.2586,0.05958,4.1329,0.06423,64.3422
2024-06-30,OC-RETA-360,Retail,Costa Mesa,89009,1955,0.936,2.1928,3.7,3.835,0.0678,0.376,5.5,0.066,0.7794,0.264,,Market / Lease-up Risk,3250.0,0.045,0.08093711263560464,0.0678,32.3422,0.0393,2.279,0.06535,34.8708
2024-06-30,OC-RETA-364,Retail,Fullerton,112626,1964,0.917,2.0127,2.973,3.006,0.0652,0.425,3.2,0.065,0.7197,0.247,,Market / Lease-up Risk,1500.0,0.045,0.07507928342959208,0.0652,30.8696,0.0222,2.0574,0.0641,32.0984
2024-06-30,OC-RETA-368,Retail,Anaheim,76628,1973,0.952,1.81,3.168,3.139,0.0629,0.313,5.4,0.736,0.564,0.371,,Market / Lease-up Risk,950.98,0.045,0.06841759857362405,0.0629,28.7758,0.05006,1.9006,0.06522,29.1421
2024-06-30,OC-RETA-372,Retail,Irvine,125328,1956,0.97,2.009,2.251,2.301,0.0692,0.356,3.1,0.062,0.7851,0.077,,Market / Lease-up Risk,1393.94,0.045,0.07624688884438692,0.0692,29.0318,0.01028,2.0297,0.0652,31.128
2024-06-30,OC-RETA-376,Retail,Newport Beach,143778,1965,0.904,3.5921,3.747,3.889,0.065,0.353,5.4,0.233,0.6429,0.467,,Market / Lease-up Risk,5400.0,0.045,0.06545319012008122,0.065,55.2631,0.0473,3.762,0.06418,58.6124
2024-06-30,OC-RETA-380,Retail,Orange,144006,1972,0.907,2.0473,2.135,2.104,0.0633,0.356,5.5,0.116,0.9475,0.44,,Market / Lease-up Risk,1148.15,0.045,0.05910512513742695,0.0633,32.3428,0.05126,2.1523,0.06542,32.9015
2024-06-30,OC-RETA-384,Retail,Santa Ana,52096,1976,0.933,1.4067,3.792,3.664,0.0686,0.351,5.5,0.361,0.5832,0.642,,Market / Lease-up Risk,2296.3,0.045,0.07656414360775624,0.0686,20.5058,0.03867,1.4611,0.06498,22.4855
2024-06-30,OC-RETA-388,Retail,Costa Mesa,32245,1958,0.941,0.688,3.208,3.233,0.0619,0.38,4.1,0.294,0.3083,0.113,,Market / Lease-up Risk,3250.0,0.045,0.08058960727872913,0.0619,11.1147,0.0347,0.7119,0.06515,10.9275
2024-06-30,OC-RETA-392,Retail,Fullerton,110069,1955,0.958,2.1792,3.186,3.16,0.069,0.431,5.0,0.105,0.8248,0.102,,Market / Lease-up Risk,1500.0,0.045,0.06008574599704111,0.069,31.5826,0.02791,2.24,0.0647,34.6218
2024-06-30,OC-RETA-396,Retail,Anaheim,152260,1964,0.941,1.9513,2.107,2.157,0.061,0.433,3.0,0.117,1.0212,0.223,,Market / Lease-up Risk,950.98,0.045,0.07111546162258571,0.061,31.9885,0.01697,1.9844,0.06469,30.6736
2024-06-30,OC-RETA-40,Retail,Newport Beach,74706,1955,0.89,1.4612,2.912,3.005,0.0664,0.338,2.1,0.039,0.6169,0.023,,Market / Lease-up Risk,5400.0,0.045,0.0851077277928684,0.0664,22.006,0.05549,1.5423,0.06496,23.7417
2024-06-30,OC-RETA-400,Retail,Irvine,33727,1966,0.919,0.5884,2.467,2.423,0.0612,0.325,3.8,0.045,0.1096,0.238,,Market / Lease-up Risk,1393.94,0.045,0.06468358924412462,0.0612,9.6144,0.01543,0.5975,0.06544,9.1305
2024-06-30,OC-RETA-44,Retail,Orange,34154,1986,0.935,0.3912,1.548,1.59,0.0686,0.327,2.2,0.805,0.1034,0.65,,Market / Lease-up Risk,1148.15,0.045,0.06132256722030581,0.0686,5.7026,0.00762,0.3942,0.06529,6.037
2024-06-30,OC-RETA-48,Retail,Santa Ana,71583,1969,0.889,1.4315,3.253,3.237,0.0619,0.412,5.7,0.224,0.3673,0.515,,Market / Lease-up Risk,2296.3,0.045,0.06460975953122328,0.0619,23.126,0.0447,1.4955,0.06513,22.9613
2024-06-30,OC-RETA-52,Retail,Costa Mesa,49712,1976,0.936,0.9491,3.043,2.941,0.0678,0.43,3.3,0.08,0.3825,0.627,,Market / Lease-up Risk,3250.0,0.045,0.05256791548880821,0.0678,13.9985,0.00742,0.9561,0.06501,14.7074
2024-06-30,OC-RETA-56,Retail,Fullerton,40873,1963,0.882,1.0101,4.397,4.386,0.068,0.441,4.7,0.29,0.3419,0.3,,Market / Lease-up Risk,1500.0,0.045,0.05397102109800921,0.068,14.8544,0.01964,1.0299,0.06537,15.7552
2024-06-30,OC-RETA-60,Retail,Anaheim,115838,1970,0.97,2.6453,3.623,3.686,0.0611,0.43,3.5,0.419,1.4585,0.434,,Market / Lease-up Risk,950.98,0.045,0.06480458636933499,0.0611,43.2946,0.02621,2.7146,0.06462,42.0113
2024-06-30,OC-RETA-64,Retail,Irvine,102383,1965,0.886,2.0394,3.212,3.21,0.0614,0.386,4.3,0.26,0.3146,0.426,,Market / Lease-up Risk,1393.94,0.045,0.05812357869545991,0.0614,33.215,0.05458,2.1507,0.06514,33.015
2024-06-30,OC-RETA-68,Retail,Newport Beach,77241,1981,0.945,1.8182,3.219,3.19,0.0641,0.342,2.5,0.052,0.7829,0.573,,Market / Lease-up Risk,5400.0,0.045,0.05454853804687261,0.0641,28.3651,0.05727,1.9223,0.06519,29.4902
2024-06-30,OC-RETA-72,Retail,Orange,51726,1961,0.91,1.1714,3.263,3.192,0.0628,0.331,4.9,0.36,0.298,0.135,,Market / Lease-up Risk,1148.15,0.045,0.06160382628526236,0.0628,18.6529,0.01956,1.1943,0.06515,18.3319
2024-06-30,OC-RETA-76,Retail,Santa Ana,38989,1971,0.899,0.7137,2.98,2.927,0.066,0.419,4.1,0.008,0.1059,0.527,,Market / Lease-up Risk,2296.3,0.045,0.09068854357319078,0.066,10.8136,0.0271,0.733,0.06495,11.2866
2024-06-30,OC-RETA-80,Retail,Costa Mesa,107380,1977,0.899,1.6887,2.38,2.423,0.065,0.375,3.2,0.156,0.1388,0.575,,Market / Lease-up Risk,3250.0,0.045,0.0484611263024483,0.065,25.98,0.00991,1.7054,0.0643,26.5246
2024-06-30,OC-RETA-84,Retail,Fullerton,84991,1977,0.953,1.8498,3.448,3.56,0.0609,0.419,3.9,0.368,0.317,0.459,,Market / Lease-up Risk,1500.0,0.045,0.051601155745096085,0.0609,30.3744,0.00386,1.8569,0.06522,28.4717
2024-06-30,OC-RETA-88,Retail,Anaheim,127176,1993,0.969,2.2538,2.4,2.305,0.0605,0.352,5.8,0.291,1.1643,0.775,,Market / Lease-up Risk,950.98,0.045,0.08039845597229199,0.0605,37.2529,0.03046,2.3225,0.06504,35.7053
2024-06-30,OC-RETA-92,Retail,Irvine,60612,1976,0.912,1.2614,3.463,3.515,0.0639,0.422,3.9,0.226,0.1929,0.492,,Market / Lease-up Risk,1393.94,0.045,0.0745358603304079,0.0639,19.7402,0.03092,1.3004,0.06469,20.1016
2024-06-30,OC-RETA-96,Retail,Newport Beach,86933,2000,0.907,1.7421,2.838,2.946,0.063,0.338,2.6,0.13,0.7425,0.9,,Market / Lease-up Risk,5400.0,0.045,0.07744123300612596,0.063,27.6524,0.03454,1.8023,0.06525,27.6228
